  0
SECTION
  2
HEADER
  9
$ACADVER
  1
AC1018
  9
$ACADMAINTVER
 70
     0
  9
$DWGCODEPAGE
  3
ANSI_1252
  9
$LASTSAVEDBY
  1
User
  9
$INSBASE
 10
0.0
 20
0.0
 30
0.0
  9
$EXTMIN
 10
-0.5
 20
-0.5
 30
-0.5
  9
$EXTMAX
 10
5.0
 20
5.0
 30
5.0
  9
$LIMMIN
 10
-0.5
 20
-0.5
  9
$LIMMAX
 10
5.0
 20
5.0
  9
$ORTHOMODE
 70
     0
  9
$REGENMODE
 70
     1
  9
$FILLMODE
 70
     1
  9
$QTEXTMODE
 70
     0
  9
$MIRRTEXT
 70
     1
  9
$LTSCALE
 40
1.0
  9
$ATTMODE
 70
     1
  9
$TEXTSIZE
 40
0.2
  9
$TRACEWID
 40
0.05
  9
$TEXTSTYLE
  7
Standard
  9
$CLAYER
  8
0
  9
$CELTYPE
  6
ByLayer
  9
$CECOLOR
 62
   256
  9
$CELTSCALE
 40
1.0
  9
$DISPSILH
 70
     0
  9
$DIMSCALE
 40
1.0
  9
$DIMASZ
 40
0.18
  9
$DIMEXO
 40
0.0625
  9
$DIMDLI
 40
0.38
  9
$DIMRND
 40
0.0
  9
$DIMDLE
 40
0.0
  9
$DIMEXE
 40
0.18
  9
$DIMTP
 40
0.0
  9
$DIMTM
 40
0.0
  9
$DIMTXT
 40
0.18
  9
$DIMCEN
 40
0.09
  9
$DIMTSZ
 40
0.0
  9
$DIMTOL
 70
     0
  9
$DIMLIM
 70
     0
  9
$DIMTIH
 70
     1
  9
$DIMTOH
 70
     1
  9
$DIMSE1
 70
     0
  9
$DIMSE2
 70
     0
  9
$DIMTAD
 70
     0
  9
$DIMZIN
 70
     0
  9
$DIMBLK
  1

  9
$DIMASO
 70
     1
  9
$DIMSHO
 70
     1
  9
$DIMPOST
  1

  9
$DIMAPOST
  1

  9
$DIMALT
 70
     0
  9
$DIMALTD
 70
     2
  9
$DIMALTF
 40
25.4
  9
$DIMLFAC
 40
1.0
  9
$DIMTOFL
 70
     0
  9
$DIMTVP
 40
0.0
  9
$DIMTIX
 70
     0
  9
$DIMSOXD
 70
     0
  9
$DIMSAH
 70
     0
  9
$DIMBLK1
  1

  9
$DIMBLK2
  1

  9
$DIMSTYLE
  2
Standard
  9
$DIMCLRD
 70
     0
  9
$DIMCLRE
 70
     0
  9
$DIMCLRT
 70
     0
  9
$DIMTFAC
 40
1.0
  9
$DIMGAP
 40
0.09
  9
$DIMJUST
 70
     0
  9
$DIMSD1
 70
     0
  9
$DIMSD2
 70
     0
  9
$DIMTOLJ
 70
     1
  9
$DIMTZIN
 70
     0
  9
$DIMALTZ
 70
     0
  9
$DIMALTTZ
 70
     0
  9
$DIMUPT
 70
     0
  9
$DIMDEC
 70
     4
  9
$DIMTDEC
 70
     4
  9
$DIMALTU
 70
     2
  9
$DIMALTTD
 70
     2
  9
$DIMTXSTY
  7
Standard
  9
$DIMAUNIT
 70
     0
  9
$DIMADEC
 70
     0
  9
$DIMALTRND
 40
0.0
  9
$DIMAZIN
 70
     0
  9
$DIMDSEP
 70
    46
  9
$DIMATFIT
 70
     3
  9
$DIMFRAC
 70
     0
  9
$DIMLDRBLK
  1

  9
$DIMLUNIT
 70
     2
  9
$DIMLWD
 70
    -2
  9
$DIMLWE
 70
    -2
  9
$DIMTMOVE
 70
     0
  9
$LUNITS
 70
     2
  9
$LUPREC
 70
     4
  9
$SKETCHINC
 40
0.1
  9
$FILLETRAD
 40
0.5
  9
$AUNITS
 70
     0
  9
$AUPREC
 70
     0
  9
$MENU
  1
.
  9
$ELEVATION
 40
0.0
  9
$PELEVATION
 40
0.0
  9
$THICKNESS
 40
0.0
  9
$LIMCHECK
 70
     0
  9
$CHAMFERA
 40
0.0
  9
$CHAMFERB
 40
0.0
  9
$CHAMFERC
 40
0.0
  9
$CHAMFERD
 40
0.0
  9
$SKPOLY
 70
     0
  9
$TDCREATE
 40
2459058.893267986
  9
$TDUCREATE
 40
2459058.809934653
  9
$TDUPDATE
 40
2459058.893268137
  9
$TDUUPDATE
 40
2459058.809934803
  9
$TDINDWG
 40
0.0000000116
  9
$TDUSRTIMER
 40
0.0000000116
  9
$USRTIMER
 70
     1
  9
$ANGBASE
 50
0.0
  9
$ANGDIR
 70
     0
  9
$PDMODE
 70
     0
  9
$PDSIZE
 40
0.0
  9
$PLINEWID
 40
0.0
  9
$SPLFRAME
 70
     0
  9
$SPLINETYPE
 70
     6
  9
$SPLINESEGS
 70
     8
  9
$HANDSEED
  5
16C
  9
$SURFTAB1
 70
     6
  9
$SURFTAB2
 70
     6
  9
$SURFTYPE
 70
     6
  9
$SURFU
 70
     6
  9
$SURFV
 70
     6
  9
$UCSBASE
  2

  9
$UCSNAME
  2

  9
$UCSORG
 10
0.0
 20
0.0
 30
0.0
  9
$UCSXDIR
 10
1.0
 20
0.0
 30
0.0
  9
$UCSYDIR
 10
0.0
 20
1.0
 30
0.0
  9
$UCSORTHOREF
  2

  9
$UCSORTHOVIEW
 70
     0
  9
$UCSORGTOP
 10
0.0
 20
0.0
 30
0.0
  9
$UCSORGBOTTOM
 10
0.0
 20
0.0
 30
0.0
  9
$UCSORGLEFT
 10
0.0
 20
0.0
 30
0.0
  9
$UCSORGRIGHT
 10
0.0
 20
0.0
 30
0.0
  9
$UCSORGFRONT
 10
0.0
 20
0.0
 30
0.0
  9
$UCSORGBACK
 10
0.0
 20
0.0
 30
0.0
  9
$PUCSBASE
  2

  9
$PUCSNAME
  2

  9
$PUCSORG
 10
0.0
 20
0.0
 30
0.0
  9
$PUCSXDIR
 10
1.0
 20
0.0
 30
0.0
  9
$PUCSYDIR
 10
0.0
 20
1.0
 30
0.0
  9
$PUCSORTHOREF
  2

  9
$PUCSORTHOVIEW
 70
     0
  9
$PUCSORGTOP
 10
0.0
 20
0.0
 30
0.0
  9
$PUCSORGBOTTOM
 10
0.0
 20
0.0
 30
0.0
  9
$PUCSORGLEFT
 10
0.0
 20
0.0
 30
0.0
  9
$PUCSORGRIGHT
 10
0.0
 20
0.0
 30
0.0
  9
$PUCSORGFRONT
 10
0.0
 20
0.0
 30
0.0
  9
$PUCSORGBACK
 10
0.0
 20
0.0
 30
0.0
  9
$USERI1
 70
     0
  9
$USERI2
 70
     0
  9
$USERI3
 70
     0
  9
$USERI4
 70
     0
  9
$USERI5
 70
     0
  9
$USERR1
 40
0.0
  9
$USERR2
 40
0.0
  9
$USERR3
 40
0.0
  9
$USERR4
 40
0.0
  9
$USERR5
 40
0.0
  9
$WORLDVIEW
 70
     1
  9
$SHADEDGE
 70
     3
  9
$SHADEDIF
 70
    70
  9
$TILEMODE
 70
     1
  9
$MAXACTVP
 70
    64
  9
$PINSBASE
 10
0.0
 20
0.0
 30
0.0
  9
$PLIMCHECK
 70
     0
  9
$PEXTMIN
 10
-0.5
 20
-0.5
 30
-0.5
  9
$PEXTMAX
 10
5.0
 20
5.0
 30
5.0
  9
$PLIMMIN
 10
-0.5
 20
-0.5
  9
$PLIMMAX
 10
5.0
 20
5.0
  9
$UNITMODE
 70
     0
  9
$VISRETAIN
 70
     1
  9
$PLINEGEN
 70
     0
  9
$PSLTSCALE
 70
     1
  9
$TREEDEPTH
 70
  3020
  9
$CMLSTYLE
  2
Standard
  9
$CMLJUST
 70
     0
  9
$CMLSCALE
 40
1.0
  9
$PROXYGRAPHICS
 70
     1
  9
$MEASUREMENT
 70
     1
  9
$CELWEIGHT
370
    70
  9
$ENDCAPS
280
     0
  9
$JOINSTYLE
280
     0
  9
$LWDISPLAY
290
     1
  9
$INSUNITS
 70
     4
  9
$HYPERLINKBASE
  1

  9
$STYLESHEET
  1

  9
$XEDIT
290
     1
  9
$CEPSNTYPE
380
     0
  9
$PSTYLEMODE
290
     1
  9
$FINGERPRINTGUID
  2
{29525b4d-82ad-4bdc-b2c4-456bd4c0c3ca}
  9
$VERSIONGUID
  2
{FAEB1C32-E019-11D5-929B-00C0DF256EC4}
  9
$EXTNAMES
290
     1
  9
$PSVPSCALE
 40
0.0
  9
$OLESTARTUP
290
     0
  9
$SORTENTS
280
   127
  9
$INDEXCTL
280
     0
  9
$HIDETEXT
280
     1
  9
$XCLIPFRAME
290
     0
  9
$HALOGAP
280
     0
  9
$OBSCOLOR
 70
   257
  9
$OBSLTYPE
280
     0
  9
$INTERSECTIONDISPLAY
280
     0
  9
$INTERSECTIONCOLOR
 70
   257
  9
$DIMASSOC
280
     2
  9
$PROJECTNAME
  1

  0
ENDSEC
  0
SECTION
  2
CLASSES
  0
CLASS
  1
ACDBDICTIONARYWDFLT
  2
AcDbDictionaryWithDefault
  3
ObjectDBX Classes
 90
        0
 91
        3
280
     0
281
     0
  0
CLASS
  1
VISUALSTYLE
  2
AcDbVisualStyle
  3
ObjectDBX Classes
 90
     4095
 91
        3
280
     0
281
     0
  0
CLASS
  1
MATERIAL
  2
AcDbMaterial
  3
ObjectDBX Classes
 90
     1153
 91
        3
280
     0
281
     0
  0
CLASS
  1
SCALE
  2
AcDbScale
  3
ObjectDBX Classes
 90
     1153
 91
        3
280
     0
281
     0
  0
CLASS
  1
TABLESTYLE
  2
AcDbTableStyle
  3
ObjectDBX Classes
 90
     4095
 91
        3
280
     0
281
     0
  0
CLASS
  1
MLEADERSTYLE
  2
AcDbMLeaderStyle
  3
ACDB_MLEADERSTYLE_CLASS
 90
     4095
 91
        3
280
     0
281
     0
  0
CLASS
  1
SUN
  2
AcDbSun
  3
SCENEOE
 90
     1153
 91
        3
280
     0
281
     0
  0
CLASS
  1
DICTIONARYVAR
  2
AcDbDictionaryVar
  3
ObjectDBX Classes
 90
        0
 91
        3
280
     0
281
     0
  0
CLASS
  1
CELLSTYLEMAP
  2
AcDbCellStyleMap
  3
ObjectDBX Classes
 90
     1152
 91
        3
280
     0
281
     0
  0
ENDSEC
  0
SECTION
  2
TABLES
  0
TABLE
  2
VPORT
  5
8
102
{ACAD_XDICTIONARY
360
125
102
}
330
0
100
AcDbSymbolTable
 70
    16
  0
VPORT
  5
29
330
8
100
AcDbSymbolTableRecord
100
AcDbViewportTableRecord
  2
*Active
 70
     0
 10
0.0
 20
0.0
 11
1.0
 21
1.0
 12
666.444231
 22
-165.505876
 13
0.0
 23
0.0
 14
0.5
 24
0.5
 15
0.5
 25
0.5
 16
0.0
 26
0.0
 36
1.0
 17
0.0
 27
0.0
 37
0.0
 40
254.0
 41
0.069908
 42
50.0
 43
2324.04564
 44
-2324.04564
 50
0.0
 51
0.0
 71
     0
 72
   100
 73
     1
 74
     3
 75
     0
 76
     0
 77
     0
 78
     0
281
     0
 65
     1
110
0.0
120
0.0
130
0.0
111
1.0
121
0.0
131
0.0
112
0.0
122
1.0
132
0.0
 79
     0
146
0.0
  0
VPORT
  5
116
330
8
100
AcDbSymbolTableRecord
100
AcDbViewportTableRecord
  2
L1
 70
     0
 10
0.0
 20
0.0
 11
1.0
 21
1.0
 12
666.444231
 22
-165.505876
 13
0.0
 23
0.0
 14
0.5
 24
0.5
 15
0.5
 25
0.5
 16
0.0
 26
0.0
 36
1.0
 17
0.0
 27
0.0
 37
0.0
 40
254.0
 41
0.069908
 42
50.0
 43
2324.04564
 44
-2324.04564
 50
0.0
 51
0.0
 71
     0
 72
   100
 73
     1
 74
     3
 75
     0
 76
     0
 77
     0
 78
     0
281
     0
 65
     1
110
0.0
120
0.0
130
0.0
111
1.0
121
0.0
131
0.0
112
0.0
122
1.0
132
0.0
 79
     0
146
0.0
  0
VPORT
  5
117
330
8
100
AcDbSymbolTableRecord
100
AcDbViewportTableRecord
  2
L2
 70
     0
 10
0.0
 20
0.0
 11
0.5
 21
1.0
 12
0.0
 22
0.0
 13
0.0
 23
0.0
 14
0.5
 24
0.5
 15
0.5
 25
0.5
 16
0.0
 26
-1.0
 36
0.0
 17
0.0
 27
0.0
 37
0.0
 40
1656.926416
 41
0.010717
 42
50.0
 43
854.607829
 44
-854.607829
 50
0.0
 51
0.0
 71
     0
 72
   100
 73
     1
 74
     3
 75
     0
 76
     0
 77
     0
 78
     0
281
     0
 65
     1
110
0.0
120
0.0
130
0.0
111
1.0
121
0.0
131
0.0
112
0.0
122
1.0
132
0.0
 79
     0
146
0.0
  0
VPORT
  5
118
330
8
100
AcDbSymbolTableRecord
100
AcDbViewportTableRecord
  2
L2
 70
     0
 10
0.5
 20
0.0
 11
1.0
 21
1.0
 12
0.0
 22
0.0
 13
0.0
 23
0.0
 14
0.5
 24
0.5
 15
0.5
 25
0.5
 16
1.0
 26
0.0
 36
0.0
 17
0.0
 27
0.0
 37
0.0
 40
1656.926416
 41
0.010717
 42
50.0
 43
838.140971
 44
-838.140971
 50
0.0
 51
0.0
 71
     0
 72
   100
 73
     1
 74
     3
 75
     0
 76
     0
 77
     0
 78
     0
281
     0
 65
     1
110
0.0
120
0.0
130
0.0
111
1.0
121
0.0
131
0.0
112
0.0
122
1.0
132
0.0
 79
     0
146
0.0
  0
VPORT
  5
119
330
8
100
AcDbSymbolTableRecord
100
AcDbViewportTableRecord
  2
L3
 70
     0
 10
0.0
 20
0.5
 11
1.0
 21
1.0
 12
666.444231
 22
-165.505876
 13
0.0
 23
0.0
 14
0.5
 24
0.5
 15
0.5
 25
0.5
 16
0.0
 26
0.0
 36
1.0
 17
0.0
 27
0.0
 37
0.0
 40
254.0
 41
0.069908
 42
50.0
 43
2324.04564
 44
-2324.04564
 50
0.0
 51
0.0
 71
     0
 72
   100
 73
     1
 74
     3
 75
     0
 76
     0
 77
     0
 78
     0
281
     0
 65
     1
110
0.0
120
0.0
130
0.0
111
1.0
121
0.0
131
0.0
112
0.0
122
1.0
132
0.0
 79
     0
146
0.0
  0
VPORT
  5
11A
330
8
100
AcDbSymbolTableRecord
100
AcDbViewportTableRecord
  2
L3
 70
     0
 10
0.0
 20
0.0
 11
1.0
 21
0.5
 12
0.0
 22
0.0
 13
0.0
 23
0.0
 14
0.5
 24
0.5
 15
0.5
 25
0.5
 16
0.0
 26
-1.0
 36
0.0
 17
0.0
 27
0.0
 37
0.0
 40
1656.926416
 41
0.010717
 42
50.0
 43
854.607829
 44
-854.607829
 50
0.0
 51
0.0
 71
     0
 72
   100
 73
     1
 74
     3
 75
     0
 76
     0
 77
     0
 78
     0
281
     0
 65
     1
110
0.0
120
0.0
130
0.0
111
1.0
121
0.0
131
0.0
112
0.0
122
1.0
132
0.0
 79
     0
146
0.0
  0
VPORT
  5
11B
330
8
100
AcDbSymbolTableRecord
100
AcDbViewportTableRecord
  2
L4
 70
     0
 10
0.0
 20
0.5
 11
0.5
 21
1.0
 12
666.444231
 22
-165.505876
 13
0.0
 23
0.0
 14
0.5
 24
0.5
 15
0.5
 25
0.5
 16
0.0
 26
0.0
 36
1.0
 17
0.0
 27
0.0
 37
0.0
 40
254.0
 41
0.069908
 42
50.0
 43
2324.04564
 44
-2324.04564
 50
0.0
 51
0.0
 71
     0
 72
   100
 73
     1
 74
     3
 75
     0
 76
     0
 77
     0
 78
     0
281
     0
 65
     1
110
0.0
120
0.0
130
0.0
111
1.0
121
0.0
131
0.0
112
0.0
122
1.0
132
0.0
 79
     0
146
0.0
  0
VPORT
  5
11C
330
8
100
AcDbSymbolTableRecord
100
AcDbViewportTableRecord
  2
L4
 70
     0
 10
0.0
 20
0.0
 11
0.5
 21
0.5
 12
0.0
 22
0.0
 13
0.0
 23
0.0
 14
0.5
 24
0.5
 15
0.5
 25
0.5
 16
0.0
 26
-1.0
 36
0.0
 17
0.0
 27
0.0
 37
0.0
 40
1656.926416
 41
0.010717
 42
50.0
 43
854.607829
 44
-854.607829
 50
0.0
 51
0.0
 71
     0
 72
   100
 73
     1
 74
     3
 75
     0
 76
     0
 77
     0
 78
     0
281
     0
 65
     1
110
0.0
120
0.0
130
0.0
111
1.0
121
0.0
131
0.0
112
0.0
122
1.0
132
0.0
 79
     0
146
0.0
  0
VPORT
  5
11D
330
8
100
AcDbSymbolTableRecord
100
AcDbViewportTableRecord
  2
L4
 70
     0
 10
0.5
 20
0.0
 11
1.0
 21
0.5
 12
0.0
 22
0.0
 13
0.0
 23
0.0
 14
0.5
 24
0.5
 15
0.5
 25
0.5
 16
1.0
 26
0.0
 36
0.0
 17
0.0
 27
0.0
 37
0.0
 40
1656.926416
 41
0.010717
 42
50.0
 43
838.140971
 44
-838.140971
 50
0.0
 51
0.0
 71
     0
 72
   100
 73
     1
 74
     3
 75
     0
 76
     0
 77
     0
 78
     0
281
     0
 65
     1
110
0.0
120
0.0
130
0.0
111
1.0
121
0.0
131
0.0
112
0.0
122
1.0
132
0.0
 79
     0
146
0.0
  0
VPORT
  5
11E
330
8
100
AcDbSymbolTableRecord
100
AcDbViewportTableRecord
  2
L4
 70
     0
 10
0.5
 20
0.5
 11
1.0
 21
1.0
 12
0.0
 22
0.0
 13
0.0
 23
0.0
 14
0.5
 24
0.5
 15
0.5
 25
0.5
 16
0.5773502691896258
 26
-0.5773502691896258
 36
0.5773502691896258
 17
0.0
 27
0.0
 37
0.0
 40
1627.845921
 41
0.010908
 42
50.0
 43
848.043302
 44
-848.043302
 50
0.0
 51
0.0
 71
     0
 72
   100
 73
     1
 74
     3
 75
     0
 76
     0
 77
     0
 78
     0
281
     0
 65
     1
110
0.0
120
0.0
130
0.0
111
1.0
121
0.0
131
0.0
112
0.0
122
1.0
132
0.0
 79
     0
146
0.0
  0
VPORT
  5
11F
330
8
100
AcDbSymbolTableRecord
100
AcDbViewportTableRecord
  2
L6
 70
     0
 10
0.0
 20
0.5
 11
0.333333
 21
1.0
 12
0.0
 22
0.0
 13
0.0
 23
0.0
 14
0.5
 24
0.5
 15
0.5
 25
0.5
 16
0.7188730927569433
 26
-0.5850486126764433
 36
0.3754192287502549
 17
0.0
 27
0.0
 37
0.0
 40
1718.081626
 41
0.010335
 42
50.0
 43
889.534492
 44
-889.534492
 50
0.0
 51
0.0
 71
     0
 72
   100
 73
     1
 74
     3
 75
     0
 76
     0
 77
     0
 78
     0
281
     0
 65
     1
110
0.0
120
0.0
130
0.0
111
1.0
121
0.0
131
0.0
112
0.0
122
1.0
132
0.0
 79
     0
146
0.0
  0
VPORT
  5
120
330
8
100
AcDbSymbolTableRecord
100
AcDbViewportTableRecord
  2
L6
 70
     0
 10
0.0
 20
0.0
 11
0.333333
 21
0.5
 12
0.0
 22
0.0
 13
0.0
 23
0.0
 14
0.5
 24
0.5
 15
0.5
 25
0.5
 16
-1.0
 26
0.0
 36
0.0
 17
0.0
 27
0.0
 37
0.0
 40
1656.926416
 41
0.010717
 42
50.0
 43
838.140971
 44
-838.140971
 50
0.0
 51
0.0
 71
     0
 72
   100
 73
     1
 74
     3
 75
     0
 76
     0
 77
     0
 78
     0
281
     0
 65
     1
110
0.0
120
0.0
130
0.0
111
1.0
121
0.0
131
0.0
112
0.0
122
1.0
132
0.0
 79
     0
146
0.0
  0
VPORT
  5
121
330
8
100
AcDbSymbolTableRecord
100
AcDbViewportTableRecord
  2
L6
 70
     0
 10
0.333333
 20
0.5
 11
0.666667
 21
1.0
 12
666.444231
 22
-165.505876
 13
0.0
 23
0.0
 14
0.5
 24
0.5
 15
0.5
 25
0.5
 16
0.0
 26
0.0
 36
1.0
 17
0.0
 27
0.0
 37
0.0
 40
254.0
 41
0.069908
 42
50.0
 43
2324.04564
 44
-2324.04564
 50
0.0
 51
0.0
 71
     0
 72
   100
 73
     1
 74
     3
 75
     0
 76
     0
 77
     0
 78
     0
281
     0
 65
     1
110
0.0
120
0.0
130
0.0
111
1.0
121
0.0
131
0.0
112
0.0
122
1.0
132
0.0
 79
     0
146
0.0
  0
VPORT
  5
122
330
8
100
AcDbSymbolTableRecord
100
AcDbViewportTableRecord
  2
L6
 70
     0
 10
0.333333
 20
0.0
 11
0.666667
 21
0.5
 12
0.0
 22
0.0
 13
0.0
 23
0.0
 14
0.5
 24
0.5
 15
0.5
 25
0.5
 16
0.0
 26
-1.0
 36
0.0
 17
0.0
 27
0.0
 37
0.0
 40
1656.926416
 41
0.010717
 42
50.0
 43
854.607829
 44
-854.607829
 50
0.0
 51
0.0
 71
     0
 72
   100
 73
     1
 74
     3
 75
     0
 76
     0
 77
     0
 78
     0
281
     0
 65
     1
110
0.0
120
0.0
130
0.0
111
1.0
121
0.0
131
0.0
112
0.0
122
1.0
132
0.0
 79
     0
146
0.0
  0
VPORT
  5
123
330
8
100
AcDbSymbolTableRecord
100
AcDbViewportTableRecord
  2
L6
 70
     0
 10
0.666667
 20
0.5
 11
1.0
 21
1.0
 12
0.0
 22
0.0
 13
0.0
 23
0.0
 14
0.5
 24
0.5
 15
0.5
 25
0.5
 16
0.5773502691896258
 26
-0.5773502691896258
 36
0.5773502691896258
 17
0.0
 27
0.0
 37
0.0
 40
1627.845921
 41
0.010908
 42
50.0
 43
848.043302
 44
-848.043302
 50
0.0
 51
0.0
 71
     0
 72
   100
 73
     1
 74
     3
 75
     0
 76
     0
 77
     0
 78
     0
281
     0
 65
     1
110
0.0
120
0.0
130
0.0
111
1.0
121
0.0
131
0.0
112
0.0
122
1.0
132
0.0
 79
     0
146
0.0
  0
VPORT
  5
124
330
8
100
AcDbSymbolTableRecord
100
AcDbViewportTableRecord
  2
L6
 70
     0
 10
0.666667
 20
0.0
 11
1.0
 21
0.5
 12
0.0
 22
0.0
 13
0.0
 23
0.0
 14
0.5
 24
0.5
 15
0.5
 25
0.5
 16
1.0
 26
0.0
 36
0.0
 17
0.0
 27
0.0
 37
0.0
 40
1656.926416
 41
0.010717
 42
50.0
 43
838.140971
 44
-838.140971
 50
0.0
 51
0.0
 71
     0
 72
   100
 73
     1
 74
     3
 75
     0
 76
     0
 77
     0
 78
     0
281
     0
 65
     1
110
0.0
120
0.0
130
0.0
111
1.0
121
0.0
131
0.0
112
0.0
122
1.0
132
0.0
 79
     0
146
0.0
  0
ENDTAB
  0
TABLE
  2
LTYPE
  5
5
330
0
100
AcDbSymbolTable
 70
    10
  0
LTYPE
  5
14
330
5
100
AcDbSymbolTableRecord
100
AcDbLinetypeTableRecord
  2
ByBlock
 70
     0
  3

 72
    65
 73
     0
 40
0.0
  0
LTYPE
  5
15
330
5
100
AcDbSymbolTableRecord
100
AcDbLinetypeTableRecord
  2
ByLayer
 70
     0
  3

 72
    65
 73
     0
 40
0.0
  0
LTYPE
  5
16
330
5
100
AcDbSymbolTableRecord
100
AcDbLinetypeTableRecord
  2
Continuous
 70
     0
  3
Solid line
 72
    65
 73
     0
 40
0.0
  0
LTYPE
  5
6E
330
5
100
AcDbSymbolTableRecord
100
AcDbLinetypeTableRecord
  2
ACAD_ISO04W100
 70
     0
  3
ISO long-dash dot ____ . ____ . ____ . ____ . _
 72
    65
 73
     4
 40
30.0
 49
24.0
 74
     4
 75
     0
340
0
 46
0.0
 50
0.0
 44
0.0
 45
0.0
 49
-3.0
 74
     4
 75
     0
340
0
 46
0.0
 50
0.0
 44
0.0
 45
0.0
 49
0.0
 74
     4
 75
     0
340
0
 46
0.0
 50
0.0
 44
0.0
 45
0.0
 49
-3.0
 74
     4
 75
     0
340
0
 46
0.0
 50
0.0
 44
0.0
 45
0.0
  0
LTYPE
  5
6F
330
5
100
AcDbSymbolTableRecord
100
AcDbLinetypeTableRecord
  2
ACAD_ISO05W100
 70
     0
  3
ISO long-dash double-dot ____ .. ____ .. ____ . 
 72
    65
 73
     6
 40
33.0
 49
24.0
 74
     4
 75
     0
340
0
 46
0.0
 50
0.0
 44
0.0
 45
0.0
 49
-3.0
 74
     4
 75
     0
340
0
 46
0.0
 50
0.0
 44
0.0
 45
0.0
 49
0.0
 74
     4
 75
     0
340
0
 46
0.0
 50
0.0
 44
0.0
 45
0.0
 49
-3.0
 74
     4
 75
     0
340
0
 46
0.0
 50
0.0
 44
0.0
 45
0.0
 49
0.0
 74
     4
 75
     0
340
0
 46
0.0
 50
0.0
 44
0.0
 45
0.0
 49
-3.0
 74
     4
 75
     0
340
0
 46
0.0
 50
0.0
 44
0.0
 45
0.0
  0
LTYPE
  5
70
330
5
100
AcDbSymbolTableRecord
100
AcDbLinetypeTableRecord
  2
ACAD_ISO06W100
 70
     0
  3
ISO long-dash triple-dot ____ ... ____ ... ____
 72
    65
 73
     8
 40
36.0
 49
24.0
 74
     4
 75
     0
340
0
 46
0.0
 50
0.0
 44
0.0
 45
0.0
 49
-3.0
 74
     4
 75
     0
340
0
 46
0.0
 50
0.0
 44
0.0
 45
0.0
 49
0.0
 74
     4
 75
     0
340
0
 46
0.0
 50
0.0
 44
0.0
 45
0.0
 49
-3.0
 74
     4
 75
     0
340
0
 46
0.0
 50
0.0
 44
0.0
 45
0.0
 49
0.0
 74
     4
 75
     0
340
0
 46
0.0
 50
0.0
 44
0.0
 45
0.0
 49
-3.0
 74
     4
 75
     0
340
0
 46
0.0
 50
0.0
 44
0.0
 45
0.0
 49
0.0
 74
     4
 75
     0
340
0
 46
0.0
 50
0.0
 44
0.0
 45
0.0
 49
-3.0
 74
     4
 75
     0
340
0
 46
0.0
 50
0.0
 44
0.0
 45
0.0
  0
LTYPE
  5
71
330
5
100
AcDbSymbolTableRecord
100
AcDbLinetypeTableRecord
  2
ACAD_ISO09W100
 70
     0
  3
ISO long-dash double-short-dash ____ __ __ ____
 72
    65
 73
     6
 40
45.0
 49
24.0
 74
     4
 75
     0
340
0
 46
0.0
 50
0.0
 44
0.0
 45
0.0
 49
-3.0
 74
     4
 75
     0
340
0
 46
0.0
 50
0.0
 44
0.0
 45
0.0
 49
6.0
 74
     4
 75
     0
340
0
 46
0.0
 50
0.0
 44
0.0
 45
0.0
 49
-3.0
 74
     4
 75
     0
340
0
 46
0.0
 50
0.0
 44
0.0
 45
0.0
 49
6.0
 74
     4
 75
     0
340
0
 46
0.0
 50
0.0
 44
0.0
 45
0.0
 49
-3.0
 74
     4
 75
     0
340
0
 46
0.0
 50
0.0
 44
0.0
 45
0.0
  0
LTYPE
  5
72
330
5
100
AcDbSymbolTableRecord
100
AcDbLinetypeTableRecord
  2
CENTER
 70
     0
  3
____ _ ____ _ ____ _ ____
 72
    65
 73
     4
 40
47.4
 49
22.0
 74
     4
 75
     0
340
0
 46
0.0
 50
0.0
 44
0.0
 45
0.0
 49
-8.5
 74
     4
 75
     0
340
0
 46
0.0
 50
0.0
 44
0.0
 45
0.0
 49
8.5
 74
     4
 75
     0
340
0
 46
0.0
 50
0.0
 44
0.0
 45
0.0
 49
-8.5
 74
     4
 75
     0
340
0
 46
0.0
 50
0.0
 44
0.0
 45
0.0
  0
LTYPE
  5
73
330
5
100
AcDbSymbolTableRecord
100
AcDbLinetypeTableRecord
  2
DASHDOT
 70
     0
  3
_._._._._._._._._._._._._._._._.
 72
    65
 73
     4
 40
70.0
 49
31.0
 74
     4
 75
     0
340
0
 46
0.0
 50
0.0
 44
0.0
 45
0.0
 49
-13.0
 74
     4
 75
     0
340
0
 46
0.0
 50
0.0
 44
0.0
 45
0.0
 49
13.0
 74
     4
 75
     0
340
0
 46
0.0
 50
0.0
 44
0.0
 45
0.0
 49
-13.0
 74
     4
 75
     0
340
0
 46
0.0
 50
0.0
 44
0.0
 45
0.0
  0
LTYPE
  5
74
330
5
100
AcDbSymbolTableRecord
100
AcDbLinetypeTableRecord
  2
DASHED
 70
     0
  3
__ __ __ __ __ __ __ __ __
 72
    65
 73
     2
 40
25.72
 49
12.86
 74
     4
 75
     0
340
0
 46
0.0
 50
0.0
 44
0.0
 45
0.0
 49
-12.86
 74
     4
 75
     0
340
0
 46
0.0
 50
0.0
 44
0.0
 45
0.0
  0
LTYPE
  5
75
330
5
100
AcDbSymbolTableRecord
100
AcDbLinetypeTableRecord
  2
DOT
 70
     0
  3
.........................
 72
    65
 73
     2
 40
10.0
 49
0.0
 74
     4
 75
     0
340
0
 46
0.0
 50
0.0
 44
0.0
 45
0.0
 49
-10.0
 74
     4
 75
     0
340
0
 46
0.0
 50
0.0
 44
0.0
 45
0.0
  0
LTYPE
  5
76
330
5
100
AcDbSymbolTableRecord
100
AcDbLinetypeTableRecord
  2
PHANTOM
 70
     0
  3
____ _ _ ____ _ _ _____ _ _ ____
 72
    65
 73
     6
 40
50.5
 49
18.0
 74
     4
 75
     0
340
0
 46
0.0
 50
0.0
 44
0.0
 45
0.0
 49
-6.5
 74
     4
 75
     0
340
0
 46
0.0
 50
0.0
 44
0.0
 45
0.0
 49
6.5
 74
     4
 75
     0
340
0
 46
0.0
 50
0.0
 44
0.0
 45
0.0
 49
-6.5
 74
     4
 75
     0
340
0
 46
0.0
 50
0.0
 44
0.0
 45
0.0
 49
6.5
 74
     4
 75
     0
340
0
 46
0.0
 50
0.0
 44
0.0
 45
0.0
 49
-6.5
 74
     4
 75
     0
340
0
 46
0.0
 50
0.0
 44
0.0
 45
0.0
  0
ENDTAB
  0
TABLE
  2
LAYER
  5
2
330
0
100
AcDbSymbolTable
 70
     2
  0
LAYER
  5
10
330
2
100
AcDbSymbolTableRecord
100
AcDbLayerTableRecord
  2
0
 70
     0
 62
     7
  6
Continuous
370
    -3
390
F
  0
LAYER
  5
78
330
2
100
AcDbSymbolTableRecord
100
AcDbLayerTableRecord
  2
1
 70
     0
 62
     7
420
 16777215
  6
Continuous
370
    -3
390
F
  0
ENDTAB
  0
TABLE
  2
STYLE
  5
3
330
0
100
AcDbSymbolTable
 70
     1
  0
STYLE
  5
11
330
3
100
AcDbSymbolTableRecord
100
AcDbTextStyleTableRecord
  2
Standard
 70
     0
 40
0.0
 41
1.0
 50
0.0
 71
     0
 42
0.2
  3
txt
  4

  0
ENDTAB
  0
TABLE
  2
VIEW
  5
6
330
0
100
AcDbSymbolTable
 70
     8
  0
VIEW
  5
10E
330
6
100
AcDbSymbolTableRecord
100
AcDbViewTableRecord
  2
Top
 70
     0
 40
254.0
 10
666.444231
 20
-165.505876
 41
419.539052
 11
0.0
 21
0.0
 31
1.0
 12
0.0
 22
0.0
 32
0.0
 42
50.0
 43
2324.04564
 44
-2324.04564
 50
0.0
 71
     0
281
     0
 72
     0
  0
VIEW
  5
10F
330
6
100
AcDbSymbolTableRecord
100
AcDbViewTableRecord
  2
Front
 70
     0
 40
1656.926416
 10
0.0
 20
0.0
 41
419.539052
 11
0.0
 21
-1.0
 31
0.0
 12
0.0
 22
0.0
 32
0.0
 42
50.0
 43
854.607829
 44
-854.607829
 50
0.0
 71
     0
281
     0
 72
     0
  0
VIEW
  5
110
330
6
100
AcDbSymbolTableRecord
100
AcDbViewTableRecord
  2
Right
 70
     0
 40
1656.926416
 10
0.0
 20
0.0
 41
254.0
 11
1.0
 21
0.0
 31
0.0
 12
0.0
 22
0.0
 32
0.0
 42
50.0
 43
838.140971
 44
-838.140971
 50
0.0
 71
     0
281
     0
 72
     0
  0
VIEW
  5
111
330
6
100
AcDbSymbolTableRecord
100
AcDbViewTableRecord
  2
Back
 70
     0
 40
1656.926416
 10
0.0
 20
0.0
 41
419.539052
 11
0.0
 21
1.0
 31
0.0
 12
0.0
 22
0.0
 32
0.0
 42
50.0
 43
854.607829
 44
-854.607829
 50
0.0
 71
     0
281
     0
 72
     0
  0
VIEW
  5
112
330
6
100
AcDbSymbolTableRecord
100
AcDbViewTableRecord
  2
Bottom
 70
     0
 40
254.0
 10
0.0
 20
0.0
 41
419.539052
 11
0.0
 21
0.0
 31
-1.0
 12
0.0
 22
0.0
 32
0.0
 42
50.0
 43
828.463208
 44
-828.463208
 50
180.0
 71
     0
281
     0
 72
     0
  0
VIEW
  5
113
330
6
100
AcDbSymbolTableRecord
100
AcDbViewTableRecord
  2
Left
 70
     0
 40
1656.926416
 10
0.0
 20
0.0
 41
254.0
 11
-1.0
 21
0.0
 31
0.0
 12
0.0
 22
0.0
 32
0.0
 42
50.0
 43
838.140971
 44
-838.140971
 50
0.0
 71
     0
281
     0
 72
     0
  0
VIEW
  5
114
330
6
100
AcDbSymbolTableRecord
100
AcDbViewTableRecord
  2
Isometric
 70
     0
 40
1627.845921
 10
0.0
 20
0.0
 41
476.264031
 11
0.5773502691896258
 21
-0.5773502691896258
 31
0.5773502691896258
 12
0.0
 22
0.0
 32
0.0
 42
50.0
 43
848.043302
 44
-848.043302
 50
0.0
 71
     0
281
     0
 72
     0
  0
VIEW
  5
115
330
6
100
AcDbSymbolTableRecord
100
AcDbViewTableRecord
  2
Trimetric
 70
     0
 40
1718.081626
 10
0.0
 20
0.0
 41
461.824615
 11
0.7188730927569433
 21
-0.5850486126764433
 31
0.3754192287502549
 12
0.0
 22
0.0
 32
0.0
 42
50.0
 43
889.534492
 44
-889.534492
 50
0.0
 71
     0
281
     0
 72
     0
  0
ENDTAB
  0
TABLE
  2
UCS
  5
7
330
0
100
AcDbSymbolTable
 70
     0
  0
ENDTAB
  0
TABLE
  2
APPID
  5
9
330
0
100
AcDbSymbolTable
 70
     2
  0
APPID
  5
12
330
9
100
AcDbSymbolTableRecord
100
AcDbRegAppTableRecord
  2
ACAD
 70
     0
  0
APPID
  5
164
330
9
100
AcDbSymbolTableRecord
100
AcDbRegAppTableRecord
  2
ACAD_MLEADERVER
 70
     0
  0
ENDTAB
  0
TABLE
  2
DIMSTYLE
  5
A
330
0
100
AcDbSymbolTable
 70
     1
100
AcDbDimStyleTable
  0
DIMSTYLE
105
27
330
A
100
AcDbSymbolTableRecord
100
AcDbDimStyleTableRecord
  2
Standard
 70
     0
178
     0
340
11
  0
ENDTAB
  0
TABLE
  2
BLOCK_RECORD
  5
1
330
0
100
AcDbSymbolTable
 70
     1
  0
BLOCK_RECORD
  5
1F
330
1
100
AcDbSymbolTableRecord
100
AcDbBlockTableRecord
  2
*Model_Space
340
22
  0
BLOCK_RECORD
  5
1B
330
1
100
AcDbSymbolTableRecord
100
AcDbBlockTableRecord
  2
*Paper_Space
340
1E
  0
BLOCK_RECORD
  5
23
330
1
100
AcDbSymbolTableRecord
100
AcDbBlockTableRecord
  2
*Paper_Space0
340
26
  0
ENDTAB
  0
ENDSEC
  0
SECTION
  2
BLOCKS
  0
BLOCK
  5
20
330
1F
100
AcDbEntity
  8
0
100
AcDbBlockBegin
  2
*Model_Space
 70
     0
 10
0.0
 20
0.0
 30
0.0
  3
*Model_Space
  1

  0
ENDBLK
  5
21
330
1F
100
AcDbEntity
  8
0
100
AcDbBlockEnd
  0
BLOCK
  5
1C
330
1B
100
AcDbEntity
 67
     1
  8
0
100
AcDbBlockBegin
  2
*Paper_Space
 70
     0
 10
0.0
 20
0.0
 30
0.0
  3
*Paper_Space
  1

  0
ENDBLK
  5
1D
330
1B
100
AcDbEntity
 67
     1
  8
0
100
AcDbBlockEnd
  0
BLOCK
  5
24
330
23
100
AcDbEntity
  8
0
100
AcDbBlockBegin
  2
*Paper_Space0
 70
     0
 10
0.0
 20
0.0
 30
0.0
  3
*Paper_Space0
  1

  0
ENDBLK
  5
25
330
23
100
AcDbEntity
  8
0
100
AcDbBlockEnd
  0
ENDSEC
  0
SECTION
  2
ENTITIES
  0
LINE
  5
77
330
1F
100
AcDbEntity
  8
1
  6
Continuous
 62
   163
370
    18
100
AcDbLine
 10
1336.995622
 20
-329.438422
 30
0.0
 11
1336.995622
 21
-333.436996
 31
0.0
  0
LINE
  5
79
330
1F
100
AcDbEntity
  8
1
  6
Continuous
 62
   163
370
    18
100
AcDbLine
 10
1337.067704
 20
-329.426709
 30
0.0
 11
1340.936103
 21
-328.798118
 31
0.0
  0
LINE
  5
7A
330
1F
100
AcDbEntity
  8
1
  6
Continuous
 62
   150
370
    18
100
AcDbLine
 10
124.096012
 20
-275.517859
 30
0.0
 11
124.096012
 21
-304.517859
 31
0.0
  0
LINE
  5
7B
330
1F
100
AcDbEntity
  8
1
  6
Continuous
 62
   150
370
    18
100
AcDbLine
 10
121.096012
 20
-307.517859
 30
0.0
 11
37.096012
 21
-307.517859
 31
0.0
  0
LINE
  5
7C
330
1F
100
AcDbEntity
  8
1
  6
Continuous
 62
   150
370
    18
100
AcDbLine
 10
34.096012
 20
-304.517859
 30
0.0
 11
34.096012
 21
-275.517859
 31
0.0
  0
LINE
  5
7D
330
1F
100
AcDbEntity
  8
1
  6
Continuous
 62
   150
370
    18
100
AcDbLine
 10
37.096012
 20
-272.517859
 30
0.0
 11
121.096012
 21
-272.517859
 31
0.0
  0
LINE
  5
7E
330
1F
100
AcDbEntity
  8
1
  6
Continuous
 62
   150
370
    18
100
AcDbLine
 10
1293.617168
 20
-275.517859
 30
0.0
 11
1293.617168
 21
-304.517859
 31
0.0
  0
LINE
  5
7F
330
1F
100
AcDbEntity
  8
1
  6
Continuous
 62
   150
370
    18
100
AcDbLine
 10
1290.617168
 20
-307.517859
 30
0.0
 11
1206.617168
 21
-307.517859
 31
0.0
  0
LINE
  5
80
330
1F
100
AcDbEntity
  8
1
  6
Continuous
 62
   150
370
    18
100
AcDbLine
 10
1203.617168
 20
-304.517859
 30
0.0
 11
1203.617168
 21
-275.517859
 31
0.0
  0
LINE
  5
81
330
1F
100
AcDbEntity
  8
1
  6
Continuous
 62
   150
370
    18
100
AcDbLine
 10
1206.617168
 20
-272.517859
 30
0.0
 11
1290.617168
 21
-272.517859
 31
0.0
  0
LINE
  5
82
330
1F
100
AcDbEntity
  8
1
  6
Continuous
 62
   163
370
    18
100
AcDbLine
 10
214.089688
 20
33.338274
 30
0.0
 11
355.12564
 21
33.338274
 31
0.0
  0
LINE
  5
83
330
1F
100
AcDbEntity
  8
1
  6
Continuous
 62
   163
370
    18
100
AcDbLine
 10
366.30598
 20
28.338274
 30
0.0
 11
381.30598
 21
28.338274
 31
0.0
  0
LINE
  5
84
330
1F
100
AcDbEntity
  8
1
  6
Continuous
 62
   163
370
    18
100
AcDbLine
 10
392.48632
 20
33.338274
 30
0.0
 11
533.522272
 21
33.338274
 31
0.0
  0
LINE
  5
85
330
1F
100
AcDbEntity
  8
1
  6
Continuous
 62
   163
370
    18
100
AcDbLine
 10
544.702612
 20
28.338274
 30
0.0
 11
559.702612
 21
28.338274
 31
0.0
  0
LINE
  5
86
330
1F
100
AcDbEntity
  8
1
  6
Continuous
 62
   163
370
    18
100
AcDbLine
 10
570.882952
 20
33.338274
 30
0.0
 11
711.918904
 21
33.338274
 31
0.0
  0
LINE
  5
87
330
1F
100
AcDbEntity
  8
1
  6
Continuous
 62
   163
370
    18
100
AcDbLine
 10
723.099244
 20
28.338274
 30
0.0
 11
738.099244
 21
28.338274
 31
0.0
  0
LINE
  5
88
330
1F
100
AcDbEntity
  8
1
  6
Continuous
 62
   163
370
    18
100
AcDbLine
 10
749.279584
 20
33.338274
 30
0.0
 11
890.315536
 21
33.338274
 31
0.0
  0
LINE
  5
89
330
1F
100
AcDbEntity
  8
1
  6
Continuous
 62
   163
370
    18
100
AcDbLine
 10
901.495876
 20
28.338274
 30
0.0
 11
916.495876
 21
28.338274
 31
0.0
  0
LINE
  5
8A
330
1F
100
AcDbEntity
  8
1
  6
Continuous
 62
   163
370
    18
100
AcDbLine
 10
927.676216
 20
33.338274
 30
0.0
 11
1068.712169
 21
33.338274
 31
0.0
  0
LINE
  5
8B
330
1F
100
AcDbEntity
  8
1
  6
Continuous
 62
   163
370
    18
100
AcDbLine
 10
1079.892508
 20
28.338274
 30
0.0
 11
1094.892508
 21
28.338274
 31
0.0
  0
LINE
  5
8C
330
1F
100
AcDbEntity
  8
1
  6
Continuous
 62
   163
370
    18
100
AcDbLine
 10
37.325813
 20
33.344687
 30
0.0
 11
176.729468
 21
33.338274
 31
0.0
  0
LINE
  5
8D
330
1F
100
AcDbEntity
  8
1
  6
Continuous
 62
   163
370
    18
100
AcDbLine
 10
187.909348
 20
28.338274
 30
0.0
 11
202.909348
 21
28.338274
 31
0.0
  0
LINE
  5
8E
330
1F
100
AcDbEntity
  8
1
  6
Continuous
 62
   150
370
    18
100
AcDbLine
 10
1268.289141
 20
8.633359
 30
0.0
 11
1263.289141
 21
8.633359
 31
0.0
  0
LINE
  5
8F
330
1F
100
AcDbEntity
  8
1
  6
Continuous
 62
   150
370
    18
100
AcDbLine
 10
1263.289141
 20
15.133359
 30
0.0
 11
1268.289141
 21
15.133359
 31
0.0
  0
LINE
  5
90
330
1F
100
AcDbEntity
  8
1
  6
Continuous
 62
   150
370
    18
100
AcDbLine
 10
1089.892508
 20
8.633359
 30
0.0
 11
1084.892508
 21
8.633359
 31
0.0
  0
LINE
  5
91
330
1F
100
AcDbEntity
  8
1
  6
Continuous
 62
   150
370
    18
100
AcDbLine
 10
1084.892508
 20
15.133359
 30
0.0
 11
1089.892508
 21
15.133359
 31
0.0
  0
LINE
  5
92
330
1F
100
AcDbEntity
  8
1
  6
Continuous
 62
   150
370
    18
100
AcDbLine
 10
911.495876
 20
8.633359
 30
0.0
 11
906.495876
 21
8.633359
 31
0.0
  0
LINE
  5
93
330
1F
100
AcDbEntity
  8
1
  6
Continuous
 62
   150
370
    18
100
AcDbLine
 10
906.495876
 20
15.133359
 30
0.0
 11
911.495876
 21
15.133359
 31
0.0
  0
LINE
  5
94
330
1F
100
AcDbEntity
  8
1
  6
Continuous
 62
   150
370
    18
100
AcDbLine
 10
733.099244
 20
8.633359
 30
0.0
 11
728.099244
 21
8.633359
 31
0.0
  0
LINE
  5
95
330
1F
100
AcDbEntity
  8
1
  6
Continuous
 62
   150
370
    18
100
AcDbLine
 10
728.099244
 20
15.133359
 30
0.0
 11
733.099244
 21
15.133359
 31
0.0
  0
LINE
  5
96
330
1F
100
AcDbEntity
  8
1
  6
Continuous
 62
   150
370
    18
100
AcDbLine
 10
554.702612
 20
8.633359
 30
0.0
 11
549.702612
 21
8.633359
 31
0.0
  0
LINE
  5
97
330
1F
100
AcDbEntity
  8
1
  6
Continuous
 62
   150
370
    18
100
AcDbLine
 10
549.702612
 20
15.133359
 30
0.0
 11
554.702612
 21
15.133359
 31
0.0
  0
LINE
  5
98
330
1F
100
AcDbEntity
  8
1
  6
Continuous
 62
   150
370
    18
100
AcDbLine
 10
376.30598
 20
8.633359
 30
0.0
 11
371.30598
 21
8.633359
 31
0.0
  0
LINE
  5
99
330
1F
100
AcDbEntity
  8
1
  6
Continuous
 62
   150
370
    18
100
AcDbLine
 10
371.30598
 20
15.133359
 30
0.0
 11
376.30598
 21
15.133359
 31
0.0
  0
LINE
  5
9A
330
1F
100
AcDbEntity
  8
1
  6
Continuous
 62
   150
370
    18
100
AcDbLine
 10
197.909348
 20
8.633359
 30
0.0
 11
192.909348
 21
8.633359
 31
0.0
  0
LINE
  5
9B
330
1F
100
AcDbEntity
  8
1
  6
Continuous
 62
   150
370
    18
100
AcDbLine
 10
192.909348
 20
15.133359
 30
0.0
 11
197.909348
 21
15.133359
 31
0.0
  0
LINE
  5
9C
330
1F
100
AcDbEntity
  8
1
  6
Continuous
 62
   150
370
    18
100
AcDbLine
 10
19.512716
 20
8.633359
 30
0.0
 11
14.512716
 21
8.633359
 31
0.0
  0
LINE
  5
9D
330
1F
100
AcDbEntity
  8
1
  6
Continuous
 62
   150
370
    18
100
AcDbLine
 10
14.512716
 20
15.133359
 30
0.0
 11
19.512716
 21
15.133359
 31
0.0
  0
LINE
  5
9E
330
1F
100
AcDbEntity
  8
1
  6
Continuous
 62
   163
370
    18
100
AcDbLine
 10
1311.875792
 20
-371.474842
 30
0.0
 11
1336.695622
 21
-350.362546
 31
0.0
  0
LINE
  5
9F
330
1F
100
AcDbEntity
  8
1
  6
Continuous
 62
   163
370
    18
100
AcDbLine
 10
36.511123
 20
-362.84972
 30
0.0
 11
1292.996345
 21
-362.862546
 31
0.0
  0
LINE
  5
A0
330
1F
100
AcDbEntity
  8
1
  6
Continuous
 62
   163
370
    18
100
AcDbLine
 10
18.982258
 20
-370.024237
 30
0.0
 11
-0.749012
 21
-350.356133
 31
0.0
  0
LINE
  5
A1
330
1F
100
AcDbEntity
  8
1
  6
Continuous
 62
   163
370
    18
100
AcDbLine
 10
-0.755445
 20
-346.436996
 30
0.0
 11
-0.755445
 21
-350.348133
 31
0.0
  0
LINE
  5
A2
330
1F
100
AcDbEntity
  8
1
  6
Continuous
 62
   163
370
    18
100
AcDbLine
 10
1336.695622
 20
-350.362546
 30
0.0
 11
1336.695622
 21
-346.436996
 31
0.0
  0
LINE
  5
A3
330
1F
100
AcDbEntity
  8
1
  6
Continuous
 62
   163
370
    18
100
AcDbLine
 10
-2.905445
 20
-346.436996
 30
0.0
 11
-0.755445
 21
-346.436996
 31
0.0
  0
LINE
  5
A4
330
1F
100
AcDbEntity
  8
1
  6
Continuous
 62
   163
370
    18
100
AcDbLine
 10
-40.573293
 20
-19.785177
 30
0.0
 11
-20.892286
 21
-0.292583
 31
0.0
  0
LINE
  5
A5
330
1F
100
AcDbEntity
  8
1
  6
Continuous
 62
   163
370
    18
100
AcDbLine
 10
-33.510946
 20
-37.279275
 30
0.0
 11
-34.327042
 21
-291.797134
 31
0.0
  0
LINE
  5
A6
330
1F
100
AcDbEntity
  8
1
  6
Continuous
 62
   163
370
    18
100
AcDbLine
 10
-21.946598
 20
-329.103336
 30
0.0
 11
-41.557726
 21
-309.302649
 31
0.0
  0
LINE
  5
A7
330
1F
100
AcDbEntity
  8
1
  6
Continuous
 62
   163
370
    18
100
AcDbLine
 10
-21.946598
 20
-329.103336
 30
0.0
 11
-18.027481
 21
-329.115902
 31
0.0
  0
LINE
  5
A8
330
1F
100
AcDbEntity
  8
1
  6
Continuous
 62
   163
370
    18
100
AcDbLine
 10
-16.97317
 20
-0.305149
 30
0.0
 11
-20.892286
 21
-0.292583
 31
0.0
  0
LINE
  5
A9
330
1F
100
AcDbEntity
  8
1
  6
Continuous
 62
   163
370
    18
100
AcDbLine
 10
-18.027481
 20
-329.115902
 30
0.0
 11
-18.034375
 21
-331.265891
 31
0.0
  0
LINE
  5
AA
330
1F
100
AcDbEntity
  8
1
  6
Continuous
 62
   163
370
    18
100
AcDbLine
 10
-16.966276
 20
1.84484
 30
0.0
 11
-16.97317
 21
-0.305149
 31
0.0
  0
LINE
  5
AB
330
1F
100
AcDbEntity
  8
1
  6
Continuous
 62
   163
370
    18
100
AcDbLine
 10
-5.02851
 20
-329.457584
 30
0.0
 11
-5.034442
 21
-331.307575
 31
0.0
  0
LINE
  5
AC
330
1F
100
AcDbEntity
  8
1
  6
Continuous
 62
   163
370
    18
100
AcDbLine
 10
-5.034442
 20
-331.307575
 30
0.0
 11
-18.034375
 21
-331.265891
 31
0.0
  0
LINE
  5
AD
330
1F
100
AcDbEntity
  8
1
  6
Continuous
 62
   163
370
    18
100
AcDbLine
 10
-16.966276
 20
1.84484
 30
0.0
 11
-3.966343
 21
1.803156
 31
0.0
  0
LINE
  5
AE
330
1F
100
AcDbEntity
  8
1
  6
Continuous
 62
   163
370
    18
100
AcDbLine
 10
-3.966343
 20
1.803156
 30
0.0
 11
-3.972275
 21
-0.046834
 31
0.0
  0
LINE
  5
AF
330
1F
100
AcDbEntity
  8
1
  6
Continuous
 62
   163
370
    18
100
AcDbLine
 10
1324.713592
 20
-9.402518
 30
0.0
 11
1304.15793
 21
3.024708
 31
0.0
  0
LINE
  5
B0
330
1F
100
AcDbEntity
  8
1
  6
Continuous
 62
   163
370
    18
100
AcDbLine
 10
1357.588078
 20
-325.788336
 30
0.0
 11
1374.446188
 21
-297.903625
 31
0.0
  0
LINE
  5
B1
330
1F
100
AcDbEntity
  8
1
  6
Continuous
 62
   163
370
    18
100
AcDbLine
 10
1321.559642
 20
-26.131815
 30
0.0
 11
1362.917268
 21
-280.649674
 31
0.0
  0
LINE
  5
B2
330
1F
100
AcDbEntity
  8
1
  6
Continuous
 62
   163
370
    18
100
AcDbLine
 10
1304.15793
 20
3.024708
 30
0.0
 11
1300.289531
 21
2.396117
 31
0.0
  0
LINE
  5
B3
330
1F
100
AcDbEntity
  8
1
  6
Continuous
 62
   163
370
    18
100
AcDbLine
 10
1353.71968
 20
-326.416928
 30
0.0
 11
1357.588078
 21
-325.788336
 31
0.0
  0
LINE
  5
B4
330
1F
100
AcDbEntity
  8
1
  6
Continuous
 62
   163
370
    18
100
AcDbLine
 10
1300.289531
 20
2.396117
 30
0.0
 11
1300.008848
 21
4.123461
 31
0.0
  0
LINE
  5
B5
330
1F
100
AcDbEntity
  8
1
  6
Continuous
 62
   163
370
    18
100
AcDbLine
 10
1354.120656
 20
-328.884562
 30
0.0
 11
1353.71968
 21
-326.416928
 31
0.0
  0
LINE
  5
B6
330
1F
100
AcDbEntity
  8
1
  6
Continuous
 62
   163
370
    18
100
AcDbLine
 10
1287.40972
 20
0.607159
 30
0.0
 11
1287.177151
 21
2.038387
 31
0.0
  0
LINE
  5
B7
330
1F
100
AcDbEntity
  8
1
  6
Continuous
 62
   163
370
    18
100
AcDbLine
 10
1287.177151
 20
2.038387
 30
0.0
 11
1300.008848
 21
4.123461
 31
0.0
  0
LINE
  5
B8
330
1F
100
AcDbEntity
  8
1
  6
Continuous
 62
   163
370
    18
100
AcDbLine
 10
1354.120656
 20
-328.884562
 30
0.0
 11
1341.288958
 21
-330.969636
 31
0.0
  0
LINE
  5
B9
330
1F
100
AcDbEntity
  8
1
  6
Continuous
 62
   163
370
    18
100
AcDbLine
 10
1341.288958
 20
-330.969636
 30
0.0
 11
1340.936103
 21
-328.798118
 31
0.0
  0
LINE
  5
BA
330
1F
100
AcDbEntity
  8
1
  6
Continuous
 62
   163
370
    18
100
AcDbLine
 10
1283.203128
 20
20.838274
 30
0.0
 11
1267.645314
 21
39.128197
 31
0.0
  0
LINE
  5
BB
330
1F
100
AcDbEntity
  8
1
  6
Continuous
 62
   163
370
    18
100
AcDbLine
 10
0.3
 20
20.844687
 30
0.0
 11
19.8556
 21
40.463091
 31
0.0
  0
LINE
  5
BC
330
1F
100
AcDbEntity
  8
1
  6
Continuous
 62
   163
370
    18
100
AcDbLine
 10
1106.073289
 20
33.338274
 30
0.0
 11
1251.637366
 21
33.331861
 31
0.0
  0
LINE
  5
BD
330
1F
100
AcDbEntity
  8
1
  6
Continuous
 62
   163
370
    18
100
AcDbLine
 10
1283.208583
 20
16.919137
 30
0.0
 11
1283.208583
 21
20.830274
 31
0.0
  0
LINE
  5
BE
330
1F
100
AcDbEntity
  8
1
  6
Continuous
 62
   163
370
    18
100
AcDbLine
 10
0.3
 20
20.844687
 30
0.0
 11
0.3
 21
16.919137
 31
0.0
  0
LINE
  5
BF
330
1F
100
AcDbEntity
  8
1
  6
Continuous
 62
   163
370
    18
100
AcDbLine
 10
-1.85
 20
16.919137
 30
0.0
 11
0.3
 21
16.919137
 31
0.0
  0
LINE
  5
C0
330
1F
100
AcDbEntity
  8
1
  6
Continuous
 62
   163
370
    18
100
AcDbLine
 10
1283.508583
 20
3.919137
 30
0.0
 11
1284.958583
 21
3.919137
 31
0.0
  0
LINE
  5
C1
330
1F
100
AcDbEntity
  8
1
  6
Continuous
 62
   163
370
    18
100
AcDbLine
 10
-1.85
 20
3.919137
 30
0.0
 11
0.0
 21
3.919137
 31
0.0
  0
LINE
  5
C2
330
1F
100
AcDbEntity
  8
1
  6
Continuous
 62
   163
370
    18
100
AcDbLine
 10
1284.958583
 20
16.919137
 30
0.0
 11
1284.958583
 21
3.919137
 31
0.0
  0
LINE
  5
C3
330
1F
100
AcDbEntity
  8
1
  6
Continuous
 62
   163
370
    18
100
AcDbLine
 10
-1.85
 20
3.919137
 30
0.0
 11
-1.85
 21
16.919137
 31
0.0
  0
LINE
  5
C4
330
1F
100
AcDbEntity
  8
1
  6
Continuous
 62
   163
370
    18
100
AcDbLine
 10
1283.208583
 20
16.919137
 30
0.0
 11
1284.958583
 21
16.919137
 31
0.0
  0
LINE
  5
C5
330
1F
100
AcDbEntity
  8
1
  6
Continuous
 62
   163
370
    18
100
AcDbLine
 10
1336.695622
 20
-346.436996
 30
0.0
 11
1339.195622
 21
-346.436996
 31
0.0
  0
LINE
  5
C6
330
1F
100
AcDbEntity
  8
1
  6
Continuous
 62
   163
370
    18
100
AcDbLine
 10
1336.995622
 20
-333.436996
 30
0.0
 11
1339.195622
 21
-333.436996
 31
0.0
  0
LINE
  5
C7
330
1F
100
AcDbEntity
  8
1
  6
Continuous
 62
   163
370
    18
100
AcDbLine
 10
-2.905445
 20
-346.436996
 30
0.0
 11
-2.905445
 21
-333.436996
 31
0.0
  0
LINE
  5
C8
330
1F
100
AcDbEntity
  8
1
  6
Continuous
 62
   163
370
    18
100
AcDbLine
 10
1339.195622
 20
-333.436996
 30
0.0
 11
1339.195622
 21
-346.436996
 31
0.0
  0
LINE
  5
C9
330
1F
100
AcDbEntity
  8
1
  6
Continuous
 62
   163
370
    18
100
AcDbLine
 10
-2.905445
 20
-333.436996
 30
0.0
 11
-1.055445
 21
-333.436996
 31
0.0
  0
LINE
  5
CA
330
1F
100
AcDbEntity
  8
1
  6
Continuous
 62
   163
370
    18
100
AcDbLine
 10
-1.055445
 20
-329.470324
 30
0.0
 11
-1.055445
 21
-333.436996
 31
0.0
  0
LINE
  5
CB
330
1F
100
AcDbEntity
  8
1
  6
Continuous
 62
   163
370
    18
100
AcDbLine
 10
-5.02851
 20
-329.457584
 30
0.0
 11
-1.055445
 21
-329.470324
 31
0.0
  0
LINE
  5
CC
330
1F
100
AcDbEntity
  8
1
  6
Continuous
 62
   163
370
    18
100
AcDbLine
 10
-3.972275
 20
-0.046834
 30
0.0
 11
0.0
 21
-0.059571
 31
0.0
  0
LINE
  5
CD
330
1F
100
AcDbEntity
  8
1
  6
Continuous
 62
   163
370
    18
100
AcDbLine
 10
0.0
 20
3.919137
 30
0.0
 11
0.0
 21
-0.059571
 31
0.0
  0
LINE
  5
CE
330
1F
100
AcDbEntity
  8
1
  6
Continuous
 62
   163
370
    18
100
AcDbLine
 10
1287.40972
 20
0.607159
 30
0.0
 11
1283.541322
 21
-0.021432
 31
0.0
  0
LINE
  5
CF
330
1F
100
AcDbEntity
  8
1
  6
Continuous
 62
   163
370
    18
100
AcDbLine
 10
1283.508583
 20
3.919137
 30
0.0
 11
1283.508583
 21
-0.026752
 31
0.0
  0
CIRCLE
  5
D0
330
1F
100
AcDbEntity
  8
1
  6
Continuous
 62
   150
370
    18
100
AcDbCircle
 10
1168.180799
 20
-290.017859
 30
0.0
 40
2.45
  0
CIRCLE
  5
D1
330
1F
100
AcDbEntity
  8
1
  6
Continuous
 62
   150
370
    18
100
AcDbCircle
 10
1051.979981
 20
-290.017859
 30
0.0
 40
2.45
  0
ARC
  5
D2
330
1F
100
AcDbEntity
  8
1
  6
Continuous
 62
   150
370
    18
100
AcDbCircle
 10
121.096012
 20
-275.517859
 30
0.0
 40
2.999999999999725
100
AcDbArc
 50
360.0
 51
90.0
  0
ARC
  5
D3
330
1F
100
AcDbEntity
  8
1
  6
Continuous
 62
   150
370
    18
100
AcDbCircle
 10
121.096012
 20
-304.517859
 30
0.0
 40
2.999999999999975
100
AcDbArc
 50
270.0
 51
360.0
  0
ARC
  5
D4
330
1F
100
AcDbEntity
  8
1
  6
Continuous
 62
   150
370
    18
100
AcDbCircle
 10
37.096012
 20
-304.517859
 30
0.0
 40
3.000000000000114
100
AcDbArc
 50
180.0
 51
270.0
  0
ARC
  5
D5
330
1F
100
AcDbEntity
  8
1
  6
Continuous
 62
   150
370
    18
100
AcDbCircle
 10
37.096012
 20
-275.517859
 30
0.0
 40
3.00000000000028
100
AcDbArc
 50
90.0
 51
180.0
  0
ARC
  5
D6
330
1F
100
AcDbEntity
  8
1
  6
Continuous
 62
   150
370
    18
100
AcDbCircle
 10
1290.617168
 20
-275.517859
 30
0.0
 40
2.999999999999614
100
AcDbArc
 50
0.0
 51
90.0
  0
ARC
  5
D7
330
1F
100
AcDbEntity
  8
1
  6
Continuous
 62
   150
370
    18
100
AcDbCircle
 10
1290.617168
 20
-304.517859
 30
0.0
 40
2.99999999999967
100
AcDbArc
 50
270.0
 51
360.0
  0
ARC
  5
D8
330
1F
100
AcDbEntity
  8
1
  6
Continuous
 62
   150
370
    18
100
AcDbCircle
 10
1206.617168
 20
-304.517859
 30
0.0
 40
2.999999999999892
100
AcDbArc
 50
180.0
 51
270.0
  0
ARC
  5
D9
330
1F
100
AcDbEntity
  8
1
  6
Continuous
 62
   150
370
    18
100
AcDbCircle
 10
1206.617168
 20
-275.517859
 30
0.0
 40
3.000000000000114
100
AcDbArc
 50
90.0
 51
180.0
  0
CIRCLE
  5
DA
330
1F
100
AcDbEntity
  8
1
  6
Continuous
 62
   150
370
    18
100
AcDbCircle
 10
1218.290651
 20
-77.677136
 30
0.0
 40
2.55
  0
CIRCLE
  5
DB
330
1F
100
AcDbEntity
  8
1
  6
Continuous
 62
   150
370
    18
100
AcDbCircle
 10
95.425077
 20
-40.076531
 30
0.0
 40
2.55
  0
CIRCLE
  5
DC
330
1F
100
AcDbEntity
  8
1
  6
Continuous
 62
   150
370
    18
100
AcDbCircle
 10
1218.39967
 20
-43.677311
 30
0.0
 40
2.55
  0
CIRCLE
  5
DD
330
1F
100
AcDbEntity
  8
1
  6
Continuous
 62
   150
370
    18
100
AcDbCircle
 10
95.316059
 20
-74.076356
 30
0.0
 40
2.55
  0
ARC
  5
DE
330
1F
100
AcDbEntity
  8
1
  6
Continuous
 62
   163
370
    18
100
AcDbCircle
 10
214.089688
 20
23.338274
 30
0.0
 40
9.999999999999561
100
AcDbArc
 50
90.0
 51
138.189685
  0
ARC
  5
DF
330
1F
100
AcDbEntity
  8
1
  6
Continuous
 62
   163
370
    18
100
AcDbCircle
 10
355.12564
 20
23.338274
 30
0.0
 40
10.00000000000878
100
AcDbArc
 50
41.810315
 51
90.0
  0
ARC
  5
E0
330
1F
100
AcDbEntity
  8
1
  6
Continuous
 62
   163
370
    18
100
AcDbCircle
 10
366.30598
 20
33.338274
 30
0.0
 40
4.999999999999717
100
AcDbArc
 50
221.810315
 51
270.0
  0
ARC
  5
E1
330
1F
100
AcDbEntity
  8
1
  6
Continuous
 62
   163
370
    18
100
AcDbCircle
 10
381.30598
 20
33.338274
 30
0.0
 40
4.999999999998172
100
AcDbArc
 50
270.0
 51
318.189685
  0
ARC
  5
E2
330
1F
100
AcDbEntity
  8
1
  6
Continuous
 62
   163
370
    18
100
AcDbCircle
 10
392.48632
 20
23.338274
 30
0.0
 40
9.999999999999527
100
AcDbArc
 50
90.0
 51
138.189685
  0
ARC
  5
E3
330
1F
100
AcDbEntity
  8
1
  6
Continuous
 62
   163
370
    18
100
AcDbCircle
 10
533.522272
 20
23.338274
 30
0.0
 40
10.00000000000889
100
AcDbArc
 50
41.810315
 51
90.0
  0
ARC
  5
E4
330
1F
100
AcDbEntity
  8
1
  6
Continuous
 62
   163
370
    18
100
AcDbCircle
 10
544.702612
 20
33.338274
 30
0.0
 40
5.000000000000422
100
AcDbArc
 50
221.810315
 51
270.0
  0
ARC
  5
E5
330
1F
100
AcDbEntity
  8
1
  6
Continuous
 62
   163
370
    18
100
AcDbCircle
 10
559.702612
 20
33.338274
 30
0.0
 40
4.999999999998283
100
AcDbArc
 50
270.0
 51
318.189685
  0
ARC
  5
E6
330
1F
100
AcDbEntity
  8
1
  6
Continuous
 62
   163
370
    18
100
AcDbCircle
 10
570.882952
 20
23.338274
 30
0.0
 40
9.99999999999928
100
AcDbArc
 50
90.0
 51
138.189685
  0
ARC
  5
E7
330
1F
100
AcDbEntity
  8
1
  6
Continuous
 62
   163
370
    18
100
AcDbCircle
 10
711.918904
 20
23.338274
 30
0.0
 40
10.00000000000889
100
AcDbArc
 50
41.810315
 51
90.0
  0
ARC
  5
E8
330
1F
100
AcDbEntity
  8
1
  6
Continuous
 62
   163
370
    18
100
AcDbCircle
 10
723.099244
 20
33.338274
 30
0.0
 40
5.000000000000126
100
AcDbArc
 50
221.810315
 51
270.0
  0
ARC
  5
E9
330
1F
100
AcDbEntity
  8
1
  6
Continuous
 62
   163
370
    18
100
AcDbCircle
 10
738.099244
 20
33.338274
 30
0.0
 40
4.999999999998506
100
AcDbArc
 50
270.0
 51
318.189685
  0
ARC
  5
EA
330
1F
100
AcDbEntity
  8
1
  6
Continuous
 62
   163
370
    18
100
AcDbCircle
 10
749.279584
 20
23.338274
 30
0.0
 40
9.999999999999472
100
AcDbArc
 50
90.0
 51
138.189685
  0
ARC
  5
EB
330
1F
100
AcDbEntity
  8
1
  6
Continuous
 62
   163
370
    18
100
AcDbCircle
 10
890.315536
 20
23.338274
 30
0.0
 40
10.00000000000872
100
AcDbArc
 50
41.810315
 51
90.0
  0
ARC
  5
EC
330
1F
100
AcDbEntity
  8
1
  6
Continuous
 62
   163
370
    18
100
AcDbCircle
 10
901.495876
 20
33.338274
 30
0.0
 40
5.000000000000422
100
AcDbArc
 50
221.810315
 51
270.0
  0
ARC
  5
ED
330
1F
100
AcDbEntity
  8
1
  6
Continuous
 62
   163
370
    18
100
AcDbCircle
 10
916.495876
 20
33.338274
 30
0.0
 40
4.999999999998616
100
AcDbArc
 50
270.0
 51
318.189685
  0
ARC
  5
EE
330
1F
100
AcDbEntity
  8
1
  6
Continuous
 62
   163
370
    18
100
AcDbCircle
 10
927.676216
 20
23.338274
 30
0.0
 40
9.999999999999732
100
AcDbArc
 50
90.0
 51
138.189685
  0
ARC
  5
EF
330
1F
100
AcDbEntity
  8
1
  6
Continuous
 62
   163
370
    18
100
AcDbCircle
 10
1068.712169
 20
23.338274
 30
0.0
 40
10.00000000000939
100
AcDbArc
 50
41.810315
 51
90.0
  0
ARC
  5
F0
330
1F
100
AcDbEntity
  8
1
  6
Continuous
 62
   163
370
    18
100
AcDbCircle
 10
1079.892508
 20
33.338274
 30
0.0
 40
5.000000000000651
100
AcDbArc
 50
221.810315
 51
270.0
  0
ARC
  5
F1
330
1F
100
AcDbEntity
  8
1
  6
Continuous
 62
   163
370
    18
100
AcDbCircle
 10
1094.892508
 20
33.338274
 30
0.0
 40
4.999999999998838
100
AcDbArc
 50
270.0
 51
318.189685
  0
ARC
  5
F2
330
1F
100
AcDbEntity
  8
1
  6
Continuous
 62
   163
370
    18
100
AcDbCircle
 10
1106.072848
 20
23.338274
 30
0.0
 40
9.999999999999158
100
AcDbArc
 50
89.997476
 51
138.189685
  0
ARC
  5
F3
330
1F
100
AcDbEntity
  8
1
  6
Continuous
 62
   163
370
    18
100
AcDbCircle
 10
176.729008
 20
23.338274
 30
0.0
 40
9.999999999999904
100
AcDbArc
 50
41.810315
 51
89.997364
  0
ARC
  5
F4
330
1F
100
AcDbEntity
  8
1
  6
Continuous
 62
   163
370
    18
100
AcDbCircle
 10
187.909348
 20
33.338274
 30
0.0
 40
4.999999999999934
100
AcDbArc
 50
221.810315
 51
270.0
  0
ARC
  5
F5
330
1F
100
AcDbEntity
  8
1
  6
Continuous
 62
   163
370
    18
100
AcDbCircle
 10
202.909348
 20
33.338274
 30
0.0
 40
4.99999999999906
100
AcDbArc
 50
270.0
 51
318.189685
  0
ARC
  5
F6
330
1F
100
AcDbEntity
  8
1
  6
Continuous
 62
   150
370
    18
100
AcDbCircle
 10
1268.289141
 20
11.883359
 30
0.0
 40
3.25000000000325
100
AcDbArc
 50
270.0
 51
90.0
  0
ARC
  5
F7
330
1F
100
AcDbEntity
  8
1
  6
Continuous
 62
   150
370
    18
100
AcDbCircle
 10
1263.289141
 20
11.883359
 30
0.0
 40
3.249999999995367
100
AcDbArc
 50
90.0
 51
270.0
  0
ARC
  5
F8
330
1F
100
AcDbEntity
  8
1
  6
Continuous
 62
   150
370
    18
100
AcDbCircle
 10
1089.892508
 20
11.883359
 30
0.0
 40
3.250000000003749
100
AcDbArc
 50
270.0
 51
90.0
  0
ARC
  5
F9
330
1F
100
AcDbEntity
  8
1
  6
Continuous
 62
   150
370
    18
100
AcDbCircle
 10
1084.892508
 20
11.883359
 30
0.0
 40
3.249999999995534
100
AcDbArc
 50
90.0
 51
270.0
  0
ARC
  5
FA
330
1F
100
AcDbEntity
  8
1
  6
Continuous
 62
   150
370
    18
100
AcDbCircle
 10
911.495876
 20
11.883359
 30
0.0
 40
3.250000000003639
100
AcDbArc
 50
270.0
 51
90.0
  0
ARC
  5
FB
330
1F
100
AcDbEntity
  8
1
  6
Continuous
 62
   150
370
    18
100
AcDbCircle
 10
906.495876
 20
11.883359
 30
0.0
 40
3.24999999999559
100
AcDbArc
 50
90.0
 51
270.0
  0
ARC
  5
FC
330
1F
100
AcDbEntity
  8
1
  6
Continuous
 62
   150
370
    18
100
AcDbCircle
 10
733.099244
 20
11.883359
 30
0.0
 40
3.250000000003195
100
AcDbArc
 50
270.0
 51
90.0
  0
ARC
  5
FD
330
1F
100
AcDbEntity
  8
1
  6
Continuous
 62
   150
370
    18
100
AcDbCircle
 10
728.099244
 20
11.883359
 30
0.0
 40
3.249999999995645
100
AcDbArc
 50
90.0
 51
270.0
  0
ARC
  5
FE
330
1F
100
AcDbEntity
  8
1
  6
Continuous
 62
   150
370
    18
100
AcDbCircle
 10
554.702612
 20
11.883359
 30
0.0
 40
3.250000000003639
100
AcDbArc
 50
270.0
 51
90.0
  0
ARC
  5
FF
330
1F
100
AcDbEntity
  8
1
  6
Continuous
 62
   150
370
    18
100
AcDbCircle
 10
549.702612
 20
11.883359
 30
0.0
 40
3.249999999995756
100
AcDbArc
 50
90.0
 51
270.0
  0
ARC
  5
100
330
1F
100
AcDbEntity
  8
1
  6
Continuous
 62
   150
370
    18
100
AcDbCircle
 10
376.30598
 20
11.883359
 30
0.0
 40
3.250000000002973
100
AcDbArc
 50
270.0
 51
90.0
  0
ARC
  5
101
330
1F
100
AcDbEntity
  8
1
  6
Continuous
 62
   150
370
    18
100
AcDbCircle
 10
371.30598
 20
11.883359
 30
0.0
 40
3.24999999999559
100
AcDbArc
 50
90.0
 51
270.0
  0
ARC
  5
102
330
1F
100
AcDbEntity
  8
1
  6
Continuous
 62
   150
370
    18
100
AcDbCircle
 10
197.909348
 20
11.883359
 30
0.0
 40
3.250000000003583
100
AcDbArc
 50
270.0
 51
90.0
  0
ARC
  5
103
330
1F
100
AcDbEntity
  8
1
  6
Continuous
 62
   150
370
    18
100
AcDbCircle
 10
192.909348
 20
11.883359
 30
0.0
 40
3.249999999995978
100
AcDbArc
 50
90.0
 51
270.0
  0
ARC
  5
104
330
1F
100
AcDbEntity
  8
1
  6
Continuous
 62
   150
370
    18
100
AcDbCircle
 10
19.512716
 20
11.883359
 30
0.0
 40
3.250000000002973
100
AcDbArc
 50
270.0
 51
90.0
  0
ARC
  5
105
330
1F
100
AcDbEntity
  8
1
  6
Continuous
 62
   150
370
    18
100
AcDbCircle
 10
14.512716
 20
11.883359
 30
0.0
 40
3.249999999996256
100
AcDbArc
 50
90.0
 51
270.0
  0
ARC
  5
106
330
1F
100
AcDbEntity
  8
1
  6
Continuous
 62
   163
370
    18
100
AcDbCircle
 10
1292.99609
 20
-387.862546
 30
0.0
 40
24.99999999999944
100
AcDbArc
 50
40.958192
 51
89.999415
  0
ARC
  5
107
330
1F
100
AcDbEntity
  8
1
  6
Continuous
 62
   163
370
    18
100
AcDbCircle
 10
36.510867
 20
-387.84972
 30
0.0
 40
25.00000000000002
100
AcDbArc
 50
89.999415
 51
134.51889
  0
ARC
  5
108
330
1F
100
AcDbEntity
  8
1
  6
Continuous
 62
   163
370
    18
100
AcDbCircle
 10
-59.326914
 20
-291.716974
 30
0.0
 40
24.99999999999949
100
AcDbArc
 50
315.297395
 51
359.816285
  0
ARC
  5
109
330
1F
100
AcDbEntity
  8
1
  6
Continuous
 62
   163
370
    18
100
AcDbCircle
 10
-58.510818
 20
-37.199115
 30
0.0
 40
24.99999999999991
100
AcDbArc
 50
359.816285
 51
44.15146
  0
ARC
  5
10A
330
1F
100
AcDbEntity
  8
1
  6
Continuous
 62
   163
370
    18
100
AcDbCircle
 10
1346.235983
 20
-22.122057
 30
0.0
 40
24.9999999999996
100
AcDbArc
 50
149.417295
 51
189.229552
  0
ARC
  5
10B
330
1F
100
AcDbEntity
  8
1
  6
Continuous
 62
   163
370
    18
100
AcDbCircle
 10
1387.59361
 20
-276.639916
 30
0.0
 40
24.99999999999994
100
AcDbArc
 50
189.229552
 51
238.27136
  0
ARC
  5
10C
330
1F
100
AcDbEntity
  8
1
  6
Continuous
 62
   163
370
    18
100
AcDbCircle
 10
37.326963
 20
58.344687
 30
0.0
 40
24.9999999999999
100
AcDbArc
 50
225.664825
 51
269.997364
  0
ARC
  5
10D
330
1F
100
AcDbEntity
  8
1
  6
Continuous
 62
   163
370
    18
100
AcDbCircle
 10
1251.638464
 20
58.331861
 30
0.0
 40
24.99999999999939
100
AcDbArc
 50
269.997485
 51
309.812257
  0
ENDSEC
  0
SECTION
  2
OBJECTS
  0
DICTIONARY
  5
C
330
0
100
AcDbDictionary
281
     1
  3
ACAD_DETAILVIEWSTYLE
350
16A
  3
ACAD_GROUP
350
D
  3
ACAD_LAYOUT
350
1A
  3
ACAD_MATERIAL
350
43
  3
ACAD_MLEADERSTYLE
350
6B
  3
ACAD_MLINESTYLE
350
17
  3
ACAD_PLOTSETTINGS
350
19
  3
ACAD_PLOTSTYLENAME
350
E
  3
ACAD_SCALELIST
350
47
  3
ACAD_SECTIONVIEWSTYLE
350
16B
  3
ACAD_TABLESTYLE
350
69
  3
ACAD_VISUALSTYLE
350
2A
  3
ACDB_RECOMPOSE_DATA
350
167
  3
AcDbVariableDictionary
350
127
  0
DICTIONARY
  5
125
330
8
100
AcDbDictionary
280
     1
281
     1
  3
ACAD_XREC_ROUNDTRIP
360
126
  0
DICTIONARY
  5
16A
102
{ACAD_REACTORS
330
C
102
}
330
C
100
AcDbDictionary
281
     1
  0
DICTIONARY
  5
D
102
{ACAD_REACTORS
330
C
102
}
330
C
100
AcDbDictionary
281
     1
  0
DICTIONARY
  5
1A
102
{ACAD_REACTORS
330
C
102
}
330
C
100
AcDbDictionary
281
     1
  3
Layout1
350
1E
  3
Layout2
350
26
  3
Model
350
22
  0
DICTIONARY
  5
43
102
{ACAD_REACTORS
330
C
102
}
330
C
100
AcDbDictionary
281
     1
  3
ByBlock
350
45
  3
ByLayer
350
44
  3
Global
350
46
  0
DICTIONARY
  5
6B
102
{ACAD_REACTORS
330
C
102
}
330
C
100
AcDbDictionary
281
     1
  3
Standard
350
6C
  0
DICTIONARY
  5
17
102
{ACAD_REACTORS
330
C
102
}
330
C
100
AcDbDictionary
281
     1
  3
Standard
350
18
  0
DICTIONARY
  5
19
102
{ACAD_REACTORS
330
C
102
}
330
C
100
AcDbDictionary
281
     1
  0
ACDBDICTIONARYWDFLT
  5
E
102
{ACAD_REACTORS
330
C
102
}
330
C
100
AcDbDictionary
281
     1
  3
Normal
350
F
100
AcDbDictionaryWithDefault
340
F
  0
DICTIONARY
  5
47
102
{ACAD_REACTORS
330
C
102
}
330
C
100
AcDbDictionary
281
     1
  3
A0
350
48
  3
A1
350
49
  3
A2
350
4A
  3
A3
350
4B
  3
A4
350
4C
  3
A5
350
4D
  3
A6
350
4E
  3
A7
350
4F
  3
A8
350
50
  3
A9
350
51
  3
B0
350
52
  3
B1
350
53
  3
B2
350
54
  3
B3
350
55
  3
B4
350
56
  3
B5
350
57
  3
B6
350
58
  3
B7
350
59
  3
B8
350
5A
  3
B9
350
5B
  3
C0
350
5C
  3
C1
350
5D
  3
C2
350
5E
  3
C3
350
5F
  3
C4
350
60
  3
C5
350
61
  3
C6
350
62
  3
C7
350
63
  3
C8
350
64
  3
C9
350
65
  3
D0
350
66
  3
D1
350
67
  3
D2
350
68
  0
DICTIONARY
  5
16B
102
{ACAD_REACTORS
330
C
102
}
330
C
100
AcDbDictionary
281
     1
  0
DICTIONARY
  5
69
102
{ACAD_REACTORS
330
C
102
}
330
C
100
AcDbDictionary
281
     1
  3
Standard
350
6A
  0
DICTIONARY
  5
2A
102
{ACAD_REACTORS
330
C
102
}
330
C
100
AcDbDictionary
281
     1
  3
2dWireframe
350
2F
  3
Basic
350
32
  3
Brighten
350
36
  3
ColorChange
350
3A
  3
Conceptual
350
34
  3
Dim
350
35
  3
EdgeColorOff
350
3D
  3
Facepattern
350
39
  3
Flat
350
2B
  3
FlatWithEdges
350
2C
  3
Gouraud
350
2D
  3
GouraudWithEdges
350
2E
  3
Hidden
350
31
  3
JitterOff
350
3B
  3
Linepattern
350
38
  3
OverhangOff
350
3C
  3
Realistic
350
33
  3
Shaded
350
42
  3
Shaded with edges
350
41
  3
Shades of Gray
350
3E
  3
Sketchy
350
3F
  3
Thicken
350
37
  3
Wireframe
350
30
  3
X-Ray
350
40
  0
XRECORD
  5
167
102
{ACAD_REACTORS
330
C
102
}
330
C
100
AcDbXrecord
280
     1
 90
        1
330
6A
  0
DICTIONARY
  5
127
102
{ACAD_REACTORS
330
C
102
}
330
C
100
AcDbDictionary
281
     1
  3
CANNOSCALE
350
128
  3
CMLEADERSTYLE
350
169
  3
CTABLESTYLE
350
168
  3
MSLTSCALE
350
129
  3
XCLIPFRAME
350
12A
  0
XRECORD
  5
126
102
{ACAD_REACTORS
330
125
102
}
330
125
100
AcDbXrecord
280
     1
102
VTR_0.000_0.000_1.000_1.000_VISUALSTYLE
340
2F
102
VTR_0.000_0.000_1.000_1.000_GRIDDISPLAY
 70
     3
102
VTR_0.000_0.000_1.000_1.000_GRIDMAJOR
 70
     5
102
VTR_0.000_0.000_1.000_1.000_DEFAULTLIGHTING
280
     1
102
VTR_0.000_0.000_1.000_1.000_DEFAULTLIGHTINGTYPE
 70
     1
102
VTR_0.000_0.000_1.000_1.000_BRIGHTNESS
141
0.0
102
VTR_0.000_0.000_1.000_1.000_CONTRAST
142
0.0
102
VTR_0.000_0.000_0.500_1.000_VISUALSTYLE
340
2F
102
VTR_0.000_0.000_0.500_1.000_GRIDDISPLAY
 70
     3
102
VTR_0.000_0.000_0.500_1.000_GRIDMAJOR
 70
     5
102
VTR_0.000_0.000_0.500_1.000_DEFAULTLIGHTING
280
     1
102
VTR_0.000_0.000_0.500_1.000_DEFAULTLIGHTINGTYPE
 70
     1
102
VTR_0.000_0.000_0.500_1.000_BRIGHTNESS
141
0.0
102
VTR_0.000_0.000_0.500_1.000_CONTRAST
142
0.0
102
VTR_0.500_0.000_1.000_1.000_VISUALSTYLE
340
2F
102
VTR_0.500_0.000_1.000_1.000_GRIDDISPLAY
 70
     3
102
VTR_0.500_0.000_1.000_1.000_GRIDMAJOR
 70
     5
102
VTR_0.500_0.000_1.000_1.000_DEFAULTLIGHTING
280
     1
102
VTR_0.500_0.000_1.000_1.000_DEFAULTLIGHTINGTYPE
 70
     1
102
VTR_0.500_0.000_1.000_1.000_BRIGHTNESS
141
0.0
102
VTR_0.500_0.000_1.000_1.000_CONTRAST
142
0.0
102
VTR_0.000_0.500_1.000_1.000_VISUALSTYLE
340
2F
102
VTR_0.000_0.500_1.000_1.000_GRIDDISPLAY
 70
     3
102
VTR_0.000_0.500_1.000_1.000_GRIDMAJOR
 70
     5
102
VTR_0.000_0.500_1.000_1.000_DEFAULTLIGHTING
280
     1
102
VTR_0.000_0.500_1.000_1.000_DEFAULTLIGHTINGTYPE
 70
     1
102
VTR_0.000_0.500_1.000_1.000_BRIGHTNESS
141
0.0
102
VTR_0.000_0.500_1.000_1.000_CONTRAST
142
0.0
102
VTR_0.000_0.000_1.000_0.500_VISUALSTYLE
340
2F
102
VTR_0.000_0.000_1.000_0.500_GRIDDISPLAY
 70
     3
102
VTR_0.000_0.000_1.000_0.500_GRIDMAJOR
 70
     5
102
VTR_0.000_0.000_1.000_0.500_DEFAULTLIGHTING
280
     1
102
VTR_0.000_0.000_1.000_0.500_DEFAULTLIGHTINGTYPE
 70
     1
102
VTR_0.000_0.000_1.000_0.500_BRIGHTNESS
141
0.0
102
VTR_0.000_0.000_1.000_0.500_CONTRAST
142
0.0
102
VTR_0.000_0.500_0.500_1.000_VISUALSTYLE
340
2F
102
VTR_0.000_0.500_0.500_1.000_GRIDDISPLAY
 70
     3
102
VTR_0.000_0.500_0.500_1.000_GRIDMAJOR
 70
     5
102
VTR_0.000_0.500_0.500_1.000_DEFAULTLIGHTING
280
     1
102
VTR_0.000_0.500_0.500_1.000_DEFAULTLIGHTINGTYPE
 70
     1
102
VTR_0.000_0.500_0.500_1.000_BRIGHTNESS
141
0.0
102
VTR_0.000_0.500_0.500_1.000_CONTRAST
142
0.0
102
VTR_0.000_0.000_0.500_0.500_VISUALSTYLE
340
2F
102
VTR_0.000_0.000_0.500_0.500_GRIDDISPLAY
 70
     3
102
VTR_0.000_0.000_0.500_0.500_GRIDMAJOR
 70
     5
102
VTR_0.000_0.000_0.500_0.500_DEFAULTLIGHTING
280
     1
102
VTR_0.000_0.000_0.500_0.500_DEFAULTLIGHTINGTYPE
 70
     1
102
VTR_0.000_0.000_0.500_0.500_BRIGHTNESS
141
0.0
102
VTR_0.000_0.000_0.500_0.500_CONTRAST
142
0.0
102
VTR_0.500_0.000_1.000_0.500_VISUALSTYLE
340
2F
102
VTR_0.500_0.000_1.000_0.500_GRIDDISPLAY
 70
     3
102
VTR_0.500_0.000_1.000_0.500_GRIDMAJOR
 70
     5
102
VTR_0.500_0.000_1.000_0.500_DEFAULTLIGHTING
280
     1
102
VTR_0.500_0.000_1.000_0.500_DEFAULTLIGHTINGTYPE
 70
     1
102
VTR_0.500_0.000_1.000_0.500_BRIGHTNESS
141
0.0
102
VTR_0.500_0.000_1.000_0.500_CONTRAST
142
0.0
102
VTR_0.500_0.500_1.000_1.000_VISUALSTYLE
340
2F
102
VTR_0.500_0.500_1.000_1.000_GRIDDISPLAY
 70
     3
102
VTR_0.500_0.500_1.000_1.000_GRIDMAJOR
 70
     5
102
VTR_0.500_0.500_1.000_1.000_DEFAULTLIGHTING
280
     1
102
VTR_0.500_0.500_1.000_1.000_DEFAULTLIGHTINGTYPE
 70
     1
102
VTR_0.500_0.500_1.000_1.000_BRIGHTNESS
141
0.0
102
VTR_0.500_0.500_1.000_1.000_CONTRAST
142
0.0
102
VTR_0.000_0.500_0.333_1.000_VISUALSTYLE
340
2F
102
VTR_0.000_0.500_0.333_1.000_GRIDDISPLAY
 70
     3
102
VTR_0.000_0.500_0.333_1.000_GRIDMAJOR
 70
     5
102
VTR_0.000_0.500_0.333_1.000_DEFAULTLIGHTING
280
     1
102
VTR_0.000_0.500_0.333_1.000_DEFAULTLIGHTINGTYPE
 70
     1
102
VTR_0.000_0.500_0.333_1.000_BRIGHTNESS
141
0.0
102
VTR_0.000_0.500_0.333_1.000_CONTRAST
142
0.0
102
VTR_0.000_0.000_0.333_0.500_VISUALSTYLE
340
2F
102
VTR_0.000_0.000_0.333_0.500_GRIDDISPLAY
 70
     3
102
VTR_0.000_0.000_0.333_0.500_GRIDMAJOR
 70
     5
102
VTR_0.000_0.000_0.333_0.500_DEFAULTLIGHTING
280
     1
102
VTR_0.000_0.000_0.333_0.500_DEFAULTLIGHTINGTYPE
 70
     1
102
VTR_0.000_0.000_0.333_0.500_BRIGHTNESS
141
0.0
102
VTR_0.000_0.000_0.333_0.500_CONTRAST
142
0.0
102
VTR_0.333_0.500_0.667_1.000_VISUALSTYLE
340
2F
102
VTR_0.333_0.500_0.667_1.000_GRIDDISPLAY
 70
     3
102
VTR_0.333_0.500_0.667_1.000_GRIDMAJOR
 70
     5
102
VTR_0.333_0.500_0.667_1.000_DEFAULTLIGHTING
280
     1
102
VTR_0.333_0.500_0.667_1.000_DEFAULTLIGHTINGTYPE
 70
     1
102
VTR_0.333_0.500_0.667_1.000_BRIGHTNESS
141
0.0
102
VTR_0.333_0.500_0.667_1.000_CONTRAST
142
0.0
102
VTR_0.333_0.000_0.667_0.500_VISUALSTYLE
340
2F
102
VTR_0.333_0.000_0.667_0.500_GRIDDISPLAY
 70
     3
102
VTR_0.333_0.000_0.667_0.500_GRIDMAJOR
 70
     5
102
VTR_0.333_0.000_0.667_0.500_DEFAULTLIGHTING
280
     1
102
VTR_0.333_0.000_0.667_0.500_DEFAULTLIGHTINGTYPE
 70
     1
102
VTR_0.333_0.000_0.667_0.500_BRIGHTNESS
141
0.0
102
VTR_0.333_0.000_0.667_0.500_CONTRAST
142
0.0
102
VTR_0.667_0.500_1.000_1.000_VISUALSTYLE
340
2F
102
VTR_0.667_0.500_1.000_1.000_GRIDDISPLAY
 70
     3
102
VTR_0.667_0.500_1.000_1.000_GRIDMAJOR
 70
     5
102
VTR_0.667_0.500_1.000_1.000_DEFAULTLIGHTING
280
     1
102
VTR_0.667_0.500_1.000_1.000_DEFAULTLIGHTINGTYPE
 70
     1
102
VTR_0.667_0.500_1.000_1.000_BRIGHTNESS
141
0.0
102
VTR_0.667_0.500_1.000_1.000_CONTRAST
142
0.0
102
VTR_0.667_0.000_1.000_0.500_VISUALSTYLE
340
2F
102
VTR_0.667_0.000_1.000_0.500_GRIDDISPLAY
 70
     3
102
VTR_0.667_0.000_1.000_0.500_GRIDMAJOR
 70
     5
102
VTR_0.667_0.000_1.000_0.500_DEFAULTLIGHTING
280
     1
102
VTR_0.667_0.000_1.000_0.500_DEFAULTLIGHTINGTYPE
 70
     1
102
VTR_0.667_0.000_1.000_0.500_BRIGHTNESS
141
0.0
102
VTR_0.667_0.000_1.000_0.500_CONTRAST
142
0.0
  0
LAYOUT
  5
1E
102
{ACAD_REACTORS
330
1A
102
}
330
1A
100
AcDbPlotSettings
  1

  2
none_device
  4

  6

 40
0.0
 41
0.0
 42
0.0
 43
0.0
 44
0.0
 45
0.0
 46
0.0
 47
0.0
 48
0.0
 49
0.0
140
0.0
141
0.0
142
1.0
143
1.0
 70
   688
 72
     0
 73
     0
 74
     5
  7

 75
    16
 76
     0
 77
     2
 78
   300
147
1.0
148
0.0
149
0.0
100
AcDbLayout
  1
Layout1
 70
     1
 71
     1
 10
-0.5
 20
-0.5
 11
5.0
 21
5.0
 12
0.0
 22
0.0
 32
0.0
 14
-0.5
 24
-0.5
 34
-0.5
 15
5.0
 25
5.0
 35
5.0
146
0.0
 13
0.0
 23
0.0
 33
0.0
 16
1.0
 26
0.0
 36
0.0
 17
0.0
 27
1.0
 37
0.0
 76
     0
330
1B
  0
LAYOUT
  5
26
102
{ACAD_REACTORS
330
1A
102
}
330
1A
100
AcDbPlotSettings
  1

  2
none_device
  4

  6

 40
0.0
 41
0.0
 42
0.0
 43
0.0
 44
0.0
 45
0.0
 46
0.0
 47
0.0
 48
0.0
 49
0.0
140
0.0
141
0.0
142
1.0
143
1.0
 70
   688
 72
     0
 73
     0
 74
     5
  7

 75
    16
 76
     0
 77
     2
 78
   300
147
1.0
148
0.0
149
0.0
100
AcDbLayout
  1
Layout2
 70
     1
 71
     2
 10
0.0
 20
0.0
 11
0.0
 21
0.0
 12
0.0
 22
0.0
 32
0.0
 14
0.0
 24
0.0
 34
0.0
 15
0.0
 25
0.0
 35
0.0
146
0.0
 13
0.0
 23
0.0
 33
0.0
 16
1.0
 26
0.0
 36
0.0
 17
0.0
 27
1.0
 37
0.0
 76
     0
330
23
  0
LAYOUT
  5
22
102
{ACAD_REACTORS
330
1A
102
}
330
1A
100
AcDbPlotSettings
  1

  2
none_device
  4
Letter_(8.50_x_11.00_Inches)
  6

 40
6.35
 41
6.35
 42
6.350005
 43
6.350005
 44
215.9
 45
279.4
 46
0.0
 47
0.0
 48
0.0
 49
0.0
140
0.0
141
0.0
142
1.0
143
1.0
 70
  1712
 72
     0
 73
     0
 74
     0
  7

 75
     0
 76
     0
 77
     2
 78
   300
147
1.0
148
0.0
149
0.0
100
AcDbLayout
  1
Model
 70
     1
 71
     0
 10
-0.5
 20
-0.5
 11
5.0
 21
5.0
 12
0.0
 22
0.0
 32
0.0
 14
-0.5
 24
-0.5
 34
-0.5
 15
5.0
 25
5.0
 35
5.0
146
0.0
 13
0.0
 23
0.0
 33
0.0
 16
1.0
 26
0.0
 36
0.0
 17
0.0
 27
1.0
 37
0.0
 76
     0
330
1F
331
29
  0
MATERIAL
  5
45
102
{ACAD_REACTORS
330
43
102
}
102
{ACAD_XDICTIONARY
360
15D
102
}
330
43
100
AcDbMaterial
  1
ByBlock
  0
MATERIAL
  5
44
102
{ACAD_REACTORS
330
43
102
}
102
{ACAD_XDICTIONARY
360
15B
102
}
330
43
100
AcDbMaterial
  1
ByLayer
  0
MATERIAL
  5
46
102
{ACAD_REACTORS
330
43
102
}
102
{ACAD_XDICTIONARY
360
15F
102
}
330
43
100
AcDbMaterial
  1
Global
  0
MLEADERSTYLE
  5
6C
102
{ACAD_REACTORS
330
6B
102
}
102
{ACAD_XDICTIONARY
360
165
102
}
330
6B
100
AcDbMLeaderStyle
170
     2
171
     1
172
     0
 90
        2
 40
0.0
 41
0.0
173
     1
 91
-1056964608
340
14
 92
       -2
290
     1
 42
0.09
291
     1
 43
0.36
  3
Standard
341
0
 44
0.18
300

342
11
174
     1
178
     6
175
     1
176
     0
 93
-1056964608
 45
0.18
292
     0
297
     0
 46
0.18
343
0
 94
-1056964608
 47
1.0
 49
1.0
140
1.0
293
     1
141
0.0
294
     1
177
     0
142
1.0
295
     0
296
     0
143
0.125
1001
ACAD_MLEADERVER
1070
     2
  0
MLINESTYLE
  5
18
102
{ACAD_REACTORS
330
17
102
}
330
17
100
AcDbMlineStyle
  2
Standard
 70
     0
  3

 62
   256
 51
90.0
 52
90.0
 71
     2
 49
0.5
 62
   256
  6
BYLAYER
 49
-0.5
 62
   256
  6
BYLAYER
  0
ACDBPLACEHOLDER
  5
F
102
{ACAD_REACTORS
330
E
102
}
330
E
  0
SCALE
  5
48
102
{ACAD_REACTORS
330
47
102
}
330
47
100
AcDbScale
 70
     0
300
1:1
140
1.0
141
1.0
290
     1
  0
SCALE
  5
49
102
{ACAD_REACTORS
330
47
102
}
330
47
100
AcDbScale
 70
     0
300
1:2
140
1.0
141
2.0
290
     0
  0
SCALE
  5
4A
102
{ACAD_REACTORS
330
47
102
}
330
47
100
AcDbScale
 70
     0
300
1:4
140
1.0
141
4.0
290
     0
  0
SCALE
  5
4B
102
{ACAD_REACTORS
330
47
102
}
330
47
100
AcDbScale
 70
     0
300
1:5
140
1.0
141
5.0
290
     0
  0
SCALE
  5
4C
102
{ACAD_REACTORS
330
47
102
}
330
47
100
AcDbScale
 70
     0
300
1:8
140
1.0
141
8.0
290
     0
  0
SCALE
  5
4D
102
{ACAD_REACTORS
330
47
102
}
330
47
100
AcDbScale
 70
     0
300
1:10
140
1.0
141
10.0
290
     0
  0
SCALE
  5
4E
102
{ACAD_REACTORS
330
47
102
}
330
47
100
AcDbScale
 70
     0
300
1:16
140
1.0
141
16.0
290
     0
  0
SCALE
  5
4F
102
{ACAD_REACTORS
330
47
102
}
330
47
100
AcDbScale
 70
     0
300
1:20
140
1.0
141
20.0
290
     0
  0
SCALE
  5
50
102
{ACAD_REACTORS
330
47
102
}
330
47
100
AcDbScale
 70
     0
300
1:30
140
1.0
141
30.0
290
     0
  0
SCALE
  5
51
102
{ACAD_REACTORS
330
47
102
}
330
47
100
AcDbScale
 70
     0
300
1:40
140
1.0
141
40.0
290
     0
  0
SCALE
  5
52
102
{ACAD_REACTORS
330
47
102
}
330
47
100
AcDbScale
 70
     0
300
1:50
140
1.0
141
50.0
290
     0
  0
SCALE
  5
53
102
{ACAD_REACTORS
330
47
102
}
330
47
100
AcDbScale
 70
     0
300
1:100
140
1.0
141
100.0
290
     0
  0
SCALE
  5
54
102
{ACAD_REACTORS
330
47
102
}
330
47
100
AcDbScale
 70
     0
300
2:1
140
2.0
141
1.0
290
     0
  0
SCALE
  5
55
102
{ACAD_REACTORS
330
47
102
}
330
47
100
AcDbScale
 70
     0
300
4:1
140
4.0
141
1.0
290
     0
  0
SCALE
  5
56
102
{ACAD_REACTORS
330
47
102
}
330
47
100
AcDbScale
 70
     0
300
8:1
140
8.0
141
1.0
290
     0
  0
SCALE
  5
57
102
{ACAD_REACTORS
330
47
102
}
330
47
100
AcDbScale
 70
     0
300
10:1
140
10.0
141
1.0
290
     0
  0
SCALE
  5
58
102
{ACAD_REACTORS
330
47
102
}
330
47
100
AcDbScale
 70
     0
300
100:1
140
100.0
141
1.0
290
     0
  0
SCALE
  5
59
102
{ACAD_REACTORS
330
47
102
}
330
47
100
AcDbScale
 70
     0
300
1/128" = 1'-0"
140
0.007812
141
12.0
290
     0
  0
SCALE
  5
5A
102
{ACAD_REACTORS
330
47
102
}
330
47
100
AcDbScale
 70
     0
300
1/64" = 1'-0"
140
0.015625
141
12.0
290
     0
  0
SCALE
  5
5B
102
{ACAD_REACTORS
330
47
102
}
330
47
100
AcDbScale
 70
     0
300
1/32" = 1'-0"
140
0.03125
141
12.0
290
     0
  0
SCALE
  5
5C
102
{ACAD_REACTORS
330
47
102
}
330
47
100
AcDbScale
 70
     0
300
1/16" = 1'-0"
140
0.0625
141
12.0
290
     0
  0
SCALE
  5
5D
102
{ACAD_REACTORS
330
47
102
}
330
47
100
AcDbScale
 70
     0
300
3/32" = 1'-0"
140
0.09375
141
12.0
290
     0
  0
SCALE
  5
5E
102
{ACAD_REACTORS
330
47
102
}
330
47
100
AcDbScale
 70
     0
300
1/8" = 1'-0"
140
0.125
141
12.0
290
     0
  0
SCALE
  5
5F
102
{ACAD_REACTORS
330
47
102
}
330
47
100
AcDbScale
 70
     0
300
3/16" = 1'-0"
140
0.1875
141
12.0
290
     0
  0
SCALE
  5
60
102
{ACAD_REACTORS
330
47
102
}
330
47
100
AcDbScale
 70
     0
300
1/4" = 1'-0"
140
0.25
141
12.0
290
     0
  0
SCALE
  5
61
102
{ACAD_REACTORS
330
47
102
}
330
47
100
AcDbScale
 70
     0
300
3/8" = 1'-0"
140
0.375
141
12.0
290
     0
  0
SCALE
  5
62
102
{ACAD_REACTORS
330
47
102
}
330
47
100
AcDbScale
 70
     0
300
1/2" = 1'-0"
140
0.5
141
12.0
290
     0
  0
SCALE
  5
63
102
{ACAD_REACTORS
330
47
102
}
330
47
100
AcDbScale
 70
     0
300
3/4" = 1'-0"
140
0.75
141
12.0
290
     0
  0
SCALE
  5
64
102
{ACAD_REACTORS
330
47
102
}
330
47
100
AcDbScale
 70
     0
300
1" = 1'-0"
140
1.0
141
12.0
290
     0
  0
SCALE
  5
65
102
{ACAD_REACTORS
330
47
102
}
330
47
100
AcDbScale
 70
     0
300
1-1/2" = 1'-0"
140
1.5
141
12.0
290
     0
  0
SCALE
  5
66
102
{ACAD_REACTORS
330
47
102
}
330
47
100
AcDbScale
 70
     0
300
3" = 1'-0"
140
3.0
141
12.0
290
     0
  0
SCALE
  5
67
102
{ACAD_REACTORS
330
47
102
}
330
47
100
AcDbScale
 70
     0
300
6" = 1'-0"
140
6.0
141
12.0
290
     0
  0
SCALE
  5
68
102
{ACAD_REACTORS
330
47
102
}
330
47
100
AcDbScale
 70
     0
300
1'-0" = 1'-0"
140
12.0
141
12.0
290
     0
  0
TABLESTYLE
  5
6A
102
{ACAD_REACTORS
330
69
102
}
102
{ACAD_XDICTIONARY
360
161
102
}
330
69
100
AcDbTableStyle
  3
Standard
 70
     0
 71
     0
 40
0.06
 41
0.06
280
     0
281
     0
  7
Standard
140
0.18
170
     2
 62
     0
 63
   257
283
     0
274
    -2
284
     1
 64
     0
275
    -2
285
     1
 65
     0
276
    -2
286
     1
 66
     0
277
    -2
287
     1
 67
     0
278
    -2
288
     1
 68
     0
279
    -2
289
     1
 69
     0
  7
Standard
140
0.25
170
     5
 62
     0
 63
   257
283
     0
274
    -2
284
     1
 64
     0
275
    -2
285
     1
 65
     0
276
    -2
286
     1
 66
     0
277
    -2
287
     1
 67
     0
278
    -2
288
     1
 68
     0
279
    -2
289
     1
 69
     0
  7
Standard
140
0.18
170
     5
 62
     0
 63
   257
283
     0
274
    -2
284
     1
 64
     0
275
    -2
285
     1
 65
     0
276
    -2
286
     1
 66
     0
277
    -2
287
     1
 67
     0
278
    -2
288
     1
 68
     0
279
    -2
289
     1
 69
     0
  0
VISUALSTYLE
  5
2F
102
{ACAD_REACTORS
330
2A
102
}
102
{ACAD_XDICTIONARY
360
133
102
}
330
2A
100
AcDbVisualStyle
  2
2dWireframe
 70
     4
 71
     0
 72
     2
 73
     0
 90
        0
 40
0.6
 41
30.0
 62
     5
 63
     7
421
 16777215
 74
     1
 91
        4
 64
     7
 65
   257
 75
     1
175
     1
 42
1.0
 92
        0
 66
   257
 43
1.0
 76
     1
 77
     6
 78
     2
 67
     7
 79
     5
170
     0
171
     0
290
     0
174
     0
 93
        1
 44
0.0
173
     0
291
     0
 45
0.0
1001
ACAD
1000
AcDbSavedByObjectVersion
1070
     0
  0
VISUALSTYLE
  5
32
102
{ACAD_REACTORS
330
2A
102
}
102
{ACAD_XDICTIONARY
360
139
102
}
330
2A
100
AcDbVisualStyle
  2
Basic
 70
     7
 71
     1
 72
     0
 73
     1
 90
        0
 40
0.6
 41
30.0
 62
     5
 63
     7
421
 16777215
 74
     0
 91
        4
 64
     7
 65
   257
 75
     1
175
     1
 42
1.0
 92
        8
 66
     7
 43
1.0
 76
     1
 77
     6
 78
     2
 67
     7
 79
     5
170
     0
171
     0
290
     0
174
     0
 93
        1
 44
0.0
173
     0
291
     1
 45
0.0
1001
ACAD
1000
AcDbSavedByObjectVersion
1070
     0
  0
VISUALSTYLE
  5
36
102
{ACAD_REACTORS
330
2A
102
}
102
{ACAD_XDICTIONARY
360
141
102
}
330
2A
100
AcDbVisualStyle
  2
Brighten
 70
    12
 71
     2
 72
     2
 73
     0
 90
        0
 40
0.6
 41
30.0
 62
     5
 63
     7
421
 16777215
 74
     1
 91
        4
 64
     7
 65
   257
 75
     1
175
     1
 42
1.0
 92
        8
 66
     7
 43
1.0
 76
     1
 77
     6
 78
     2
 67
     7
 79
     5
170
     0
171
     0
290
     0
174
     0
 93
        1
 44
50.0
173
     0
291
     1
 45
0.0
1001
ACAD
1000
AcDbSavedByObjectVersion
1070
     0
  0
VISUALSTYLE
  5
3A
102
{ACAD_REACTORS
330
2A
102
}
102
{ACAD_XDICTIONARY
360
149
102
}
330
2A
100
AcDbVisualStyle
  2
ColorChange
 70
    16
 71
     2
 72
     2
 73
     3
 90
        0
 40
0.6
 41
30.0
 62
     5
 63
     8
421
  8421504
 74
     1
 91
        4
 64
     7
 65
   257
 75
     1
175
     1
 42
1.0
 92
        8
 66
     8
424
  8421504
 43
1.0
 76
     1
 77
     6
 78
     2
 67
     7
 79
     5
170
     0
171
     0
290
     0
174
     0
 93
        1
 44
0.0
173
     0
291
     1
 45
0.0
1001
ACAD
1000
AcDbSavedByObjectVersion
1070
     0
  0
VISUALSTYLE
  5
34
102
{ACAD_REACTORS
330
2A
102
}
102
{ACAD_XDICTIONARY
360
13D
102
}
330
2A
100
AcDbVisualStyle
  2
Conceptual
 70
     9
 71
     3
 72
     2
 73
     0
 90
        0
 40
0.6
 41
30.0
 62
     5
 63
     7
421
 16777215
 74
     2
 91
        2
 64
     7
 65
   257
 75
     1
175
     1
 42
179.0
 92
        8
 66
     7
 43
1.0
 76
     1
 77
     6
 78
     2
 67
     7
 79
     3
170
     0
171
     0
290
     0
174
     0
 93
        1
 44
0.0
173
     0
291
     0
 45
0.0
1001
ACAD
1000
AcDbSavedByObjectVersion
1070
     0
  0
VISUALSTYLE
  5
35
102
{ACAD_REACTORS
330
2A
102
}
102
{ACAD_XDICTIONARY
360
13F
102
}
330
2A
100
AcDbVisualStyle
  2
Dim
 70
    11
 71
     2
 72
     2
 73
     0
 90
        0
 40
0.6
 41
30.0
 62
     5
 63
     7
421
 16777215
 74
     1
 91
        4
 64
     7
 65
   257
 75
     1
175
     1
 42
1.0
 92
        8
 66
     7
 43
1.0
 76
     1
 77
     6
 78
     2
 67
     7
 79
     5
170
     0
171
     0
290
     0
174
     0
 93
        1
 44
-50.0
173
     0
291
     1
 45
0.0
1001
ACAD
1000
AcDbSavedByObjectVersion
1070
     0
  0
VISUALSTYLE
  5
3D
102
{ACAD_REACTORS
330
2A
102
}
102
{ACAD_XDICTIONARY
360
14F
102
}
330
2A
100
AcDbVisualStyle
  2
EdgeColorOff
 70
    22
 71
     2
 72
     2
 73
     0
 90
        0
 40
0.6
 41
30.0
 62
     5
 63
     7
421
 16777215
 74
     1
 91
        4
 64
     7
 65
   257
 75
     1
175
     1
 42
1.0
 92
        8
 66
     7
 43
1.0
 76
     1
 77
     6
 78
     2
 67
     7
 79
     5
170
     0
171
     0
290
     0
174
     0
 93
        1
 44
0.0
173
     0
291
     1
 45
0.0
1001
ACAD
1000
AcDbSavedByObjectVersion
1070
     0
  0
VISUALSTYLE
  5
39
102
{ACAD_REACTORS
330
2A
102
}
102
{ACAD_XDICTIONARY
360
147
102
}
330
2A
100
AcDbVisualStyle
  2
Facepattern
 70
    15
 71
     2
 72
     2
 73
     0
 90
        0
 40
0.6
 41
30.0
 62
     5
 63
     7
421
 16777215
 74
     1
 91
        4
 64
     7
 65
   257
 75
     1
175
     1
 42
1.0
 92
        8
 66
     7
 43
1.0
 76
     1
 77
     6
 78
     2
 67
     7
 79
     5
170
     0
171
     0
290
     0
174
     0
 93
        1
 44
0.0
173
     0
291
     1
 45
0.0
1001
ACAD
1000
AcDbSavedByObjectVersion
1070
     0
  0
VISUALSTYLE
  5
2B
102
{ACAD_REACTORS
330
2A
102
}
102
{ACAD_XDICTIONARY
360
12B
102
}
330
2A
100
AcDbVisualStyle
  2
Flat
 70
     0
 71
     2
 72
     1
 73
     1
 90
        2
 40
0.6
 41
30.0
 62
     5
 63
     7
421
 16777215
 74
     0
 91
        0
 64
     7
 65
   257
 75
     1
175
     1
 42
1.0
 92
        8
 66
     7
 43
1.0
 76
     1
 77
     6
 78
     2
 67
     7
 79
     5
170
     0
171
     0
290
     0
174
     0
 93
       13
 44
0.0
173
     0
291
     1
 45
0.0
1001
ACAD
1000
AcDbSavedByObjectVersion
1070
     0
  0
VISUALSTYLE
  5
2C
102
{ACAD_REACTORS
330
2A
102
}
102
{ACAD_XDICTIONARY
360
12D
102
}
330
2A
100
AcDbVisualStyle
  2
FlatWithEdges
 70
     1
 71
     2
 72
     1
 73
     1
 90
        2
 40
0.6
 41
30.0
 62
     5
 63
     7
421
 16777215
 74
     1
 91
        0
 64
     7
 65
   257
 75
     1
175
     1
 42
1.0
 92
        0
 66
   257
 43
1.0
 76
     1
 77
     6
 78
     2
 67
     7
 79
     5
170
     0
171
     0
290
     0
174
     0
 93
       13
 44
0.0
173
     0
291
     1
 45
0.0
1001
ACAD
1000
AcDbSavedByObjectVersion
1070
     0
  0
VISUALSTYLE
  5
2D
102
{ACAD_REACTORS
330
2A
102
}
102
{ACAD_XDICTIONARY
360
12F
102
}
330
2A
100
AcDbVisualStyle
  2
Gouraud
 70
     2
 71
     2
 72
     2
 73
     1
 90
        2
 40
0.6
 41
30.0
 62
     5
 63
     7
421
 16777215
 74
     0
 91
        0
 64
     7
 65
   257
 75
     1
175
     1
 42
1.0
 92
        0
 66
     7
 43
1.0
 76
     1
 77
     6
 78
     2
 67
     7
 79
     5
170
     0
171
     0
290
     0
174
     0
 93
       13
 44
0.0
173
     0
291
     1
 45
0.0
1001
ACAD
1000
AcDbSavedByObjectVersion
1070
     0
  0
VISUALSTYLE
  5
2E
102
{ACAD_REACTORS
330
2A
102
}
102
{ACAD_XDICTIONARY
360
131
102
}
330
2A
100
AcDbVisualStyle
  2
GouraudWithEdges
 70
     3
 71
     2
 72
     2
 73
     1
 90
        2
 40
0.6
 41
30.0
 62
     5
 63
     7
421
 16777215
 74
     1
 91
        0
 64
     7
 65
   257
 75
     1
175
     1
 42
1.0
 92
        0
 66
   257
 43
1.0
 76
     1
 77
     6
 78
     2
 67
     7
 79
     5
170
     0
171
     0
290
     0
174
     0
 93
       13
 44
0.0
173
     0
291
     1
 45
0.0
1001
ACAD
1000
AcDbSavedByObjectVersion
1070
     0
  0
VISUALSTYLE
  5
31
102
{ACAD_REACTORS
330
2A
102
}
102
{ACAD_XDICTIONARY
360
137
102
}
330
2A
100
AcDbVisualStyle
  2
Hidden
 70
     6
 71
     1
 72
     2
 73
     2
 90
        0
 40
0.6
 41
30.0
 62
     5
 63
     7
421
 16777215
 74
     2
 91
        2
 64
     7
 65
   257
 75
     2
175
     1
 42
40.0
 92
        0
 66
   257
 43
1.0
 76
     1
 77
     6
 78
     2
 67
     7
 79
     3
170
     0
171
     0
290
     0
174
     0
 93
        1
 44
0.0
173
     0
291
     0
 45
0.0
1001
ACAD
1000
AcDbSavedByObjectVersion
1070
     0
  0
VISUALSTYLE
  5
3B
102
{ACAD_REACTORS
330
2A
102
}
102
{ACAD_XDICTIONARY
360
14B
102
}
330
2A
100
AcDbVisualStyle
  2
JitterOff
 70
    20
 71
     2
 72
     2
 73
     0
 90
        0
 40
0.6
 41
30.0
 62
     5
 63
     7
421
 16777215
 74
     1
 91
        4
 64
     7
 65
   257
 75
     1
175
     1
 42
1.0
 92
       10
 66
     7
 43
1.0
 76
     1
 77
     6
 78
     2
 67
     7
 79
     5
170
     0
171
     0
290
     0
174
     0
 93
        1
 44
0.0
173
     0
291
     1
 45
0.0
1001
ACAD
1000
AcDbSavedByObjectVersion
1070
     0
  0
VISUALSTYLE
  5
38
102
{ACAD_REACTORS
330
2A
102
}
102
{ACAD_XDICTIONARY
360
145
102
}
330
2A
100
AcDbVisualStyle
  2
Linepattern
 70
    14
 71
     2
 72
     2
 73
     0
 90
        0
 40
0.6
 41
30.0
 62
     5
 63
     7
421
 16777215
 74
     1
 91
        4
 64
     7
 65
   257
 75
     7
175
     7
 42
1.0
 92
        8
 66
     7
 43
1.0
 76
     1
 77
     6
 78
     2
 67
     7
 79
     5
170
     0
171
     0
290
     0
174
     0
 93
        1
 44
0.0
173
     0
291
     1
 45
0.0
1001
ACAD
1000
AcDbSavedByObjectVersion
1070
     0
  0
VISUALSTYLE
  5
3C
102
{ACAD_REACTORS
330
2A
102
}
102
{ACAD_XDICTIONARY
360
14D
102
}
330
2A
100
AcDbVisualStyle
  2
OverhangOff
 70
    21
 71
     2
 72
     2
 73
     0
 90
        0
 40
0.6
 41
30.0
 62
     5
 63
     7
421
 16777215
 74
     1
 91
        4
 64
     7
 65
   257
 75
     1
175
     1
 42
1.0
 92
        9
 66
     7
 43
1.0
 76
     1
 77
     6
 78
     2
 67
     7
 79
     5
170
     0
171
     0
290
     0
174
     0
 93
        1
 44
0.0
173
     0
291
     1
 45
0.0
1001
ACAD
1000
AcDbSavedByObjectVersion
1070
     0
  0
VISUALSTYLE
  5
33
102
{ACAD_REACTORS
330
2A
102
}
102
{ACAD_XDICTIONARY
360
13B
102
}
330
2A
100
AcDbVisualStyle
  2
Realistic
 70
     8
 71
     2
 72
     3
 73
     0
 90
        2
 40
0.6
 41
30.0
 62
     5
 63
     7
421
 16777215
 74
     0
 91
        0
 64
     7
 65
   257
 75
     1
175
     1
 42
1.0
 92
        8
 66
   257
 43
1.0
 76
     1
 77
     6
 78
     2
 67
     7
 79
     3
170
     0
171
     0
290
     0
174
     0
 93
       13
 44
0.0
173
     0
291
     0
 45
0.0
1001
ACAD
1000
AcDbSavedByObjectVersion
1070
     0
  0
VISUALSTYLE
  5
42
102
{ACAD_REACTORS
330
2A
102
}
102
{ACAD_XDICTIONARY
360
159
102
}
330
2A
100
AcDbVisualStyle
  2
Shaded
 70
    27
 71
     2
 72
     2
 73
     1
 90
        2
 40
0.6
 41
30.0
 62
     5
 63
     7
421
 16777215
 74
     0
 91
        4
 64
     7
 65
   257
 75
     1
175
     1
 42
1.0
 92
        8
 66
   257
 43
1.0
 76
     1
 77
     6
 78
     2
 67
     8
425
  7895160
 79
     3
170
     0
171
     0
290
     0
174
     0
 93
        5
 44
0.0
173
     0
291
     0
 45
0.0
1001
ACAD
1000
AcDbSavedByObjectVersion
1070
     0
  0
VISUALSTYLE
  5
41
102
{ACAD_REACTORS
330
2A
102
}
102
{ACAD_XDICTIONARY
360
157
102
}
330
2A
100
AcDbVisualStyle
  2
Shaded with edges
 70
    26
 71
     2
 72
     2
 73
     1
 90
        2
 40
0.6
 41
30.0
 62
     5
 63
     7
421
 16777215
 74
     1
 91
       10
 64
     7
 65
   257
 75
     2
175
     1
 42
1.0
 92
        8
 66
   257
 43
1.0
 76
     1
 77
     6
 78
     2
 67
     7
 79
     3
170
     0
171
     0
290
     0
174
     0
 93
        5
 44
0.0
173
     0
291
     0
 45
0.0
1001
ACAD
1000
AcDbSavedByObjectVersion
1070
     0
  0
VISUALSTYLE
  5
3E
102
{ACAD_REACTORS
330
2A
102
}
102
{ACAD_XDICTIONARY
360
151
102
}
330
2A
100
AcDbVisualStyle
  2
Shades of Gray
 70
    23
 71
     2
 72
     2
 73
     3
 90
        0
 40
0.6
 41
30.0
 62
     5
 63
     7
421
 16777215
 74
     2
 91
        2
 64
     7
 65
     7
 75
     1
175
     1
 42
40.0
 92
        8
 66
     7
 43
1.0
 76
     1
 77
     6
 78
     2
 67
     7
 79
     3
170
     0
171
     0
290
     0
174
     0
 93
        1
 44
0.0
173
     0
291
     0
 45
0.0
1001
ACAD
1000
AcDbSavedByObjectVersion
1070
     0
  0
VISUALSTYLE
  5
3F
102
{ACAD_REACTORS
330
2A
102
}
102
{ACAD_XDICTIONARY
360
153
102
}
330
2A
100
AcDbVisualStyle
  2
Sketchy
 70
    24
 71
     1
 72
     2
 73
     2
 90
        0
 40
0.6
 41
30.0
 62
     5
 63
     7
421
 16777215
 74
     2
 91
        2
 64
     7
 65
     7
 75
     1
175
     1
 42
40.0
 92
       11
 66
     7
 43
1.0
 76
     1
 77
     6
 78
     2
 67
     7
 79
     6
170
     0
171
     0
290
     0
174
     0
 93
        1
 44
0.0
173
     0
291
     0
 45
0.0
1001
ACAD
1000
AcDbSavedByObjectVersion
1070
     0
  0
VISUALSTYLE
  5
37
102
{ACAD_REACTORS
330
2A
102
}
102
{ACAD_XDICTIONARY
360
143
102
}
330
2A
100
AcDbVisualStyle
  2
Thicken
 70
    13
 71
     2
 72
     2
 73
     0
 90
        0
 40
0.6
 41
30.0
 62
     5
 63
     7
421
 16777215
 74
     1
 91
        4
 64
     7
 65
   257
 75
     1
175
     1
 42
1.0
 92
       12
 66
     7
 43
1.0
 76
     1
 77
     6
 78
     2
 67
     7
 79
     5
170
     0
171
     0
290
     0
174
     0
 93
        1
 44
0.0
173
     0
291
     1
 45
0.0
1001
ACAD
1000
AcDbSavedByObjectVersion
1070
     0
  0
VISUALSTYLE
  5
30
102
{ACAD_REACTORS
330
2A
102
}
102
{ACAD_XDICTIONARY
360
135
102
}
330
2A
100
AcDbVisualStyle
  2
Wireframe
 70
     5
 71
     0
 72
     2
 73
     0
 90
        0
 40
0.6
 41
30.0
 62
     5
 63
     7
421
 16777215
 74
     1
 91
        4
 64
     7
 65
   257
 75
     1
175
     1
 42
1.0
 92
        0
 66
   257
 43
1.0
 76
     1
 77
     6
 78
     2
 67
     7
 79
     3
170
     0
171
     0
290
     0
174
     0
 93
        1
 44
0.0
173
     0
291
     0
 45
0.0
1001
ACAD
1000
AcDbSavedByObjectVersion
1070
     0
  0
VISUALSTYLE
  5
40
102
{ACAD_REACTORS
330
2A
102
}
102
{ACAD_XDICTIONARY
360
155
102
}
330
2A
100
AcDbVisualStyle
  2
X-Ray
 70
    25
 71
     2
 72
     2
 73
     1
 90
        1
 40
0.5
 41
30.0
 62
     5
 63
     7
421
 16777215
 74
     1
 91
        0
 64
     7
 65
   257
 75
     1
175
     1
 42
1.0
 92
        8
 66
     7
 43
1.0
 76
     1
 77
     6
 78
     2
 67
     7
 79
     3
170
     0
171
     0
290
     0
174
     0
 93
       13
 44
0.0
173
     0
291
     0
 45
0.0
1001
ACAD
1000
AcDbSavedByObjectVersion
1070
     0
  0
DICTIONARYVAR
  5
128
102
{ACAD_REACTORS
330
127
102
}
330
127
100
DictionaryVariables
280
     0
  1
1:1
  0
DICTIONARYVAR
  5
169
102
{ACAD_REACTORS
330
127
102
}
330
127
100
DictionaryVariables
280
     0
  1
Standard
  0
DICTIONARYVAR
  5
168
102
{ACAD_REACTORS
330
127
102
}
330
127
100
DictionaryVariables
280
     0
  1
Standard
  0
DICTIONARYVAR
  5
129
102
{ACAD_REACTORS
330
127
102
}
330
127
100
DictionaryVariables
280
     0
  1
1
  0
DICTIONARYVAR
  5
12A
102
{ACAD_REACTORS
330
127
102
}
330
127
100
DictionaryVariables
280
     0
  1
2
  0
DICTIONARY
  5
15D
330
45
100
AcDbDictionary
280
     1
281
     1
  3
ACAD_XREC_ROUNDTRIP
360
15E
  0
DICTIONARY
  5
15B
330
44
100
AcDbDictionary
280
     1
281
     1
  3
ACAD_XREC_ROUNDTRIP
360
15C
  0
DICTIONARY
  5
15F
330
46
100
AcDbDictionary
280
     1
281
     1
  3
ACAD_XREC_ROUNDTRIP
360
160
  0
DICTIONARY
  5
165
330
6C
100
AcDbDictionary
280
     1
281
     1
  3
ACAD_XREC_ROUNDTRIP
360
166
  0
DICTIONARY
  5
161
330
6A
100
AcDbDictionary
280
     1
281
     1
  3
ACAD_ROUNDTRIP_2008_TABLESTYLE_CELLSTYLEMAP
360
163
  3
ACAD_XREC_ROUNDTRIP
360
162
  0
DICTIONARY
  5
133
330
2F
100
AcDbDictionary
280
     1
281
     1
  3
ACAD_XREC_ROUNDTRIP
360
134
  0
DICTIONARY
  5
139
330
32
100
AcDbDictionary
280
     1
281
     1
  3
ACAD_XREC_ROUNDTRIP
360
13A
  0
DICTIONARY
  5
141
330
36
100
AcDbDictionary
280
     1
281
     1
  3
ACAD_XREC_ROUNDTRIP
360
142
  0
DICTIONARY
  5
149
330
3A
100
AcDbDictionary
280
     1
281
     1
  3
ACAD_XREC_ROUNDTRIP
360
14A
  0
DICTIONARY
  5
13D
330
34
100
AcDbDictionary
280
     1
281
     1
  3
ACAD_XREC_ROUNDTRIP
360
13E
  0
DICTIONARY
  5
13F
330
35
100
AcDbDictionary
280
     1
281
     1
  3
ACAD_XREC_ROUNDTRIP
360
140
  0
DICTIONARY
  5
14F
330
3D
100
AcDbDictionary
280
     1
281
     1
  3
ACAD_XREC_ROUNDTRIP
360
150
  0
DICTIONARY
  5
147
330
39
100
AcDbDictionary
280
     1
281
     1
  3
ACAD_XREC_ROUNDTRIP
360
148
  0
DICTIONARY
  5
12B
330
2B
100
AcDbDictionary
280
     1
281
     1
  3
ACAD_XREC_ROUNDTRIP
360
12C
  0
DICTIONARY
  5
12D
330
2C
100
AcDbDictionary
280
     1
281
     1
  3
ACAD_XREC_ROUNDTRIP
360
12E
  0
DICTIONARY
  5
12F
330
2D
100
AcDbDictionary
280
     1
281
     1
  3
ACAD_XREC_ROUNDTRIP
360
130
  0
DICTIONARY
  5
131
330
2E
100
AcDbDictionary
280
     1
281
     1
  3
ACAD_XREC_ROUNDTRIP
360
132
  0
DICTIONARY
  5
137
330
31
100
AcDbDictionary
280
     1
281
     1
  3
ACAD_XREC_ROUNDTRIP
360
138
  0
DICTIONARY
  5
14B
330
3B
100
AcDbDictionary
280
     1
281
     1
  3
ACAD_XREC_ROUNDTRIP
360
14C
  0
DICTIONARY
  5
145
330
38
100
AcDbDictionary
280
     1
281
     1
  3
ACAD_XREC_ROUNDTRIP
360
146
  0
DICTIONARY
  5
14D
330
3C
100
AcDbDictionary
280
     1
281
     1
  3
ACAD_XREC_ROUNDTRIP
360
14E
  0
DICTIONARY
  5
13B
330
33
100
AcDbDictionary
280
     1
281
     1
  3
ACAD_XREC_ROUNDTRIP
360
13C
  0
DICTIONARY
  5
159
330
42
100
AcDbDictionary
280
     1
281
     1
  3
ACAD_XREC_ROUNDTRIP
360
15A
  0
DICTIONARY
  5
157
330
41
100
AcDbDictionary
280
     1
281
     1
  3
ACAD_XREC_ROUNDTRIP
360
158
  0
DICTIONARY
  5
151
330
3E
100
AcDbDictionary
280
     1
281
     1
  3
ACAD_XREC_ROUNDTRIP
360
152
  0
DICTIONARY
  5
153
330
3F
100
AcDbDictionary
280
     1
281
     1
  3
ACAD_XREC_ROUNDTRIP
360
154
  0
DICTIONARY
  5
143
330
37
100
AcDbDictionary
280
     1
281
     1
  3
ACAD_XREC_ROUNDTRIP
360
144
  0
DICTIONARY
  5
135
330
30
100
AcDbDictionary
280
     1
281
     1
  3
ACAD_XREC_ROUNDTRIP
360
136
  0
DICTIONARY
  5
155
330
40
100
AcDbDictionary
280
     1
281
     1
  3
ACAD_XREC_ROUNDTRIP
360
156
  0
XRECORD
  5
15E
102
{ACAD_REACTORS
330
15D
102
}
330
15D
100
AcDbXrecord
280
     1
102
MATERIAL
148
0.0
149
0.0
149
0.0
 93
        0
 94
      127
282
     0
 72
     1
 77
     1
171
     1
175
     1
179
     1
273
     0
  0
XRECORD
  5
15C
102
{ACAD_REACTORS
330
15B
102
}
330
15B
100
AcDbXrecord
280
     1
102
MATERIAL
148
0.0
149
0.0
149
0.0
 93
        0
 94
      127
282
     0
 72
     1
 77
     1
171
     1
175
     1
179
     1
273
     0
  0
XRECORD
  5
160
102
{ACAD_REACTORS
330
15F
102
}
330
15F
100
AcDbXrecord
280
     1
102
MATERIAL
148
0.0
149
0.0
149
0.0
 93
        0
 94
      127
282
     0
 72
     1
 77
     1
171
     1
175
     1
179
     1
273
     0
  0
XRECORD
  5
166
102
{ACAD_REACTORS
330
165
102
}
330
165
100
AcDbXrecord
280
     1
102
ACAD_ROUNDTRIP_2010_MLEADER_STYLE
  0
CELLSTYLEMAP
  5
163
102
{ACAD_REACTORS
330
161
102
}
330
161
100
AcDbCellStyleMap
 90
        3
300
CELLSTYLE
  1
TABLEFORMAT_BEGIN
 90
        5
170
     1
 91
        0
 92
    32768
 62
   257
 93
        1
300
CONTENTFORMAT
  1
CONTENTFORMAT_BEGIN
 90
        0
 91
        0
 92
        4
 93
        0
300

 40
0.0
140
1.0
 94
        5
 62
     0
340
11
144
0.25
309
CONTENTFORMAT_END
171
     1
301
MARGIN
  1
CELLMARGIN_BEGIN
 40
0.06
 40
0.06
 40
0.06
 40
0.06
 40
0.06
 40
0.06
309
CELLMARGIN_END
 94
        6
 95
        1
302
GRIDFORMAT
  1
GRIDFORMAT_BEGIN
 90
        0
 91
        1
 62
     0
 92
       -2
340
14
 93
        0
 40
0.045
309
GRIDFORMAT_END
 95
        2
302
GRIDFORMAT
  1
GRIDFORMAT_BEGIN
 90
        0
 91
        1
 62
     0
 92
       -2
340
14
 93
        0
 40
0.045
309
GRIDFORMAT_END
 95
        4
302
GRIDFORMAT
  1
GRIDFORMAT_BEGIN
 90
        0
 91
        1
 62
     0
 92
       -2
340
14
 93
        0
 40
0.045
309
GRIDFORMAT_END
 95
        8
302
GRIDFORMAT
  1
GRIDFORMAT_BEGIN
 90
        0
 91
        1
 62
     0
 92
       -2
340
14
 93
        0
 40
0.045
309
GRIDFORMAT_END
 95
       16
302
GRIDFORMAT
  1
GRIDFORMAT_BEGIN
 90
        0
 91
        1
 62
     0
 92
       -2
340
14
 93
        0
 40
0.045
309
GRIDFORMAT_END
 95
       32
302
GRIDFORMAT
  1
GRIDFORMAT_BEGIN
 90
        0
 91
        1
 62
     0
 92
       -2
340
14
 93
        0
 40
0.045
309
GRIDFORMAT_END
309
TABLEFORMAT_END
  1
CELLSTYLE_BEGIN
 90
        1
 91
        1
300
_TITLE
309
CELLSTYLE_END
300
CELLSTYLE
  1
TABLEFORMAT_BEGIN
 90
        5
170
     1
 91
        0
 92
        0
 62
   257
 93
        1
300
CONTENTFORMAT
  1
CONTENTFORMAT_BEGIN
 90
        0
 91
        0
 92
        4
 93
        0
300

 40
0.0
140
1.0
 94
        5
 62
     0
340
11
144
0.18
309
CONTENTFORMAT_END
171
     1
301
MARGIN
  1
CELLMARGIN_BEGIN
 40
0.06
 40
0.06
 40
0.06
 40
0.06
 40
0.06
 40
0.06
309
CELLMARGIN_END
 94
        6
 95
        1
302
GRIDFORMAT
  1
GRIDFORMAT_BEGIN
 90
        0
 91
        1
 62
     0
 92
       -2
340
14
 93
        0
 40
0.045
309
GRIDFORMAT_END
 95
        2
302
GRIDFORMAT
  1
GRIDFORMAT_BEGIN
 90
        0
 91
        1
 62
     0
 92
       -2
340
14
 93
        0
 40
0.045
309
GRIDFORMAT_END
 95
        4
302
GRIDFORMAT
  1
GRIDFORMAT_BEGIN
 90
        0
 91
        1
 62
     0
 92
       -2
340
14
 93
        0
 40
0.045
309
GRIDFORMAT_END
 95
        8
302
GRIDFORMAT
  1
GRIDFORMAT_BEGIN
 90
        0
 91
        1
 62
     0
 92
       -2
340
14
 93
        0
 40
0.045
309
GRIDFORMAT_END
 95
       16
302
GRIDFORMAT
  1
GRIDFORMAT_BEGIN
 90
        0
 91
        1
 62
     0
 92
       -2
340
14
 93
        0
 40
0.045
309
GRIDFORMAT_END
 95
       32
302
GRIDFORMAT
  1
GRIDFORMAT_BEGIN
 90
        0
 91
        1
 62
     0
 92
       -2
340
14
 93
        0
 40
0.045
309
GRIDFORMAT_END
309
TABLEFORMAT_END
  1
CELLSTYLE_BEGIN
 90
        2
 91
        1
300
_HEADER
309
CELLSTYLE_END
300
CELLSTYLE
  1
TABLEFORMAT_BEGIN
 90
        5
170
     1
 91
        0
 92
        0
 62
   257
 93
        1
300
CONTENTFORMAT
  1
CONTENTFORMAT_BEGIN
 90
        0
 91
        0
 92
        4
 93
        0
300

 40
0.0
140
1.0
 94
        2
 62
     0
340
11
144
0.18
309
CONTENTFORMAT_END
171
     1
301
MARGIN
  1
CELLMARGIN_BEGIN
 40
0.06
 40
0.06
 40
0.06
 40
0.06
 40
0.06
 40
0.06
309
CELLMARGIN_END
 94
        6
 95
        1
302
GRIDFORMAT
  1
GRIDFORMAT_BEGIN
 90
        0
 91
        1
 62
     0
 92
       -2
340
14
 93
        0
 40
0.045
309
GRIDFORMAT_END
 95
        2
302
GRIDFORMAT
  1
GRIDFORMAT_BEGIN
 90
        0
 91
        1
 62
     0
 92
       -2
340
14
 93
        0
 40
0.045
309
GRIDFORMAT_END
 95
        4
302
GRIDFORMAT
  1
GRIDFORMAT_BEGIN
 90
        0
 91
        1
 62
     0
 92
       -2
340
14
 93
        0
 40
0.045
309
GRIDFORMAT_END
 95
        8
302
GRIDFORMAT
  1
GRIDFORMAT_BEGIN
 90
        0
 91
        1
 62
     0
 92
       -2
340
14
 93
        0
 40
0.045
309
GRIDFORMAT_END
 95
       16
302
GRIDFORMAT
  1
GRIDFORMAT_BEGIN
 90
        0
 91
        1
 62
     0
 92
       -2
340
14
 93
        0
 40
0.045
309
GRIDFORMAT_END
 95
       32
302
GRIDFORMAT
  1
GRIDFORMAT_BEGIN
 90
        0
 91
        1
 62
     0
 92
       -2
340
14
 93
        0
 40
0.045
309
GRIDFORMAT_END
309
TABLEFORMAT_END
  1
CELLSTYLE_BEGIN
 90
        3
 91
        2
300
_DATA
309
CELLSTYLE_END
  0
XRECORD
  5
162
102
{ACAD_REACTORS
330
161
102
}
330
161
100
AcDbXrecord
280
     1
102
ACAD_ROUNDTRIP_PRE2007_TABLESTYLE
 90
        4
 91
        0
  1

 92
        4
 93
        0
  2

 94
        4
 95
        0
  3

  0
XRECORD
  5
134
102
{ACAD_REACTORS
330
133
102
}
330
133
100
AcDbXrecord
280
     1
102
RTVSPropertyOp0
 70
     1
102
RTVSPropertyOp1
 70
     1
102
RTVSPropertyOp2
 70
     1
102
RTVSPropertyOp3
 70
     1
102
RTVSPropertyOp4
 70
     1
102
RTVSPropertyOp5
 70
     1
102
RTVSPropertyOp6
 70
     1
102
RTVSPropertyOp7
 70
     1
102
RTVSPropertyOp8
 70
     1
102
RTVSPropertyOp9
 70
     1
102
RTVSPropertyOp10
 70
     1
102
RTVSPropertyOp11
 70
     1
102
RTVSPropertyOp12
 70
     1
102
RTVSPropertyOp13
 70
     1
102
RTVSPropertyOp14
 70
     1
102
RTVSPropertyOp15
 70
     1
102
RTVSPropertyOp16
 70
     1
102
RTVSPropertyOp17
 70
     1
102
RTVSPropertyOp18
 70
     1
102
RTVSPropertyOp19
 70
     1
102
RTVSPropertyOp20
 70
     1
102
RTVSPropertyOp21
 70
     1
102
RTVSPropertyOp22
 70
     1
102
RTVSPropertyOp23
 70
     1
102
RTVSPropertyOp24
 70
     1
102
RTVSPropertyOp25
 70
     1
102
RTVSPropertyOp26
 70
     1
102
RTVSPropertyOp27
 70
     1
102
RTVSPropertyOp28
 70
     1
102
RTVSPropertyOp29
 70
     1
102
RTVSPropertyOp30
 70
     1
102
RTVSPropertyOp31
 70
     1
102
RTVSPropertyOp32
 70
     1
102
RTVSPropertyOp33
 70
     1
102
RTVSPropertyOp34
 70
     1
102
RTVSPropertyOp35
 70
     1
102
RTVSPropertyOp36
 70
     1
102
RTVSPropertyOp37
 70
     1
102
RTVSPropertyOp38
 70
     1
102
RTVSPropertyOp39
 70
     1
102
RTVSPropertyOp40
 70
     1
102
RTVSPropertyOp41
 70
     1
102
RTVSPropertyOp42
 70
     1
102
RTVSPropertyOp43
 70
     1
102
RTVSPropertyOp44
 70
     1
102
RTVSPropertyOp45
 70
     1
102
RTVSPropertyOp46
 70
     1
102
RTVSPropertyOp47
 70
     1
102
RTVSPropertyOp48
 70
     1
102
RTVSPropertyOp49
 70
     1
102
RTVSPropertyOp50
 70
     1
102
RTVSPropertyOp51
 70
     0
102
RTVSPropertyOp52
 70
     0
102
RTVSPropertyOp53
 70
     1
102
RTVSPropertyOp54
 70
     1
102
RTVSPropertyOp55
 70
     1
102
RTVSPropertyOp56
 70
     1
102
RTVSPropertyOp57
 70
     1
102
RTVSPost2010Prop28
280
     1
102
RTVSPost2010PropOp28
 70
     1
102
RTVSPost2010Prop29
280
     1
102
RTVSPost2010PropOp29
 70
     1
102
RTVSPost2010Prop30
280
     0
102
RTVSPost2010PropOp30
 70
     1
102
RTVSPost2010Prop31
280
     0
102
RTVSPost2010PropOp31
 70
     1
102
RTVSPost2010Prop32
280
     0
102
RTVSPost2010PropOp32
 70
     1
102
RTVSPost2010Prop33
280
     0
102
RTVSPost2010PropOp33
 70
     1
102
RTVSPost2010Prop34
280
     0
102
RTVSPost2010PropOp34
 70
     1
102
RTVSPost2010Prop35
280
     0
102
RTVSPost2010PropOp35
 70
     1
102
RTVSPost2010Prop36
280
     0
102
RTVSPost2010PropOp36
 70
     1
102
RTVSPost2010Prop37
 90
       50
102
RTVSPost2010PropOp37
 70
     1
102
RTVSPost2010Prop38
140
0.0
102
RTVSPost2010PropOp38
 70
     1
102
RTVSPost2010Prop39
140
1.0
102
RTVSPost2010PropOp39
 70
     1
102
RTVSPost2010Prop40
 90
        0
102
RTVSPost2010PropOp40
 70
     1
102
RTVSPost2010Prop41ColorIndex
 90
       18
102
RTVSPost2010Prop41ColorRGB
 90
        0
102
RTVSPost2010PropOp41
 70
     1
102
RTVSPost2010Prop42
 90
       50
102
RTVSPost2010PropOp42
 70
     1
102
RTVSPost2010Prop43
 90
        3
102
RTVSPost2010PropOp43
 70
     1
102
RTVSPost2010Prop44ColorIndex
 90
        5
102
RTVSPost2010Prop44ColorRGB
 90
      255
102
RTVSPost2010PropOp44
 70
     1
102
RTVSPost2010Prop45
280
     0
102
RTVSPost2010PropOp45
 70
     1
102
RTVSPost2010Prop46
 90
       50
102
RTVSPost2010PropOp46
 70
     1
102
RTVSPost2010Prop47
 90
       50
102
RTVSPost2010PropOp47
 70
     1
102
RTVSPost2010Prop48
 90
       50
102
RTVSPost2010PropOp48
 70
     1
102
RTVSPost2010Prop49
280
     0
102
RTVSPost2010PropOp49
 70
     1
102
RTVSPost2010Prop50
 90
       50
102
RTVSPost2010PropOp50
 70
     1
102
RTVSPost2010Prop51ColorIndex
 90
      256
102
RTVSPost2010Prop51ColorRGB
 90
-16777216
102
RTVSPost2010PropOp51
 70
     0
102
RTVSPost2010Prop52
140
1.0
102
RTVSPost2010PropOp52
 70
     0
102
RTVSPost2010Prop53
 90
        2
102
RTVSPost2010PropOp53
 70
     1
102
RTVSPost2010Prop54
  1
strokes_ogs.tif
102
RTVSPost2010PropOp54
 70
     1
102
RTVSPost2010Prop55
280
     0
102
RTVSPost2010PropOp55
 70
     1
102
RTVSPost2010Prop56
140
1.0
102
RTVSPost2010PropOp56
 70
     1
102
RTVSPost2010Prop57
140
1.0
102
RTVSPost2010PropOp57
 70
     1
  0
XRECORD
  5
13A
102
{ACAD_REACTORS
330
139
102
}
330
139
100
AcDbXrecord
280
     1
102
RTVSPropertyOp0
 70
     1
102
RTVSPropertyOp1
 70
     1
102
RTVSPropertyOp2
 70
     1
102
RTVSPropertyOp3
 70
     1
102
RTVSPropertyOp4
 70
     1
102
RTVSPropertyOp5
 70
     1
102
RTVSPropertyOp6
 70
     1
102
RTVSPropertyOp7
 70
     1
102
RTVSPropertyOp8
 70
     1
102
RTVSPropertyOp9
 70
     1
102
RTVSPropertyOp10
 70
     1
102
RTVSPropertyOp11
 70
     1
102
RTVSPropertyOp12
 70
     1
102
RTVSPropertyOp13
 70
     1
102
RTVSPropertyOp14
 70
     1
102
RTVSPropertyOp15
 70
     1
102
RTVSPropertyOp16
 70
     1
102
RTVSPropertyOp17
 70
     1
102
RTVSPropertyOp18
 70
     1
102
RTVSPropertyOp19
 70
     1
102
RTVSPropertyOp20
 70
     1
102
RTVSPropertyOp21
 70
     1
102
RTVSPropertyOp22
 70
     1
102
RTVSPropertyOp23
 70
     1
102
RTVSPropertyOp24
 70
     1
102
RTVSPropertyOp25
 70
     1
102
RTVSPropertyOp26
 70
     1
102
RTVSPropertyOp27
 70
     1
102
RTVSPropertyOp28
 70
     1
102
RTVSPropertyOp29
 70
     1
102
RTVSPropertyOp30
 70
     1
102
RTVSPropertyOp31
 70
     1
102
RTVSPropertyOp32
 70
     1
102
RTVSPropertyOp33
 70
     1
102
RTVSPropertyOp34
 70
     1
102
RTVSPropertyOp35
 70
     1
102
RTVSPropertyOp36
 70
     1
102
RTVSPropertyOp37
 70
     1
102
RTVSPropertyOp38
 70
     1
102
RTVSPropertyOp39
 70
     1
102
RTVSPropertyOp40
 70
     1
102
RTVSPropertyOp41
 70
     1
102
RTVSPropertyOp42
 70
     1
102
RTVSPropertyOp43
 70
     1
102
RTVSPropertyOp44
 70
     1
102
RTVSPropertyOp45
 70
     1
102
RTVSPropertyOp46
 70
     1
102
RTVSPropertyOp47
 70
     1
102
RTVSPropertyOp48
 70
     1
102
RTVSPropertyOp49
 70
     1
102
RTVSPropertyOp50
 70
     1
102
RTVSPropertyOp51
 70
     0
102
RTVSPropertyOp52
 70
     0
102
RTVSPropertyOp53
 70
     1
102
RTVSPropertyOp54
 70
     1
102
RTVSPropertyOp55
 70
     1
102
RTVSPropertyOp56
 70
     1
102
RTVSPropertyOp57
 70
     1
102
RTVSPost2010Prop28
280
     0
102
RTVSPost2010PropOp28
 70
     1
102
RTVSPost2010Prop29
280
     1
102
RTVSPost2010PropOp29
 70
     1
102
RTVSPost2010Prop30
280
     1
102
RTVSPost2010PropOp30
 70
     1
102
RTVSPost2010Prop31
280
     0
102
RTVSPost2010PropOp31
 70
     1
102
RTVSPost2010Prop32
280
     0
102
RTVSPost2010PropOp32
 70
     1
102
RTVSPost2010Prop33
280
     0
102
RTVSPost2010PropOp33
 70
     1
102
RTVSPost2010Prop34
280
     0
102
RTVSPost2010PropOp34
 70
     1
102
RTVSPost2010Prop35
280
     0
102
RTVSPost2010PropOp35
 70
     1
102
RTVSPost2010Prop36
280
     0
102
RTVSPost2010PropOp36
 70
     1
102
RTVSPost2010Prop37
 90
       50
102
RTVSPost2010PropOp37
 70
     1
102
RTVSPost2010Prop38
140
0.0
102
RTVSPost2010PropOp38
 70
     1
102
RTVSPost2010Prop39
140
1.0
102
RTVSPost2010PropOp39
 70
     1
102
RTVSPost2010Prop40
 90
        0
102
RTVSPost2010PropOp40
 70
     1
102
RTVSPost2010Prop41ColorIndex
 90
       18
102
RTVSPost2010Prop41ColorRGB
 90
        0
102
RTVSPost2010PropOp41
 70
     1
102
RTVSPost2010Prop42
 90
       50
102
RTVSPost2010PropOp42
 70
     1
102
RTVSPost2010Prop43
 90
        3
102
RTVSPost2010PropOp43
 70
     1
102
RTVSPost2010Prop44ColorIndex
 90
        5
102
RTVSPost2010Prop44ColorRGB
 90
      255
102
RTVSPost2010PropOp44
 70
     1
102
RTVSPost2010Prop45
280
     0
102
RTVSPost2010PropOp45
 70
     1
102
RTVSPost2010Prop46
 90
       50
102
RTVSPost2010PropOp46
 70
     1
102
RTVSPost2010Prop47
 90
       50
102
RTVSPost2010PropOp47
 70
     1
102
RTVSPost2010Prop48
 90
       50
102
RTVSPost2010PropOp48
 70
     1
102
RTVSPost2010Prop49
280
     0
102
RTVSPost2010PropOp49
 70
     1
102
RTVSPost2010Prop50
 90
       50
102
RTVSPost2010PropOp50
 70
     1
102
RTVSPost2010Prop51ColorIndex
 90
      256
102
RTVSPost2010Prop51ColorRGB
 90
-16777216
102
RTVSPost2010PropOp51
 70
     0
102
RTVSPost2010Prop52
140
1.0
102
RTVSPost2010PropOp52
 70
     0
102
RTVSPost2010Prop53
 90
        2
102
RTVSPost2010PropOp53
 70
     1
102
RTVSPost2010Prop54
  1
strokes_ogs.tif
102
RTVSPost2010PropOp54
 70
     1
102
RTVSPost2010Prop55
280
     0
102
RTVSPost2010PropOp55
 70
     1
102
RTVSPost2010Prop56
140
1.0
102
RTVSPost2010PropOp56
 70
     1
102
RTVSPost2010Prop57
140
1.0
102
RTVSPost2010PropOp57
 70
     1
  0
XRECORD
  5
142
102
{ACAD_REACTORS
330
141
102
}
330
141
100
AcDbXrecord
280
     1
102
RTVSPropertyOp0
 70
     1
102
RTVSPropertyOp1
 70
     1
102
RTVSPropertyOp2
 70
     1
102
RTVSPropertyOp3
 70
     1
102
RTVSPropertyOp4
 70
     1
102
RTVSPropertyOp5
 70
     1
102
RTVSPropertyOp6
 70
     1
102
RTVSPropertyOp7
 70
     1
102
RTVSPropertyOp8
 70
     1
102
RTVSPropertyOp9
 70
     1
102
RTVSPropertyOp10
 70
     1
102
RTVSPropertyOp11
 70
     1
102
RTVSPropertyOp12
 70
     1
102
RTVSPropertyOp13
 70
     1
102
RTVSPropertyOp14
 70
     1
102
RTVSPropertyOp15
 70
     1
102
RTVSPropertyOp16
 70
     1
102
RTVSPropertyOp17
 70
     1
102
RTVSPropertyOp18
 70
     1
102
RTVSPropertyOp19
 70
     1
102
RTVSPropertyOp20
 70
     1
102
RTVSPropertyOp21
 70
     1
102
RTVSPropertyOp22
 70
     1
102
RTVSPropertyOp23
 70
     1
102
RTVSPropertyOp24
 70
     1
102
RTVSPropertyOp25
 70
     1
102
RTVSPropertyOp26
 70
     1
102
RTVSPropertyOp27
 70
     1
102
RTVSPropertyOp28
 70
     1
102
RTVSPropertyOp29
 70
     1
102
RTVSPropertyOp30
 70
     1
102
RTVSPropertyOp31
 70
     1
102
RTVSPropertyOp32
 70
     1
102
RTVSPropertyOp33
 70
     1
102
RTVSPropertyOp34
 70
     1
102
RTVSPropertyOp35
 70
     1
102
RTVSPropertyOp36
 70
     1
102
RTVSPropertyOp37
 70
     1
102
RTVSPropertyOp38
 70
     1
102
RTVSPropertyOp39
 70
     1
102
RTVSPropertyOp40
 70
     1
102
RTVSPropertyOp41
 70
     1
102
RTVSPropertyOp42
 70
     1
102
RTVSPropertyOp43
 70
     1
102
RTVSPropertyOp44
 70
     1
102
RTVSPropertyOp45
 70
     1
102
RTVSPropertyOp46
 70
     1
102
RTVSPropertyOp47
 70
     1
102
RTVSPropertyOp48
 70
     1
102
RTVSPropertyOp49
 70
     1
102
RTVSPropertyOp50
 70
     1
102
RTVSPropertyOp51
 70
     0
102
RTVSPropertyOp52
 70
     0
102
RTVSPropertyOp53
 70
     1
102
RTVSPropertyOp54
 70
     1
102
RTVSPropertyOp55
 70
     1
102
RTVSPropertyOp56
 70
     1
102
RTVSPropertyOp57
 70
     1
102
RTVSPost2010Prop28
280
     0
102
RTVSPost2010PropOp28
 70
     1
102
RTVSPost2010Prop29
280
     1
102
RTVSPost2010PropOp29
 70
     1
102
RTVSPost2010Prop30
280
     1
102
RTVSPost2010PropOp30
 70
     1
102
RTVSPost2010Prop31
280
     0
102
RTVSPost2010PropOp31
 70
     1
102
RTVSPost2010Prop32
280
     0
102
RTVSPost2010PropOp32
 70
     1
102
RTVSPost2010Prop33
280
     0
102
RTVSPost2010PropOp33
 70
     1
102
RTVSPost2010Prop34
280
     0
102
RTVSPost2010PropOp34
 70
     1
102
RTVSPost2010Prop35
280
     0
102
RTVSPost2010PropOp35
 70
     1
102
RTVSPost2010Prop36
280
     0
102
RTVSPost2010PropOp36
 70
     1
102
RTVSPost2010Prop37
 90
       50
102
RTVSPost2010PropOp37
 70
     1
102
RTVSPost2010Prop38
140
0.0
102
RTVSPost2010PropOp38
 70
     1
102
RTVSPost2010Prop39
140
1.0
102
RTVSPost2010PropOp39
 70
     1
102
RTVSPost2010Prop40
 90
        0
102
RTVSPost2010PropOp40
 70
     1
102
RTVSPost2010Prop41ColorIndex
 90
       18
102
RTVSPost2010Prop41ColorRGB
 90
        0
102
RTVSPost2010PropOp41
 70
     1
102
RTVSPost2010Prop42
 90
       50
102
RTVSPost2010PropOp42
 70
     1
102
RTVSPost2010Prop43
 90
        3
102
RTVSPost2010PropOp43
 70
     1
102
RTVSPost2010Prop44ColorIndex
 90
        5
102
RTVSPost2010Prop44ColorRGB
 90
      255
102
RTVSPost2010PropOp44
 70
     1
102
RTVSPost2010Prop45
280
     0
102
RTVSPost2010PropOp45
 70
     1
102
RTVSPost2010Prop46
 90
       50
102
RTVSPost2010PropOp46
 70
     1
102
RTVSPost2010Prop47
 90
       50
102
RTVSPost2010PropOp47
 70
     1
102
RTVSPost2010Prop48
 90
       50
102
RTVSPost2010PropOp48
 70
     1
102
RTVSPost2010Prop49
280
     0
102
RTVSPost2010PropOp49
 70
     1
102
RTVSPost2010Prop50
 90
       50
102
RTVSPost2010PropOp50
 70
     1
102
RTVSPost2010Prop51ColorIndex
 90
      256
102
RTVSPost2010Prop51ColorRGB
 90
-16777216
102
RTVSPost2010PropOp51
 70
     0
102
RTVSPost2010Prop52
140
1.0
102
RTVSPost2010PropOp52
 70
     0
102
RTVSPost2010Prop53
 90
        2
102
RTVSPost2010PropOp53
 70
     1
102
RTVSPost2010Prop54
  1
strokes_ogs.tif
102
RTVSPost2010PropOp54
 70
     1
102
RTVSPost2010Prop55
280
     0
102
RTVSPost2010PropOp55
 70
     1
102
RTVSPost2010Prop56
140
1.0
102
RTVSPost2010PropOp56
 70
     1
102
RTVSPost2010Prop57
140
1.0
102
RTVSPost2010PropOp57
 70
     1
  0
XRECORD
  5
14A
102
{ACAD_REACTORS
330
149
102
}
330
149
100
AcDbXrecord
280
     1
102
RTVSPropertyOp0
 70
     1
102
RTVSPropertyOp1
 70
     1
102
RTVSPropertyOp2
 70
     1
102
RTVSPropertyOp3
 70
     1
102
RTVSPropertyOp4
 70
     1
102
RTVSPropertyOp5
 70
     1
102
RTVSPropertyOp6
 70
     1
102
RTVSPropertyOp7
 70
     1
102
RTVSPropertyOp8
 70
     1
102
RTVSPropertyOp9
 70
     1
102
RTVSPropertyOp10
 70
     1
102
RTVSPropertyOp11
 70
     1
102
RTVSPropertyOp12
 70
     1
102
RTVSPropertyOp13
 70
     1
102
RTVSPropertyOp14
 70
     1
102
RTVSPropertyOp15
 70
     1
102
RTVSPropertyOp16
 70
     1
102
RTVSPropertyOp17
 70
     1
102
RTVSPropertyOp18
 70
     1
102
RTVSPropertyOp19
 70
     1
102
RTVSPropertyOp20
 70
     1
102
RTVSPropertyOp21
 70
     1
102
RTVSPropertyOp22
 70
     1
102
RTVSPropertyOp23
 70
     1
102
RTVSPropertyOp24
 70
     1
102
RTVSPropertyOp25
 70
     1
102
RTVSPropertyOp26
 70
     1
102
RTVSPropertyOp27
 70
     1
102
RTVSPropertyOp28
 70
     1
102
RTVSPropertyOp29
 70
     1
102
RTVSPropertyOp30
 70
     1
102
RTVSPropertyOp31
 70
     1
102
RTVSPropertyOp32
 70
     1
102
RTVSPropertyOp33
 70
     1
102
RTVSPropertyOp34
 70
     1
102
RTVSPropertyOp35
 70
     1
102
RTVSPropertyOp36
 70
     1
102
RTVSPropertyOp37
 70
     1
102
RTVSPropertyOp38
 70
     1
102
RTVSPropertyOp39
 70
     1
102
RTVSPropertyOp40
 70
     1
102
RTVSPropertyOp41
 70
     1
102
RTVSPropertyOp42
 70
     1
102
RTVSPropertyOp43
 70
     1
102
RTVSPropertyOp44
 70
     1
102
RTVSPropertyOp45
 70
     1
102
RTVSPropertyOp46
 70
     1
102
RTVSPropertyOp47
 70
     1
102
RTVSPropertyOp48
 70
     1
102
RTVSPropertyOp49
 70
     1
102
RTVSPropertyOp50
 70
     1
102
RTVSPropertyOp51
 70
     0
102
RTVSPropertyOp52
 70
     0
102
RTVSPropertyOp53
 70
     1
102
RTVSPropertyOp54
 70
     1
102
RTVSPropertyOp55
 70
     1
102
RTVSPropertyOp56
 70
     1
102
RTVSPropertyOp57
 70
     1
102
RTVSPost2010Prop28
280
     0
102
RTVSPost2010PropOp28
 70
     1
102
RTVSPost2010Prop29
280
     1
102
RTVSPost2010PropOp29
 70
     1
102
RTVSPost2010Prop30
280
     1
102
RTVSPost2010PropOp30
 70
     1
102
RTVSPost2010Prop31
280
     0
102
RTVSPost2010PropOp31
 70
     1
102
RTVSPost2010Prop32
280
     0
102
RTVSPost2010PropOp32
 70
     1
102
RTVSPost2010Prop33
280
     0
102
RTVSPost2010PropOp33
 70
     1
102
RTVSPost2010Prop34
280
     0
102
RTVSPost2010PropOp34
 70
     1
102
RTVSPost2010Prop35
280
     0
102
RTVSPost2010PropOp35
 70
     1
102
RTVSPost2010Prop36
280
     0
102
RTVSPost2010PropOp36
 70
     1
102
RTVSPost2010Prop37
 90
       50
102
RTVSPost2010PropOp37
 70
     1
102
RTVSPost2010Prop38
140
0.0
102
RTVSPost2010PropOp38
 70
     1
102
RTVSPost2010Prop39
140
1.0
102
RTVSPost2010PropOp39
 70
     1
102
RTVSPost2010Prop40
 90
        0
102
RTVSPost2010PropOp40
 70
     1
102
RTVSPost2010Prop41ColorIndex
 90
       18
102
RTVSPost2010Prop41ColorRGB
 90
        0
102
RTVSPost2010PropOp41
 70
     1
102
RTVSPost2010Prop42
 90
       50
102
RTVSPost2010PropOp42
 70
     1
102
RTVSPost2010Prop43
 90
        3
102
RTVSPost2010PropOp43
 70
     1
102
RTVSPost2010Prop44ColorIndex
 90
        5
102
RTVSPost2010Prop44ColorRGB
 90
      255
102
RTVSPost2010PropOp44
 70
     1
102
RTVSPost2010Prop45
280
     0
102
RTVSPost2010PropOp45
 70
     1
102
RTVSPost2010Prop46
 90
       50
102
RTVSPost2010PropOp46
 70
     1
102
RTVSPost2010Prop47
 90
       50
102
RTVSPost2010PropOp47
 70
     1
102
RTVSPost2010Prop48
 90
       50
102
RTVSPost2010PropOp48
 70
     1
102
RTVSPost2010Prop49
280
     0
102
RTVSPost2010PropOp49
 70
     1
102
RTVSPost2010Prop50
 90
       50
102
RTVSPost2010PropOp50
 70
     1
102
RTVSPost2010Prop51ColorIndex
 90
      256
102
RTVSPost2010Prop51ColorRGB
 90
-16777216
102
RTVSPost2010PropOp51
 70
     0
102
RTVSPost2010Prop52
140
1.0
102
RTVSPost2010PropOp52
 70
     0
102
RTVSPost2010Prop53
 90
        2
102
RTVSPost2010PropOp53
 70
     1
102
RTVSPost2010Prop54
  1
strokes_ogs.tif
102
RTVSPost2010PropOp54
 70
     1
102
RTVSPost2010Prop55
280
     0
102
RTVSPost2010PropOp55
 70
     1
102
RTVSPost2010Prop56
140
1.0
102
RTVSPost2010PropOp56
 70
     1
102
RTVSPost2010Prop57
140
1.0
102
RTVSPost2010PropOp57
 70
     1
  0
XRECORD
  5
13E
102
{ACAD_REACTORS
330
13D
102
}
330
13D
100
AcDbXrecord
280
     1
102
RTVSPropertyOp0
 70
     1
102
RTVSPropertyOp1
 70
     1
102
RTVSPropertyOp2
 70
     1
102
RTVSPropertyOp3
 70
     1
102
RTVSPropertyOp4
 70
     1
102
RTVSPropertyOp5
 70
     1
102
RTVSPropertyOp6
 70
     1
102
RTVSPropertyOp7
 70
     1
102
RTVSPropertyOp8
 70
     1
102
RTVSPropertyOp9
 70
     1
102
RTVSPropertyOp10
 70
     1
102
RTVSPropertyOp11
 70
     1
102
RTVSPropertyOp12
 70
     1
102
RTVSPropertyOp13
 70
     1
102
RTVSPropertyOp14
 70
     1
102
RTVSPropertyOp15
 70
     1
102
RTVSPropertyOp16
 70
     1
102
RTVSPropertyOp17
 70
     1
102
RTVSPropertyOp18
 70
     1
102
RTVSPropertyOp19
 70
     1
102
RTVSPropertyOp20
 70
     1
102
RTVSPropertyOp21
 70
     1
102
RTVSPropertyOp22
 70
     1
102
RTVSPropertyOp23
 70
     1
102
RTVSPropertyOp24
 70
     1
102
RTVSPropertyOp25
 70
     1
102
RTVSPropertyOp26
 70
     1
102
RTVSPropertyOp27
 70
     1
102
RTVSPropertyOp28
 70
     1
102
RTVSPropertyOp29
 70
     1
102
RTVSPropertyOp30
 70
     1
102
RTVSPropertyOp31
 70
     1
102
RTVSPropertyOp32
 70
     1
102
RTVSPropertyOp33
 70
     1
102
RTVSPropertyOp34
 70
     1
102
RTVSPropertyOp35
 70
     1
102
RTVSPropertyOp36
 70
     1
102
RTVSPropertyOp37
 70
     1
102
RTVSPropertyOp38
 70
     1
102
RTVSPropertyOp39
 70
     1
102
RTVSPropertyOp40
 70
     1
102
RTVSPropertyOp41
 70
     1
102
RTVSPropertyOp42
 70
     1
102
RTVSPropertyOp43
 70
     1
102
RTVSPropertyOp44
 70
     1
102
RTVSPropertyOp45
 70
     1
102
RTVSPropertyOp46
 70
     1
102
RTVSPropertyOp47
 70
     1
102
RTVSPropertyOp48
 70
     1
102
RTVSPropertyOp49
 70
     1
102
RTVSPropertyOp50
 70
     1
102
RTVSPropertyOp51
 70
     0
102
RTVSPropertyOp52
 70
     0
102
RTVSPropertyOp53
 70
     1
102
RTVSPropertyOp54
 70
     1
102
RTVSPropertyOp55
 70
     1
102
RTVSPropertyOp56
 70
     1
102
RTVSPropertyOp57
 70
     1
102
RTVSPost2010Prop28
280
     0
102
RTVSPost2010PropOp28
 70
     1
102
RTVSPost2010Prop29
280
     1
102
RTVSPost2010PropOp29
 70
     1
102
RTVSPost2010Prop30
280
     1
102
RTVSPost2010PropOp30
 70
     1
102
RTVSPost2010Prop31
280
     0
102
RTVSPost2010PropOp31
 70
     1
102
RTVSPost2010Prop32
280
     0
102
RTVSPost2010PropOp32
 70
     1
102
RTVSPost2010Prop33
280
     0
102
RTVSPost2010PropOp33
 70
     1
102
RTVSPost2010Prop34
280
     0
102
RTVSPost2010PropOp34
 70
     1
102
RTVSPost2010Prop35
280
     0
102
RTVSPost2010PropOp35
 70
     1
102
RTVSPost2010Prop36
280
     0
102
RTVSPost2010PropOp36
 70
     1
102
RTVSPost2010Prop37
 90
       50
102
RTVSPost2010PropOp37
 70
     1
102
RTVSPost2010Prop38
140
0.0
102
RTVSPost2010PropOp38
 70
     1
102
RTVSPost2010Prop39
140
1.0
102
RTVSPost2010PropOp39
 70
     1
102
RTVSPost2010Prop40
 90
        0
102
RTVSPost2010PropOp40
 70
     1
102
RTVSPost2010Prop41ColorIndex
 90
       18
102
RTVSPost2010Prop41ColorRGB
 90
        0
102
RTVSPost2010PropOp41
 70
     1
102
RTVSPost2010Prop42
 90
       50
102
RTVSPost2010PropOp42
 70
     1
102
RTVSPost2010Prop43
 90
        3
102
RTVSPost2010PropOp43
 70
     1
102
RTVSPost2010Prop44ColorIndex
 90
        5
102
RTVSPost2010Prop44ColorRGB
 90
      255
102
RTVSPost2010PropOp44
 70
     1
102
RTVSPost2010Prop45
280
     0
102
RTVSPost2010PropOp45
 70
     1
102
RTVSPost2010Prop46
 90
       50
102
RTVSPost2010PropOp46
 70
     1
102
RTVSPost2010Prop47
 90
       50
102
RTVSPost2010PropOp47
 70
     1
102
RTVSPost2010Prop48
 90
       50
102
RTVSPost2010PropOp48
 70
     1
102
RTVSPost2010Prop49
280
     0
102
RTVSPost2010PropOp49
 70
     1
102
RTVSPost2010Prop50
 90
       50
102
RTVSPost2010PropOp50
 70
     1
102
RTVSPost2010Prop51ColorIndex
 90
      256
102
RTVSPost2010Prop51ColorRGB
 90
-16777216
102
RTVSPost2010PropOp51
 70
     0
102
RTVSPost2010Prop52
140
1.0
102
RTVSPost2010PropOp52
 70
     0
102
RTVSPost2010Prop53
 90
        2
102
RTVSPost2010PropOp53
 70
     1
102
RTVSPost2010Prop54
  1
strokes_ogs.tif
102
RTVSPost2010PropOp54
 70
     1
102
RTVSPost2010Prop55
280
     0
102
RTVSPost2010PropOp55
 70
     1
102
RTVSPost2010Prop56
140
1.0
102
RTVSPost2010PropOp56
 70
     1
102
RTVSPost2010Prop57
140
1.0
102
RTVSPost2010PropOp57
 70
     1
  0
XRECORD
  5
140
102
{ACAD_REACTORS
330
13F
102
}
330
13F
100
AcDbXrecord
280
     1
102
RTVSPropertyOp0
 70
     1
102
RTVSPropertyOp1
 70
     1
102
RTVSPropertyOp2
 70
     1
102
RTVSPropertyOp3
 70
     1
102
RTVSPropertyOp4
 70
     1
102
RTVSPropertyOp5
 70
     1
102
RTVSPropertyOp6
 70
     1
102
RTVSPropertyOp7
 70
     1
102
RTVSPropertyOp8
 70
     1
102
RTVSPropertyOp9
 70
     1
102
RTVSPropertyOp10
 70
     1
102
RTVSPropertyOp11
 70
     1
102
RTVSPropertyOp12
 70
     1
102
RTVSPropertyOp13
 70
     1
102
RTVSPropertyOp14
 70
     1
102
RTVSPropertyOp15
 70
     1
102
RTVSPropertyOp16
 70
     1
102
RTVSPropertyOp17
 70
     1
102
RTVSPropertyOp18
 70
     1
102
RTVSPropertyOp19
 70
     1
102
RTVSPropertyOp20
 70
     1
102
RTVSPropertyOp21
 70
     1
102
RTVSPropertyOp22
 70
     1
102
RTVSPropertyOp23
 70
     1
102
RTVSPropertyOp24
 70
     1
102
RTVSPropertyOp25
 70
     1
102
RTVSPropertyOp26
 70
     1
102
RTVSPropertyOp27
 70
     1
102
RTVSPropertyOp28
 70
     1
102
RTVSPropertyOp29
 70
     1
102
RTVSPropertyOp30
 70
     1
102
RTVSPropertyOp31
 70
     1
102
RTVSPropertyOp32
 70
     1
102
RTVSPropertyOp33
 70
     1
102
RTVSPropertyOp34
 70
     1
102
RTVSPropertyOp35
 70
     1
102
RTVSPropertyOp36
 70
     1
102
RTVSPropertyOp37
 70
     1
102
RTVSPropertyOp38
 70
     1
102
RTVSPropertyOp39
 70
     1
102
RTVSPropertyOp40
 70
     1
102
RTVSPropertyOp41
 70
     1
102
RTVSPropertyOp42
 70
     1
102
RTVSPropertyOp43
 70
     1
102
RTVSPropertyOp44
 70
     1
102
RTVSPropertyOp45
 70
     1
102
RTVSPropertyOp46
 70
     1
102
RTVSPropertyOp47
 70
     1
102
RTVSPropertyOp48
 70
     1
102
RTVSPropertyOp49
 70
     1
102
RTVSPropertyOp50
 70
     1
102
RTVSPropertyOp51
 70
     0
102
RTVSPropertyOp52
 70
     0
102
RTVSPropertyOp53
 70
     1
102
RTVSPropertyOp54
 70
     1
102
RTVSPropertyOp55
 70
     1
102
RTVSPropertyOp56
 70
     1
102
RTVSPropertyOp57
 70
     1
102
RTVSPost2010Prop28
280
     0
102
RTVSPost2010PropOp28
 70
     1
102
RTVSPost2010Prop29
280
     1
102
RTVSPost2010PropOp29
 70
     1
102
RTVSPost2010Prop30
280
     1
102
RTVSPost2010PropOp30
 70
     1
102
RTVSPost2010Prop31
280
     0
102
RTVSPost2010PropOp31
 70
     1
102
RTVSPost2010Prop32
280
     0
102
RTVSPost2010PropOp32
 70
     1
102
RTVSPost2010Prop33
280
     0
102
RTVSPost2010PropOp33
 70
     1
102
RTVSPost2010Prop34
280
     0
102
RTVSPost2010PropOp34
 70
     1
102
RTVSPost2010Prop35
280
     0
102
RTVSPost2010PropOp35
 70
     1
102
RTVSPost2010Prop36
280
     0
102
RTVSPost2010PropOp36
 70
     1
102
RTVSPost2010Prop37
 90
       50
102
RTVSPost2010PropOp37
 70
     1
102
RTVSPost2010Prop38
140
0.0
102
RTVSPost2010PropOp38
 70
     1
102
RTVSPost2010Prop39
140
1.0
102
RTVSPost2010PropOp39
 70
     1
102
RTVSPost2010Prop40
 90
        0
102
RTVSPost2010PropOp40
 70
     1
102
RTVSPost2010Prop41ColorIndex
 90
       18
102
RTVSPost2010Prop41ColorRGB
 90
        0
102
RTVSPost2010PropOp41
 70
     1
102
RTVSPost2010Prop42
 90
       50
102
RTVSPost2010PropOp42
 70
     1
102
RTVSPost2010Prop43
 90
        3
102
RTVSPost2010PropOp43
 70
     1
102
RTVSPost2010Prop44ColorIndex
 90
        5
102
RTVSPost2010Prop44ColorRGB
 90
      255
102
RTVSPost2010PropOp44
 70
     1
102
RTVSPost2010Prop45
280
     0
102
RTVSPost2010PropOp45
 70
     1
102
RTVSPost2010Prop46
 90
       50
102
RTVSPost2010PropOp46
 70
     1
102
RTVSPost2010Prop47
 90
       50
102
RTVSPost2010PropOp47
 70
     1
102
RTVSPost2010Prop48
 90
       50
102
RTVSPost2010PropOp48
 70
     1
102
RTVSPost2010Prop49
280
     0
102
RTVSPost2010PropOp49
 70
     1
102
RTVSPost2010Prop50
 90
       50
102
RTVSPost2010PropOp50
 70
     1
102
RTVSPost2010Prop51ColorIndex
 90
      256
102
RTVSPost2010Prop51ColorRGB
 90
-16777216
102
RTVSPost2010PropOp51
 70
     0
102
RTVSPost2010Prop52
140
1.0
102
RTVSPost2010PropOp52
 70
     0
102
RTVSPost2010Prop53
 90
        2
102
RTVSPost2010PropOp53
 70
     1
102
RTVSPost2010Prop54
  1
strokes_ogs.tif
102
RTVSPost2010PropOp54
 70
     1
102
RTVSPost2010Prop55
280
     0
102
RTVSPost2010PropOp55
 70
     1
102
RTVSPost2010Prop56
140
1.0
102
RTVSPost2010PropOp56
 70
     1
102
RTVSPost2010Prop57
140
1.0
102
RTVSPost2010PropOp57
 70
     1
  0
XRECORD
  5
150
102
{ACAD_REACTORS
330
14F
102
}
330
14F
100
AcDbXrecord
280
     1
102
RTVSPropertyOp0
 70
     0
102
RTVSPropertyOp1
 70
     0
102
RTVSPropertyOp2
 70
     0
102
RTVSPropertyOp3
 70
     0
102
RTVSPropertyOp4
 70
     0
102
RTVSPropertyOp5
 70
     0
102
RTVSPropertyOp6
 70
     0
102
RTVSPropertyOp7
 70
     0
102
RTVSPropertyOp8
 70
     0
102
RTVSPropertyOp9
 70
     0
102
RTVSPropertyOp10
 70
     0
102
RTVSPropertyOp11
 70
     0
102
RTVSPropertyOp12
 70
     0
102
RTVSPropertyOp13
 70
     0
102
RTVSPropertyOp14
 70
     2
102
RTVSPropertyOp15
 70
     0
102
RTVSPropertyOp16
 70
     0
102
RTVSPropertyOp17
 70
     0
102
RTVSPropertyOp18
 70
     0
102
RTVSPropertyOp19
 70
     0
102
RTVSPropertyOp20
 70
     0
102
RTVSPropertyOp21
 70
     0
102
RTVSPropertyOp22
 70
     0
102
RTVSPropertyOp23
 70
     0
102
RTVSPropertyOp24
 70
     0
102
RTVSPropertyOp25
 70
     0
102
RTVSPropertyOp26
 70
     0
102
RTVSPropertyOp27
 70
     0
102
RTVSPropertyOp28
 70
     0
102
RTVSPropertyOp29
 70
     0
102
RTVSPropertyOp30
 70
     0
102
RTVSPropertyOp31
 70
     0
102
RTVSPropertyOp32
 70
     0
102
RTVSPropertyOp33
 70
     0
102
RTVSPropertyOp34
 70
     0
102
RTVSPropertyOp35
 70
     0
102
RTVSPropertyOp36
 70
     0
102
RTVSPropertyOp37
 70
     0
102
RTVSPropertyOp38
 70
     0
102
RTVSPropertyOp39
 70
     0
102
RTVSPropertyOp40
 70
     0
102
RTVSPropertyOp41
 70
     0
102
RTVSPropertyOp42
 70
     0
102
RTVSPropertyOp43
 70
     0
102
RTVSPropertyOp44
 70
     0
102
RTVSPropertyOp45
 70
     0
102
RTVSPropertyOp46
 70
     0
102
RTVSPropertyOp47
 70
     0
102
RTVSPropertyOp48
 70
     0
102
RTVSPropertyOp49
 70
     0
102
RTVSPropertyOp50
 70
     0
102
RTVSPropertyOp51
 70
     0
102
RTVSPropertyOp52
 70
     0
102
RTVSPropertyOp53
 70
     0
102
RTVSPropertyOp54
 70
     0
102
RTVSPropertyOp55
 70
     0
102
RTVSPropertyOp56
 70
     0
102
RTVSPropertyOp57
 70
     0
102
RTVSPost2010Prop28
280
     0
102
RTVSPost2010PropOp28
 70
     0
102
RTVSPost2010Prop29
280
     1
102
RTVSPost2010PropOp29
 70
     0
102
RTVSPost2010Prop30
280
     1
102
RTVSPost2010PropOp30
 70
     0
102
RTVSPost2010Prop31
280
     0
102
RTVSPost2010PropOp31
 70
     0
102
RTVSPost2010Prop32
280
     0
102
RTVSPost2010PropOp32
 70
     0
102
RTVSPost2010Prop33
280
     0
102
RTVSPost2010PropOp33
 70
     0
102
RTVSPost2010Prop34
280
     0
102
RTVSPost2010PropOp34
 70
     0
102
RTVSPost2010Prop35
280
     0
102
RTVSPost2010PropOp35
 70
     0
102
RTVSPost2010Prop36
280
     0
102
RTVSPost2010PropOp36
 70
     0
102
RTVSPost2010Prop37
 90
       50
102
RTVSPost2010PropOp37
 70
     0
102
RTVSPost2010Prop38
140
0.0
102
RTVSPost2010PropOp38
 70
     0
102
RTVSPost2010Prop39
140
1.0
102
RTVSPost2010PropOp39
 70
     0
102
RTVSPost2010Prop40
 90
        0
102
RTVSPost2010PropOp40
 70
     0
102
RTVSPost2010Prop41ColorIndex
 90
       18
102
RTVSPost2010Prop41ColorRGB
 90
        0
102
RTVSPost2010PropOp41
 70
     0
102
RTVSPost2010Prop42
 90
       50
102
RTVSPost2010PropOp42
 70
     0
102
RTVSPost2010Prop43
 90
        3
102
RTVSPost2010PropOp43
 70
     0
102
RTVSPost2010Prop44ColorIndex
 90
        5
102
RTVSPost2010Prop44ColorRGB
 90
      255
102
RTVSPost2010PropOp44
 70
     0
102
RTVSPost2010Prop45
280
     0
102
RTVSPost2010PropOp45
 70
     0
102
RTVSPost2010Prop46
 90
       50
102
RTVSPost2010PropOp46
 70
     0
102
RTVSPost2010Prop47
 90
       50
102
RTVSPost2010PropOp47
 70
     0
102
RTVSPost2010Prop48
 90
       50
102
RTVSPost2010PropOp48
 70
     0
102
RTVSPost2010Prop49
280
     0
102
RTVSPost2010PropOp49
 70
     0
102
RTVSPost2010Prop50
 90
       50
102
RTVSPost2010PropOp50
 70
     0
102
RTVSPost2010Prop51ColorIndex
 90
      256
102
RTVSPost2010Prop51ColorRGB
 90
-16777216
102
RTVSPost2010PropOp51
 70
     0
102
RTVSPost2010Prop52
140
1.0
102
RTVSPost2010PropOp52
 70
     0
102
RTVSPost2010Prop53
 90
        2
102
RTVSPost2010PropOp53
 70
     0
102
RTVSPost2010Prop54
  1
strokes_ogs.tif
102
RTVSPost2010PropOp54
 70
     0
102
RTVSPost2010Prop55
280
     0
102
RTVSPost2010PropOp55
 70
     0
102
RTVSPost2010Prop56
140
1.0
102
RTVSPost2010PropOp56
 70
     0
102
RTVSPost2010Prop57
140
1.0
102
RTVSPost2010PropOp57
 70
     0
  0
XRECORD
  5
148
102
{ACAD_REACTORS
330
147
102
}
330
147
100
AcDbXrecord
280
     1
102
RTVSPropertyOp0
 70
     1
102
RTVSPropertyOp1
 70
     1
102
RTVSPropertyOp2
 70
     1
102
RTVSPropertyOp3
 70
     1
102
RTVSPropertyOp4
 70
     1
102
RTVSPropertyOp5
 70
     1
102
RTVSPropertyOp6
 70
     1
102
RTVSPropertyOp7
 70
     1
102
RTVSPropertyOp8
 70
     1
102
RTVSPropertyOp9
 70
     1
102
RTVSPropertyOp10
 70
     1
102
RTVSPropertyOp11
 70
     1
102
RTVSPropertyOp12
 70
     1
102
RTVSPropertyOp13
 70
     1
102
RTVSPropertyOp14
 70
     1
102
RTVSPropertyOp15
 70
     1
102
RTVSPropertyOp16
 70
     1
102
RTVSPropertyOp17
 70
     1
102
RTVSPropertyOp18
 70
     1
102
RTVSPropertyOp19
 70
     1
102
RTVSPropertyOp20
 70
     1
102
RTVSPropertyOp21
 70
     1
102
RTVSPropertyOp22
 70
     1
102
RTVSPropertyOp23
 70
     1
102
RTVSPropertyOp24
 70
     1
102
RTVSPropertyOp25
 70
     1
102
RTVSPropertyOp26
 70
     1
102
RTVSPropertyOp27
 70
     1
102
RTVSPropertyOp28
 70
     1
102
RTVSPropertyOp29
 70
     1
102
RTVSPropertyOp30
 70
     1
102
RTVSPropertyOp31
 70
     1
102
RTVSPropertyOp32
 70
     1
102
RTVSPropertyOp33
 70
     1
102
RTVSPropertyOp34
 70
     1
102
RTVSPropertyOp35
 70
     1
102
RTVSPropertyOp36
 70
     1
102
RTVSPropertyOp37
 70
     1
102
RTVSPropertyOp38
 70
     1
102
RTVSPropertyOp39
 70
     1
102
RTVSPropertyOp40
 70
     1
102
RTVSPropertyOp41
 70
     1
102
RTVSPropertyOp42
 70
     1
102
RTVSPropertyOp43
 70
     1
102
RTVSPropertyOp44
 70
     1
102
RTVSPropertyOp45
 70
     1
102
RTVSPropertyOp46
 70
     1
102
RTVSPropertyOp47
 70
     1
102
RTVSPropertyOp48
 70
     1
102
RTVSPropertyOp49
 70
     1
102
RTVSPropertyOp50
 70
     1
102
RTVSPropertyOp51
 70
     0
102
RTVSPropertyOp52
 70
     0
102
RTVSPropertyOp53
 70
     1
102
RTVSPropertyOp54
 70
     1
102
RTVSPropertyOp55
 70
     1
102
RTVSPropertyOp56
 70
     1
102
RTVSPropertyOp57
 70
     1
102
RTVSPost2010Prop28
280
     0
102
RTVSPost2010PropOp28
 70
     1
102
RTVSPost2010Prop29
280
     1
102
RTVSPost2010PropOp29
 70
     1
102
RTVSPost2010Prop30
280
     1
102
RTVSPost2010PropOp30
 70
     1
102
RTVSPost2010Prop31
280
     0
102
RTVSPost2010PropOp31
 70
     1
102
RTVSPost2010Prop32
280
     0
102
RTVSPost2010PropOp32
 70
     1
102
RTVSPost2010Prop33
280
     0
102
RTVSPost2010PropOp33
 70
     1
102
RTVSPost2010Prop34
280
     0
102
RTVSPost2010PropOp34
 70
     1
102
RTVSPost2010Prop35
280
     0
102
RTVSPost2010PropOp35
 70
     1
102
RTVSPost2010Prop36
280
     0
102
RTVSPost2010PropOp36
 70
     1
102
RTVSPost2010Prop37
 90
       50
102
RTVSPost2010PropOp37
 70
     1
102
RTVSPost2010Prop38
140
0.0
102
RTVSPost2010PropOp38
 70
     1
102
RTVSPost2010Prop39
140
1.0
102
RTVSPost2010PropOp39
 70
     1
102
RTVSPost2010Prop40
 90
        0
102
RTVSPost2010PropOp40
 70
     1
102
RTVSPost2010Prop41ColorIndex
 90
       18
102
RTVSPost2010Prop41ColorRGB
 90
        0
102
RTVSPost2010PropOp41
 70
     1
102
RTVSPost2010Prop42
 90
       50
102
RTVSPost2010PropOp42
 70
     1
102
RTVSPost2010Prop43
 90
        3
102
RTVSPost2010PropOp43
 70
     1
102
RTVSPost2010Prop44ColorIndex
 90
        5
102
RTVSPost2010Prop44ColorRGB
 90
      255
102
RTVSPost2010PropOp44
 70
     1
102
RTVSPost2010Prop45
280
     0
102
RTVSPost2010PropOp45
 70
     1
102
RTVSPost2010Prop46
 90
       50
102
RTVSPost2010PropOp46
 70
     1
102
RTVSPost2010Prop47
 90
       50
102
RTVSPost2010PropOp47
 70
     1
102
RTVSPost2010Prop48
 90
       50
102
RTVSPost2010PropOp48
 70
     1
102
RTVSPost2010Prop49
280
     0
102
RTVSPost2010PropOp49
 70
     1
102
RTVSPost2010Prop50
 90
       50
102
RTVSPost2010PropOp50
 70
     1
102
RTVSPost2010Prop51ColorIndex
 90
      256
102
RTVSPost2010Prop51ColorRGB
 90
-16777216
102
RTVSPost2010PropOp51
 70
     0
102
RTVSPost2010Prop52
140
1.0
102
RTVSPost2010PropOp52
 70
     0
102
RTVSPost2010Prop53
 90
        2
102
RTVSPost2010PropOp53
 70
     1
102
RTVSPost2010Prop54
  1
strokes_ogs.tif
102
RTVSPost2010PropOp54
 70
     1
102
RTVSPost2010Prop55
280
     0
102
RTVSPost2010PropOp55
 70
     1
102
RTVSPost2010Prop56
140
1.0
102
RTVSPost2010PropOp56
 70
     1
102
RTVSPost2010Prop57
140
1.0
102
RTVSPost2010PropOp57
 70
     1
  0
XRECORD
  5
12C
102
{ACAD_REACTORS
330
12B
102
}
330
12B
100
AcDbXrecord
280
     1
102
RTVSPropertyOp0
 70
     1
102
RTVSPropertyOp1
 70
     1
102
RTVSPropertyOp2
 70
     1
102
RTVSPropertyOp3
 70
     1
102
RTVSPropertyOp4
 70
     1
102
RTVSPropertyOp5
 70
     1
102
RTVSPropertyOp6
 70
     1
102
RTVSPropertyOp7
 70
     1
102
RTVSPropertyOp8
 70
     1
102
RTVSPropertyOp9
 70
     1
102
RTVSPropertyOp10
 70
     1
102
RTVSPropertyOp11
 70
     1
102
RTVSPropertyOp12
 70
     1
102
RTVSPropertyOp13
 70
     1
102
RTVSPropertyOp14
 70
     1
102
RTVSPropertyOp15
 70
     1
102
RTVSPropertyOp16
 70
     1
102
RTVSPropertyOp17
 70
     1
102
RTVSPropertyOp18
 70
     1
102
RTVSPropertyOp19
 70
     1
102
RTVSPropertyOp20
 70
     1
102
RTVSPropertyOp21
 70
     1
102
RTVSPropertyOp22
 70
     1
102
RTVSPropertyOp23
 70
     1
102
RTVSPropertyOp24
 70
     1
102
RTVSPropertyOp25
 70
     1
102
RTVSPropertyOp26
 70
     1
102
RTVSPropertyOp27
 70
     1
102
RTVSPropertyOp28
 70
     1
102
RTVSPropertyOp29
 70
     1
102
RTVSPropertyOp30
 70
     1
102
RTVSPropertyOp31
 70
     1
102
RTVSPropertyOp32
 70
     1
102
RTVSPropertyOp33
 70
     1
102
RTVSPropertyOp34
 70
     1
102
RTVSPropertyOp35
 70
     1
102
RTVSPropertyOp36
 70
     1
102
RTVSPropertyOp37
 70
     1
102
RTVSPropertyOp38
 70
     1
102
RTVSPropertyOp39
 70
     1
102
RTVSPropertyOp40
 70
     1
102
RTVSPropertyOp41
 70
     1
102
RTVSPropertyOp42
 70
     1
102
RTVSPropertyOp43
 70
     1
102
RTVSPropertyOp44
 70
     1
102
RTVSPropertyOp45
 70
     1
102
RTVSPropertyOp46
 70
     1
102
RTVSPropertyOp47
 70
     1
102
RTVSPropertyOp48
 70
     1
102
RTVSPropertyOp49
 70
     1
102
RTVSPropertyOp50
 70
     1
102
RTVSPropertyOp51
 70
     0
102
RTVSPropertyOp52
 70
     0
102
RTVSPropertyOp53
 70
     1
102
RTVSPropertyOp54
 70
     1
102
RTVSPropertyOp55
 70
     1
102
RTVSPropertyOp56
 70
     1
102
RTVSPropertyOp57
 70
     1
102
RTVSPost2010Prop28
280
     0
102
RTVSPost2010PropOp28
 70
     1
102
RTVSPost2010Prop29
280
     1
102
RTVSPost2010PropOp29
 70
     1
102
RTVSPost2010Prop30
280
     1
102
RTVSPost2010PropOp30
 70
     1
102
RTVSPost2010Prop31
280
     0
102
RTVSPost2010PropOp31
 70
     1
102
RTVSPost2010Prop32
280
     0
102
RTVSPost2010PropOp32
 70
     1
102
RTVSPost2010Prop33
280
     0
102
RTVSPost2010PropOp33
 70
     1
102
RTVSPost2010Prop34
280
     0
102
RTVSPost2010PropOp34
 70
     1
102
RTVSPost2010Prop35
280
     0
102
RTVSPost2010PropOp35
 70
     1
102
RTVSPost2010Prop36
280
     0
102
RTVSPost2010PropOp36
 70
     1
102
RTVSPost2010Prop37
 90
       50
102
RTVSPost2010PropOp37
 70
     1
102
RTVSPost2010Prop38
140
0.0
102
RTVSPost2010PropOp38
 70
     1
102
RTVSPost2010Prop39
140
1.0
102
RTVSPost2010PropOp39
 70
     1
102
RTVSPost2010Prop40
 90
        0
102
RTVSPost2010PropOp40
 70
     1
102
RTVSPost2010Prop41ColorIndex
 90
       18
102
RTVSPost2010Prop41ColorRGB
 90
        0
102
RTVSPost2010PropOp41
 70
     1
102
RTVSPost2010Prop42
 90
       50
102
RTVSPost2010PropOp42
 70
     1
102
RTVSPost2010Prop43
 90
        3
102
RTVSPost2010PropOp43
 70
     1
102
RTVSPost2010Prop44ColorIndex
 90
        5
102
RTVSPost2010Prop44ColorRGB
 90
      255
102
RTVSPost2010PropOp44
 70
     1
102
RTVSPost2010Prop45
280
     0
102
RTVSPost2010PropOp45
 70
     1
102
RTVSPost2010Prop46
 90
       50
102
RTVSPost2010PropOp46
 70
     1
102
RTVSPost2010Prop47
 90
       50
102
RTVSPost2010PropOp47
 70
     1
102
RTVSPost2010Prop48
 90
       50
102
RTVSPost2010PropOp48
 70
     1
102
RTVSPost2010Prop49
280
     0
102
RTVSPost2010PropOp49
 70
     1
102
RTVSPost2010Prop50
 90
       50
102
RTVSPost2010PropOp50
 70
     1
102
RTVSPost2010Prop51ColorIndex
 90
      256
102
RTVSPost2010Prop51ColorRGB
 90
-16777216
102
RTVSPost2010PropOp51
 70
     0
102
RTVSPost2010Prop52
140
1.0
102
RTVSPost2010PropOp52
 70
     0
102
RTVSPost2010Prop53
 90
        2
102
RTVSPost2010PropOp53
 70
     1
102
RTVSPost2010Prop54
  1
strokes_ogs.tif
102
RTVSPost2010PropOp54
 70
     1
102
RTVSPost2010Prop55
280
     0
102
RTVSPost2010PropOp55
 70
     1
102
RTVSPost2010Prop56
140
1.0
102
RTVSPost2010PropOp56
 70
     1
102
RTVSPost2010Prop57
140
1.0
102
RTVSPost2010PropOp57
 70
     1
  0
XRECORD
  5
12E
102
{ACAD_REACTORS
330
12D
102
}
330
12D
100
AcDbXrecord
280
     1
102
RTVSPropertyOp0
 70
     1
102
RTVSPropertyOp1
 70
     1
102
RTVSPropertyOp2
 70
     1
102
RTVSPropertyOp3
 70
     1
102
RTVSPropertyOp4
 70
     1
102
RTVSPropertyOp5
 70
     1
102
RTVSPropertyOp6
 70
     1
102
RTVSPropertyOp7
 70
     1
102
RTVSPropertyOp8
 70
     1
102
RTVSPropertyOp9
 70
     1
102
RTVSPropertyOp10
 70
     1
102
RTVSPropertyOp11
 70
     1
102
RTVSPropertyOp12
 70
     1
102
RTVSPropertyOp13
 70
     1
102
RTVSPropertyOp14
 70
     1
102
RTVSPropertyOp15
 70
     1
102
RTVSPropertyOp16
 70
     1
102
RTVSPropertyOp17
 70
     1
102
RTVSPropertyOp18
 70
     1
102
RTVSPropertyOp19
 70
     1
102
RTVSPropertyOp20
 70
     1
102
RTVSPropertyOp21
 70
     1
102
RTVSPropertyOp22
 70
     1
102
RTVSPropertyOp23
 70
     1
102
RTVSPropertyOp24
 70
     1
102
RTVSPropertyOp25
 70
     1
102
RTVSPropertyOp26
 70
     1
102
RTVSPropertyOp27
 70
     1
102
RTVSPropertyOp28
 70
     1
102
RTVSPropertyOp29
 70
     1
102
RTVSPropertyOp30
 70
     1
102
RTVSPropertyOp31
 70
     1
102
RTVSPropertyOp32
 70
     1
102
RTVSPropertyOp33
 70
     1
102
RTVSPropertyOp34
 70
     1
102
RTVSPropertyOp35
 70
     1
102
RTVSPropertyOp36
 70
     1
102
RTVSPropertyOp37
 70
     1
102
RTVSPropertyOp38
 70
     1
102
RTVSPropertyOp39
 70
     1
102
RTVSPropertyOp40
 70
     1
102
RTVSPropertyOp41
 70
     1
102
RTVSPropertyOp42
 70
     1
102
RTVSPropertyOp43
 70
     1
102
RTVSPropertyOp44
 70
     1
102
RTVSPropertyOp45
 70
     1
102
RTVSPropertyOp46
 70
     1
102
RTVSPropertyOp47
 70
     1
102
RTVSPropertyOp48
 70
     1
102
RTVSPropertyOp49
 70
     1
102
RTVSPropertyOp50
 70
     1
102
RTVSPropertyOp51
 70
     0
102
RTVSPropertyOp52
 70
     0
102
RTVSPropertyOp53
 70
     1
102
RTVSPropertyOp54
 70
     1
102
RTVSPropertyOp55
 70
     1
102
RTVSPropertyOp56
 70
     1
102
RTVSPropertyOp57
 70
     1
102
RTVSPost2010Prop28
280
     0
102
RTVSPost2010PropOp28
 70
     1
102
RTVSPost2010Prop29
280
     1
102
RTVSPost2010PropOp29
 70
     1
102
RTVSPost2010Prop30
280
     1
102
RTVSPost2010PropOp30
 70
     1
102
RTVSPost2010Prop31
280
     0
102
RTVSPost2010PropOp31
 70
     1
102
RTVSPost2010Prop32
280
     0
102
RTVSPost2010PropOp32
 70
     1
102
RTVSPost2010Prop33
280
     0
102
RTVSPost2010PropOp33
 70
     1
102
RTVSPost2010Prop34
280
     0
102
RTVSPost2010PropOp34
 70
     1
102
RTVSPost2010Prop35
280
     0
102
RTVSPost2010PropOp35
 70
     1
102
RTVSPost2010Prop36
280
     0
102
RTVSPost2010PropOp36
 70
     1
102
RTVSPost2010Prop37
 90
       50
102
RTVSPost2010PropOp37
 70
     1
102
RTVSPost2010Prop38
140
0.0
102
RTVSPost2010PropOp38
 70
     1
102
RTVSPost2010Prop39
140
1.0
102
RTVSPost2010PropOp39
 70
     1
102
RTVSPost2010Prop40
 90
        0
102
RTVSPost2010PropOp40
 70
     1
102
RTVSPost2010Prop41ColorIndex
 90
       18
102
RTVSPost2010Prop41ColorRGB
 90
        0
102
RTVSPost2010PropOp41
 70
     1
102
RTVSPost2010Prop42
 90
       50
102
RTVSPost2010PropOp42
 70
     1
102
RTVSPost2010Prop43
 90
        3
102
RTVSPost2010PropOp43
 70
     1
102
RTVSPost2010Prop44ColorIndex
 90
        5
102
RTVSPost2010Prop44ColorRGB
 90
      255
102
RTVSPost2010PropOp44
 70
     1
102
RTVSPost2010Prop45
280
     0
102
RTVSPost2010PropOp45
 70
     1
102
RTVSPost2010Prop46
 90
       50
102
RTVSPost2010PropOp46
 70
     1
102
RTVSPost2010Prop47
 90
       50
102
RTVSPost2010PropOp47
 70
     1
102
RTVSPost2010Prop48
 90
       50
102
RTVSPost2010PropOp48
 70
     1
102
RTVSPost2010Prop49
280
     0
102
RTVSPost2010PropOp49
 70
     1
102
RTVSPost2010Prop50
 90
       50
102
RTVSPost2010PropOp50
 70
     1
102
RTVSPost2010Prop51ColorIndex
 90
      256
102
RTVSPost2010Prop51ColorRGB
 90
-16777216
102
RTVSPost2010PropOp51
 70
     0
102
RTVSPost2010Prop52
140
1.0
102
RTVSPost2010PropOp52
 70
     0
102
RTVSPost2010Prop53
 90
        2
102
RTVSPost2010PropOp53
 70
     1
102
RTVSPost2010Prop54
  1
strokes_ogs.tif
102
RTVSPost2010PropOp54
 70
     1
102
RTVSPost2010Prop55
280
     0
102
RTVSPost2010PropOp55
 70
     1
102
RTVSPost2010Prop56
140
1.0
102
RTVSPost2010PropOp56
 70
     1
102
RTVSPost2010Prop57
140
1.0
102
RTVSPost2010PropOp57
 70
     1
  0
XRECORD
  5
130
102
{ACAD_REACTORS
330
12F
102
}
330
12F
100
AcDbXrecord
280
     1
102
RTVSPropertyOp0
 70
     1
102
RTVSPropertyOp1
 70
     1
102
RTVSPropertyOp2
 70
     1
102
RTVSPropertyOp3
 70
     1
102
RTVSPropertyOp4
 70
     1
102
RTVSPropertyOp5
 70
     1
102
RTVSPropertyOp6
 70
     1
102
RTVSPropertyOp7
 70
     1
102
RTVSPropertyOp8
 70
     1
102
RTVSPropertyOp9
 70
     1
102
RTVSPropertyOp10
 70
     1
102
RTVSPropertyOp11
 70
     1
102
RTVSPropertyOp12
 70
     1
102
RTVSPropertyOp13
 70
     1
102
RTVSPropertyOp14
 70
     1
102
RTVSPropertyOp15
 70
     1
102
RTVSPropertyOp16
 70
     1
102
RTVSPropertyOp17
 70
     1
102
RTVSPropertyOp18
 70
     1
102
RTVSPropertyOp19
 70
     1
102
RTVSPropertyOp20
 70
     1
102
RTVSPropertyOp21
 70
     1
102
RTVSPropertyOp22
 70
     1
102
RTVSPropertyOp23
 70
     1
102
RTVSPropertyOp24
 70
     1
102
RTVSPropertyOp25
 70
     1
102
RTVSPropertyOp26
 70
     1
102
RTVSPropertyOp27
 70
     1
102
RTVSPropertyOp28
 70
     1
102
RTVSPropertyOp29
 70
     1
102
RTVSPropertyOp30
 70
     1
102
RTVSPropertyOp31
 70
     1
102
RTVSPropertyOp32
 70
     1
102
RTVSPropertyOp33
 70
     1
102
RTVSPropertyOp34
 70
     1
102
RTVSPropertyOp35
 70
     1
102
RTVSPropertyOp36
 70
     1
102
RTVSPropertyOp37
 70
     1
102
RTVSPropertyOp38
 70
     1
102
RTVSPropertyOp39
 70
     1
102
RTVSPropertyOp40
 70
     1
102
RTVSPropertyOp41
 70
     1
102
RTVSPropertyOp42
 70
     1
102
RTVSPropertyOp43
 70
     1
102
RTVSPropertyOp44
 70
     1
102
RTVSPropertyOp45
 70
     1
102
RTVSPropertyOp46
 70
     1
102
RTVSPropertyOp47
 70
     1
102
RTVSPropertyOp48
 70
     1
102
RTVSPropertyOp49
 70
     1
102
RTVSPropertyOp50
 70
     1
102
RTVSPropertyOp51
 70
     0
102
RTVSPropertyOp52
 70
     0
102
RTVSPropertyOp53
 70
     1
102
RTVSPropertyOp54
 70
     1
102
RTVSPropertyOp55
 70
     1
102
RTVSPropertyOp56
 70
     1
102
RTVSPropertyOp57
 70
     1
102
RTVSPost2010Prop28
280
     0
102
RTVSPost2010PropOp28
 70
     1
102
RTVSPost2010Prop29
280
     1
102
RTVSPost2010PropOp29
 70
     1
102
RTVSPost2010Prop30
280
     1
102
RTVSPost2010PropOp30
 70
     1
102
RTVSPost2010Prop31
280
     0
102
RTVSPost2010PropOp31
 70
     1
102
RTVSPost2010Prop32
280
     0
102
RTVSPost2010PropOp32
 70
     1
102
RTVSPost2010Prop33
280
     0
102
RTVSPost2010PropOp33
 70
     1
102
RTVSPost2010Prop34
280
     0
102
RTVSPost2010PropOp34
 70
     1
102
RTVSPost2010Prop35
280
     0
102
RTVSPost2010PropOp35
 70
     1
102
RTVSPost2010Prop36
280
     0
102
RTVSPost2010PropOp36
 70
     1
102
RTVSPost2010Prop37
 90
       50
102
RTVSPost2010PropOp37
 70
     1
102
RTVSPost2010Prop38
140
0.0
102
RTVSPost2010PropOp38
 70
     1
102
RTVSPost2010Prop39
140
1.0
102
RTVSPost2010PropOp39
 70
     1
102
RTVSPost2010Prop40
 90
        0
102
RTVSPost2010PropOp40
 70
     1
102
RTVSPost2010Prop41ColorIndex
 90
       18
102
RTVSPost2010Prop41ColorRGB
 90
        0
102
RTVSPost2010PropOp41
 70
     1
102
RTVSPost2010Prop42
 90
       50
102
RTVSPost2010PropOp42
 70
     1
102
RTVSPost2010Prop43
 90
        3
102
RTVSPost2010PropOp43
 70
     1
102
RTVSPost2010Prop44ColorIndex
 90
        5
102
RTVSPost2010Prop44ColorRGB
 90
      255
102
RTVSPost2010PropOp44
 70
     1
102
RTVSPost2010Prop45
280
     0
102
RTVSPost2010PropOp45
 70
     1
102
RTVSPost2010Prop46
 90
       50
102
RTVSPost2010PropOp46
 70
     1
102
RTVSPost2010Prop47
 90
       50
102
RTVSPost2010PropOp47
 70
     1
102
RTVSPost2010Prop48
 90
       50
102
RTVSPost2010PropOp48
 70
     1
102
RTVSPost2010Prop49
280
     0
102
RTVSPost2010PropOp49
 70
     1
102
RTVSPost2010Prop50
 90
       50
102
RTVSPost2010PropOp50
 70
     1
102
RTVSPost2010Prop51ColorIndex
 90
      256
102
RTVSPost2010Prop51ColorRGB
 90
-16777216
102
RTVSPost2010PropOp51
 70
     0
102
RTVSPost2010Prop52
140
1.0
102
RTVSPost2010PropOp52
 70
     0
102
RTVSPost2010Prop53
 90
        2
102
RTVSPost2010PropOp53
 70
     1
102
RTVSPost2010Prop54
  1
strokes_ogs.tif
102
RTVSPost2010PropOp54
 70
     1
102
RTVSPost2010Prop55
280
     0
102
RTVSPost2010PropOp55
 70
     1
102
RTVSPost2010Prop56
140
1.0
102
RTVSPost2010PropOp56
 70
     1
102
RTVSPost2010Prop57
140
1.0
102
RTVSPost2010PropOp57
 70
     1
  0
XRECORD
  5
132
102
{ACAD_REACTORS
330
131
102
}
330
131
100
AcDbXrecord
280
     1
102
RTVSPropertyOp0
 70
     1
102
RTVSPropertyOp1
 70
     1
102
RTVSPropertyOp2
 70
     1
102
RTVSPropertyOp3
 70
     1
102
RTVSPropertyOp4
 70
     1
102
RTVSPropertyOp5
 70
     1
102
RTVSPropertyOp6
 70
     1
102
RTVSPropertyOp7
 70
     1
102
RTVSPropertyOp8
 70
     1
102
RTVSPropertyOp9
 70
     1
102
RTVSPropertyOp10
 70
     1
102
RTVSPropertyOp11
 70
     1
102
RTVSPropertyOp12
 70
     1
102
RTVSPropertyOp13
 70
     1
102
RTVSPropertyOp14
 70
     1
102
RTVSPropertyOp15
 70
     1
102
RTVSPropertyOp16
 70
     1
102
RTVSPropertyOp17
 70
     1
102
RTVSPropertyOp18
 70
     1
102
RTVSPropertyOp19
 70
     1
102
RTVSPropertyOp20
 70
     1
102
RTVSPropertyOp21
 70
     1
102
RTVSPropertyOp22
 70
     1
102
RTVSPropertyOp23
 70
     1
102
RTVSPropertyOp24
 70
     1
102
RTVSPropertyOp25
 70
     1
102
RTVSPropertyOp26
 70
     1
102
RTVSPropertyOp27
 70
     1
102
RTVSPropertyOp28
 70
     1
102
RTVSPropertyOp29
 70
     1
102
RTVSPropertyOp30
 70
     1
102
RTVSPropertyOp31
 70
     1
102
RTVSPropertyOp32
 70
     1
102
RTVSPropertyOp33
 70
     1
102
RTVSPropertyOp34
 70
     1
102
RTVSPropertyOp35
 70
     1
102
RTVSPropertyOp36
 70
     1
102
RTVSPropertyOp37
 70
     1
102
RTVSPropertyOp38
 70
     1
102
RTVSPropertyOp39
 70
     1
102
RTVSPropertyOp40
 70
     1
102
RTVSPropertyOp41
 70
     1
102
RTVSPropertyOp42
 70
     1
102
RTVSPropertyOp43
 70
     1
102
RTVSPropertyOp44
 70
     1
102
RTVSPropertyOp45
 70
     1
102
RTVSPropertyOp46
 70
     1
102
RTVSPropertyOp47
 70
     1
102
RTVSPropertyOp48
 70
     1
102
RTVSPropertyOp49
 70
     1
102
RTVSPropertyOp50
 70
     1
102
RTVSPropertyOp51
 70
     0
102
RTVSPropertyOp52
 70
     0
102
RTVSPropertyOp53
 70
     1
102
RTVSPropertyOp54
 70
     1
102
RTVSPropertyOp55
 70
     1
102
RTVSPropertyOp56
 70
     1
102
RTVSPropertyOp57
 70
     1
102
RTVSPost2010Prop28
280
     0
102
RTVSPost2010PropOp28
 70
     1
102
RTVSPost2010Prop29
280
     1
102
RTVSPost2010PropOp29
 70
     1
102
RTVSPost2010Prop30
280
     1
102
RTVSPost2010PropOp30
 70
     1
102
RTVSPost2010Prop31
280
     0
102
RTVSPost2010PropOp31
 70
     1
102
RTVSPost2010Prop32
280
     0
102
RTVSPost2010PropOp32
 70
     1
102
RTVSPost2010Prop33
280
     0
102
RTVSPost2010PropOp33
 70
     1
102
RTVSPost2010Prop34
280
     0
102
RTVSPost2010PropOp34
 70
     1
102
RTVSPost2010Prop35
280
     0
102
RTVSPost2010PropOp35
 70
     1
102
RTVSPost2010Prop36
280
     0
102
RTVSPost2010PropOp36
 70
     1
102
RTVSPost2010Prop37
 90
       50
102
RTVSPost2010PropOp37
 70
     1
102
RTVSPost2010Prop38
140
0.0
102
RTVSPost2010PropOp38
 70
     1
102
RTVSPost2010Prop39
140
1.0
102
RTVSPost2010PropOp39
 70
     1
102
RTVSPost2010Prop40
 90
        0
102
RTVSPost2010PropOp40
 70
     1
102
RTVSPost2010Prop41ColorIndex
 90
       18
102
RTVSPost2010Prop41ColorRGB
 90
        0
102
RTVSPost2010PropOp41
 70
     1
102
RTVSPost2010Prop42
 90
       50
102
RTVSPost2010PropOp42
 70
     1
102
RTVSPost2010Prop43
 90
        3
102
RTVSPost2010PropOp43
 70
     1
102
RTVSPost2010Prop44ColorIndex
 90
        5
102
RTVSPost2010Prop44ColorRGB
 90
      255
102
RTVSPost2010PropOp44
 70
     1
102
RTVSPost2010Prop45
280
     0
102
RTVSPost2010PropOp45
 70
     1
102
RTVSPost2010Prop46
 90
       50
102
RTVSPost2010PropOp46
 70
     1
102
RTVSPost2010Prop47
 90
       50
102
RTVSPost2010PropOp47
 70
     1
102
RTVSPost2010Prop48
 90
       50
102
RTVSPost2010PropOp48
 70
     1
102
RTVSPost2010Prop49
280
     0
102
RTVSPost2010PropOp49
 70
     1
102
RTVSPost2010Prop50
 90
       50
102
RTVSPost2010PropOp50
 70
     1
102
RTVSPost2010Prop51ColorIndex
 90
      256
102
RTVSPost2010Prop51ColorRGB
 90
-16777216
102
RTVSPost2010PropOp51
 70
     0
102
RTVSPost2010Prop52
140
1.0
102
RTVSPost2010PropOp52
 70
     0
102
RTVSPost2010Prop53
 90
        2
102
RTVSPost2010PropOp53
 70
     1
102
RTVSPost2010Prop54
  1
strokes_ogs.tif
102
RTVSPost2010PropOp54
 70
     1
102
RTVSPost2010Prop55
280
     0
102
RTVSPost2010PropOp55
 70
     1
102
RTVSPost2010Prop56
140
1.0
102
RTVSPost2010PropOp56
 70
     1
102
RTVSPost2010Prop57
140
1.0
102
RTVSPost2010PropOp57
 70
     1
  0
XRECORD
  5
138
102
{ACAD_REACTORS
330
137
102
}
330
137
100
AcDbXrecord
280
     1
102
RTVSPropertyOp0
 70
     1
102
RTVSPropertyOp1
 70
     1
102
RTVSPropertyOp2
 70
     1
102
RTVSPropertyOp3
 70
     1
102
RTVSPropertyOp4
 70
     1
102
RTVSPropertyOp5
 70
     1
102
RTVSPropertyOp6
 70
     1
102
RTVSPropertyOp7
 70
     1
102
RTVSPropertyOp8
 70
     1
102
RTVSPropertyOp9
 70
     1
102
RTVSPropertyOp10
 70
     1
102
RTVSPropertyOp11
 70
     1
102
RTVSPropertyOp12
 70
     1
102
RTVSPropertyOp13
 70
     1
102
RTVSPropertyOp14
 70
     1
102
RTVSPropertyOp15
 70
     1
102
RTVSPropertyOp16
 70
     1
102
RTVSPropertyOp17
 70
     1
102
RTVSPropertyOp18
 70
     1
102
RTVSPropertyOp19
 70
     1
102
RTVSPropertyOp20
 70
     1
102
RTVSPropertyOp21
 70
     1
102
RTVSPropertyOp22
 70
     1
102
RTVSPropertyOp23
 70
     1
102
RTVSPropertyOp24
 70
     1
102
RTVSPropertyOp25
 70
     1
102
RTVSPropertyOp26
 70
     1
102
RTVSPropertyOp27
 70
     1
102
RTVSPropertyOp28
 70
     1
102
RTVSPropertyOp29
 70
     1
102
RTVSPropertyOp30
 70
     1
102
RTVSPropertyOp31
 70
     1
102
RTVSPropertyOp32
 70
     1
102
RTVSPropertyOp33
 70
     1
102
RTVSPropertyOp34
 70
     1
102
RTVSPropertyOp35
 70
     1
102
RTVSPropertyOp36
 70
     1
102
RTVSPropertyOp37
 70
     1
102
RTVSPropertyOp38
 70
     1
102
RTVSPropertyOp39
 70
     1
102
RTVSPropertyOp40
 70
     1
102
RTVSPropertyOp41
 70
     1
102
RTVSPropertyOp42
 70
     1
102
RTVSPropertyOp43
 70
     1
102
RTVSPropertyOp44
 70
     1
102
RTVSPropertyOp45
 70
     1
102
RTVSPropertyOp46
 70
     1
102
RTVSPropertyOp47
 70
     1
102
RTVSPropertyOp48
 70
     1
102
RTVSPropertyOp49
 70
     1
102
RTVSPropertyOp50
 70
     1
102
RTVSPropertyOp51
 70
     0
102
RTVSPropertyOp52
 70
     0
102
RTVSPropertyOp53
 70
     1
102
RTVSPropertyOp54
 70
     1
102
RTVSPropertyOp55
 70
     1
102
RTVSPropertyOp56
 70
     1
102
RTVSPropertyOp57
 70
     1
102
RTVSPost2010Prop28
280
     0
102
RTVSPost2010PropOp28
 70
     1
102
RTVSPost2010Prop29
280
     1
102
RTVSPost2010PropOp29
 70
     1
102
RTVSPost2010Prop30
280
     1
102
RTVSPost2010PropOp30
 70
     1
102
RTVSPost2010Prop31
280
     0
102
RTVSPost2010PropOp31
 70
     1
102
RTVSPost2010Prop32
280
     0
102
RTVSPost2010PropOp32
 70
     1
102
RTVSPost2010Prop33
280
     0
102
RTVSPost2010PropOp33
 70
     1
102
RTVSPost2010Prop34
280
     0
102
RTVSPost2010PropOp34
 70
     1
102
RTVSPost2010Prop35
280
     0
102
RTVSPost2010PropOp35
 70
     1
102
RTVSPost2010Prop36
280
     0
102
RTVSPost2010PropOp36
 70
     1
102
RTVSPost2010Prop37
 90
       50
102
RTVSPost2010PropOp37
 70
     1
102
RTVSPost2010Prop38
140
0.0
102
RTVSPost2010PropOp38
 70
     1
102
RTVSPost2010Prop39
140
1.0
102
RTVSPost2010PropOp39
 70
     1
102
RTVSPost2010Prop40
 90
        0
102
RTVSPost2010PropOp40
 70
     1
102
RTVSPost2010Prop41ColorIndex
 90
       18
102
RTVSPost2010Prop41ColorRGB
 90
        0
102
RTVSPost2010PropOp41
 70
     1
102
RTVSPost2010Prop42
 90
       50
102
RTVSPost2010PropOp42
 70
     1
102
RTVSPost2010Prop43
 90
        3
102
RTVSPost2010PropOp43
 70
     1
102
RTVSPost2010Prop44ColorIndex
 90
        5
102
RTVSPost2010Prop44ColorRGB
 90
      255
102
RTVSPost2010PropOp44
 70
     1
102
RTVSPost2010Prop45
280
     0
102
RTVSPost2010PropOp45
 70
     1
102
RTVSPost2010Prop46
 90
       50
102
RTVSPost2010PropOp46
 70
     1
102
RTVSPost2010Prop47
 90
       50
102
RTVSPost2010PropOp47
 70
     1
102
RTVSPost2010Prop48
 90
       50
102
RTVSPost2010PropOp48
 70
     1
102
RTVSPost2010Prop49
280
     0
102
RTVSPost2010PropOp49
 70
     1
102
RTVSPost2010Prop50
 90
       50
102
RTVSPost2010PropOp50
 70
     1
102
RTVSPost2010Prop51ColorIndex
 90
      256
102
RTVSPost2010Prop51ColorRGB
 90
-16777216
102
RTVSPost2010PropOp51
 70
     0
102
RTVSPost2010Prop52
140
1.0
102
RTVSPost2010PropOp52
 70
     0
102
RTVSPost2010Prop53
 90
        2
102
RTVSPost2010PropOp53
 70
     1
102
RTVSPost2010Prop54
  1
strokes_ogs.tif
102
RTVSPost2010PropOp54
 70
     1
102
RTVSPost2010Prop55
280
     0
102
RTVSPost2010PropOp55
 70
     1
102
RTVSPost2010Prop56
140
1.0
102
RTVSPost2010PropOp56
 70
     1
102
RTVSPost2010Prop57
140
1.0
102
RTVSPost2010PropOp57
 70
     1
  0
XRECORD
  5
14C
102
{ACAD_REACTORS
330
14B
102
}
330
14B
100
AcDbXrecord
280
     1
102
RTVSPropertyOp0
 70
     0
102
RTVSPropertyOp1
 70
     0
102
RTVSPropertyOp2
 70
     0
102
RTVSPropertyOp3
 70
     0
102
RTVSPropertyOp4
 70
     0
102
RTVSPropertyOp5
 70
     0
102
RTVSPropertyOp6
 70
     0
102
RTVSPropertyOp7
 70
     0
102
RTVSPropertyOp8
 70
     0
102
RTVSPropertyOp9
 70
     0
102
RTVSPropertyOp10
 70
     0
102
RTVSPropertyOp11
 70
     0
102
RTVSPropertyOp12
 70
     0
102
RTVSPropertyOp13
 70
     0
102
RTVSPropertyOp14
 70
     2
102
RTVSPropertyOp15
 70
     0
102
RTVSPropertyOp16
 70
     0
102
RTVSPropertyOp17
 70
     0
102
RTVSPropertyOp18
 70
     0
102
RTVSPropertyOp19
 70
     0
102
RTVSPropertyOp20
 70
     0
102
RTVSPropertyOp21
 70
     0
102
RTVSPropertyOp22
 70
     0
102
RTVSPropertyOp23
 70
     0
102
RTVSPropertyOp24
 70
     0
102
RTVSPropertyOp25
 70
     0
102
RTVSPropertyOp26
 70
     0
102
RTVSPropertyOp27
 70
     0
102
RTVSPropertyOp28
 70
     0
102
RTVSPropertyOp29
 70
     0
102
RTVSPropertyOp30
 70
     0
102
RTVSPropertyOp31
 70
     0
102
RTVSPropertyOp32
 70
     0
102
RTVSPropertyOp33
 70
     0
102
RTVSPropertyOp34
 70
     0
102
RTVSPropertyOp35
 70
     0
102
RTVSPropertyOp36
 70
     0
102
RTVSPropertyOp37
 70
     0
102
RTVSPropertyOp38
 70
     0
102
RTVSPropertyOp39
 70
     0
102
RTVSPropertyOp40
 70
     0
102
RTVSPropertyOp41
 70
     0
102
RTVSPropertyOp42
 70
     0
102
RTVSPropertyOp43
 70
     0
102
RTVSPropertyOp44
 70
     0
102
RTVSPropertyOp45
 70
     0
102
RTVSPropertyOp46
 70
     0
102
RTVSPropertyOp47
 70
     0
102
RTVSPropertyOp48
 70
     0
102
RTVSPropertyOp49
 70
     0
102
RTVSPropertyOp50
 70
     0
102
RTVSPropertyOp51
 70
     0
102
RTVSPropertyOp52
 70
     0
102
RTVSPropertyOp53
 70
     0
102
RTVSPropertyOp54
 70
     0
102
RTVSPropertyOp55
 70
     0
102
RTVSPropertyOp56
 70
     0
102
RTVSPropertyOp57
 70
     0
102
RTVSPost2010Prop28
280
     0
102
RTVSPost2010PropOp28
 70
     0
102
RTVSPost2010Prop29
280
     1
102
RTVSPost2010PropOp29
 70
     0
102
RTVSPost2010Prop30
280
     1
102
RTVSPost2010PropOp30
 70
     0
102
RTVSPost2010Prop31
280
     0
102
RTVSPost2010PropOp31
 70
     0
102
RTVSPost2010Prop32
280
     0
102
RTVSPost2010PropOp32
 70
     0
102
RTVSPost2010Prop33
280
     0
102
RTVSPost2010PropOp33
 70
     0
102
RTVSPost2010Prop34
280
     0
102
RTVSPost2010PropOp34
 70
     0
102
RTVSPost2010Prop35
280
     0
102
RTVSPost2010PropOp35
 70
     0
102
RTVSPost2010Prop36
280
     0
102
RTVSPost2010PropOp36
 70
     0
102
RTVSPost2010Prop37
 90
       50
102
RTVSPost2010PropOp37
 70
     0
102
RTVSPost2010Prop38
140
0.0
102
RTVSPost2010PropOp38
 70
     0
102
RTVSPost2010Prop39
140
1.0
102
RTVSPost2010PropOp39
 70
     0
102
RTVSPost2010Prop40
 90
        0
102
RTVSPost2010PropOp40
 70
     0
102
RTVSPost2010Prop41ColorIndex
 90
       18
102
RTVSPost2010Prop41ColorRGB
 90
        0
102
RTVSPost2010PropOp41
 70
     0
102
RTVSPost2010Prop42
 90
       50
102
RTVSPost2010PropOp42
 70
     0
102
RTVSPost2010Prop43
 90
        3
102
RTVSPost2010PropOp43
 70
     0
102
RTVSPost2010Prop44ColorIndex
 90
        5
102
RTVSPost2010Prop44ColorRGB
 90
      255
102
RTVSPost2010PropOp44
 70
     0
102
RTVSPost2010Prop45
280
     0
102
RTVSPost2010PropOp45
 70
     0
102
RTVSPost2010Prop46
 90
       50
102
RTVSPost2010PropOp46
 70
     0
102
RTVSPost2010Prop47
 90
       50
102
RTVSPost2010PropOp47
 70
     0
102
RTVSPost2010Prop48
 90
       50
102
RTVSPost2010PropOp48
 70
     0
102
RTVSPost2010Prop49
280
     0
102
RTVSPost2010PropOp49
 70
     0
102
RTVSPost2010Prop50
 90
       50
102
RTVSPost2010PropOp50
 70
     0
102
RTVSPost2010Prop51ColorIndex
 90
      256
102
RTVSPost2010Prop51ColorRGB
 90
-16777216
102
RTVSPost2010PropOp51
 70
     0
102
RTVSPost2010Prop52
140
1.0
102
RTVSPost2010PropOp52
 70
     0
102
RTVSPost2010Prop53
 90
        2
102
RTVSPost2010PropOp53
 70
     0
102
RTVSPost2010Prop54
  1
strokes_ogs.tif
102
RTVSPost2010PropOp54
 70
     0
102
RTVSPost2010Prop55
280
     0
102
RTVSPost2010PropOp55
 70
     0
102
RTVSPost2010Prop56
140
1.0
102
RTVSPost2010PropOp56
 70
     0
102
RTVSPost2010Prop57
140
1.0
102
RTVSPost2010PropOp57
 70
     0
  0
XRECORD
  5
146
102
{ACAD_REACTORS
330
145
102
}
330
145
100
AcDbXrecord
280
     1
102
RTVSPropertyOp0
 70
     1
102
RTVSPropertyOp1
 70
     1
102
RTVSPropertyOp2
 70
     1
102
RTVSPropertyOp3
 70
     1
102
RTVSPropertyOp4
 70
     1
102
RTVSPropertyOp5
 70
     1
102
RTVSPropertyOp6
 70
     1
102
RTVSPropertyOp7
 70
     1
102
RTVSPropertyOp8
 70
     1
102
RTVSPropertyOp9
 70
     1
102
RTVSPropertyOp10
 70
     1
102
RTVSPropertyOp11
 70
     1
102
RTVSPropertyOp12
 70
     1
102
RTVSPropertyOp13
 70
     1
102
RTVSPropertyOp14
 70
     1
102
RTVSPropertyOp15
 70
     1
102
RTVSPropertyOp16
 70
     1
102
RTVSPropertyOp17
 70
     1
102
RTVSPropertyOp18
 70
     1
102
RTVSPropertyOp19
 70
     1
102
RTVSPropertyOp20
 70
     1
102
RTVSPropertyOp21
 70
     1
102
RTVSPropertyOp22
 70
     1
102
RTVSPropertyOp23
 70
     1
102
RTVSPropertyOp24
 70
     1
102
RTVSPropertyOp25
 70
     1
102
RTVSPropertyOp26
 70
     1
102
RTVSPropertyOp27
 70
     1
102
RTVSPropertyOp28
 70
     1
102
RTVSPropertyOp29
 70
     1
102
RTVSPropertyOp30
 70
     1
102
RTVSPropertyOp31
 70
     1
102
RTVSPropertyOp32
 70
     1
102
RTVSPropertyOp33
 70
     1
102
RTVSPropertyOp34
 70
     1
102
RTVSPropertyOp35
 70
     1
102
RTVSPropertyOp36
 70
     1
102
RTVSPropertyOp37
 70
     1
102
RTVSPropertyOp38
 70
     1
102
RTVSPropertyOp39
 70
     1
102
RTVSPropertyOp40
 70
     1
102
RTVSPropertyOp41
 70
     1
102
RTVSPropertyOp42
 70
     1
102
RTVSPropertyOp43
 70
     1
102
RTVSPropertyOp44
 70
     1
102
RTVSPropertyOp45
 70
     1
102
RTVSPropertyOp46
 70
     1
102
RTVSPropertyOp47
 70
     1
102
RTVSPropertyOp48
 70
     1
102
RTVSPropertyOp49
 70
     1
102
RTVSPropertyOp50
 70
     1
102
RTVSPropertyOp51
 70
     0
102
RTVSPropertyOp52
 70
     0
102
RTVSPropertyOp53
 70
     1
102
RTVSPropertyOp54
 70
     1
102
RTVSPropertyOp55
 70
     1
102
RTVSPropertyOp56
 70
     1
102
RTVSPropertyOp57
 70
     1
102
RTVSPost2010Prop28
280
     0
102
RTVSPost2010PropOp28
 70
     1
102
RTVSPost2010Prop29
280
     1
102
RTVSPost2010PropOp29
 70
     1
102
RTVSPost2010Prop30
280
     1
102
RTVSPost2010PropOp30
 70
     1
102
RTVSPost2010Prop31
280
     0
102
RTVSPost2010PropOp31
 70
     1
102
RTVSPost2010Prop32
280
     0
102
RTVSPost2010PropOp32
 70
     1
102
RTVSPost2010Prop33
280
     0
102
RTVSPost2010PropOp33
 70
     1
102
RTVSPost2010Prop34
280
     0
102
RTVSPost2010PropOp34
 70
     1
102
RTVSPost2010Prop35
280
     0
102
RTVSPost2010PropOp35
 70
     1
102
RTVSPost2010Prop36
280
     0
102
RTVSPost2010PropOp36
 70
     1
102
RTVSPost2010Prop37
 90
       50
102
RTVSPost2010PropOp37
 70
     1
102
RTVSPost2010Prop38
140
0.0
102
RTVSPost2010PropOp38
 70
     1
102
RTVSPost2010Prop39
140
1.0
102
RTVSPost2010PropOp39
 70
     1
102
RTVSPost2010Prop40
 90
        0
102
RTVSPost2010PropOp40
 70
     1
102
RTVSPost2010Prop41ColorIndex
 90
       18
102
RTVSPost2010Prop41ColorRGB
 90
        0
102
RTVSPost2010PropOp41
 70
     1
102
RTVSPost2010Prop42
 90
       50
102
RTVSPost2010PropOp42
 70
     1
102
RTVSPost2010Prop43
 90
        3
102
RTVSPost2010PropOp43
 70
     1
102
RTVSPost2010Prop44ColorIndex
 90
        5
102
RTVSPost2010Prop44ColorRGB
 90
      255
102
RTVSPost2010PropOp44
 70
     1
102
RTVSPost2010Prop45
280
     0
102
RTVSPost2010PropOp45
 70
     1
102
RTVSPost2010Prop46
 90
       50
102
RTVSPost2010PropOp46
 70
     1
102
RTVSPost2010Prop47
 90
       50
102
RTVSPost2010PropOp47
 70
     1
102
RTVSPost2010Prop48
 90
       50
102
RTVSPost2010PropOp48
 70
     1
102
RTVSPost2010Prop49
280
     0
102
RTVSPost2010PropOp49
 70
     1
102
RTVSPost2010Prop50
 90
       50
102
RTVSPost2010PropOp50
 70
     1
102
RTVSPost2010Prop51ColorIndex
 90
      256
102
RTVSPost2010Prop51ColorRGB
 90
-16777216
102
RTVSPost2010PropOp51
 70
     0
102
RTVSPost2010Prop52
140
1.0
102
RTVSPost2010PropOp52
 70
     0
102
RTVSPost2010Prop53
 90
        2
102
RTVSPost2010PropOp53
 70
     1
102
RTVSPost2010Prop54
  1
strokes_ogs.tif
102
RTVSPost2010PropOp54
 70
     1
102
RTVSPost2010Prop55
280
     0
102
RTVSPost2010PropOp55
 70
     1
102
RTVSPost2010Prop56
140
1.0
102
RTVSPost2010PropOp56
 70
     1
102
RTVSPost2010Prop57
140
1.0
102
RTVSPost2010PropOp57
 70
     1
  0
XRECORD
  5
14E
102
{ACAD_REACTORS
330
14D
102
}
330
14D
100
AcDbXrecord
280
     1
102
RTVSPropertyOp0
 70
     0
102
RTVSPropertyOp1
 70
     0
102
RTVSPropertyOp2
 70
     0
102
RTVSPropertyOp3
 70
     0
102
RTVSPropertyOp4
 70
     0
102
RTVSPropertyOp5
 70
     0
102
RTVSPropertyOp6
 70
     0
102
RTVSPropertyOp7
 70
     0
102
RTVSPropertyOp8
 70
     0
102
RTVSPropertyOp9
 70
     0
102
RTVSPropertyOp10
 70
     0
102
RTVSPropertyOp11
 70
     0
102
RTVSPropertyOp12
 70
     0
102
RTVSPropertyOp13
 70
     0
102
RTVSPropertyOp14
 70
     2
102
RTVSPropertyOp15
 70
     0
102
RTVSPropertyOp16
 70
     0
102
RTVSPropertyOp17
 70
     0
102
RTVSPropertyOp18
 70
     0
102
RTVSPropertyOp19
 70
     0
102
RTVSPropertyOp20
 70
     0
102
RTVSPropertyOp21
 70
     0
102
RTVSPropertyOp22
 70
     0
102
RTVSPropertyOp23
 70
     0
102
RTVSPropertyOp24
 70
     0
102
RTVSPropertyOp25
 70
     0
102
RTVSPropertyOp26
 70
     0
102
RTVSPropertyOp27
 70
     0
102
RTVSPropertyOp28
 70
     0
102
RTVSPropertyOp29
 70
     0
102
RTVSPropertyOp30
 70
     0
102
RTVSPropertyOp31
 70
     0
102
RTVSPropertyOp32
 70
     0
102
RTVSPropertyOp33
 70
     0
102
RTVSPropertyOp34
 70
     0
102
RTVSPropertyOp35
 70
     0
102
RTVSPropertyOp36
 70
     0
102
RTVSPropertyOp37
 70
     0
102
RTVSPropertyOp38
 70
     0
102
RTVSPropertyOp39
 70
     0
102
RTVSPropertyOp40
 70
     0
102
RTVSPropertyOp41
 70
     0
102
RTVSPropertyOp42
 70
     0
102
RTVSPropertyOp43
 70
     0
102
RTVSPropertyOp44
 70
     0
102
RTVSPropertyOp45
 70
     0
102
RTVSPropertyOp46
 70
     0
102
RTVSPropertyOp47
 70
     0
102
RTVSPropertyOp48
 70
     0
102
RTVSPropertyOp49
 70
     0
102
RTVSPropertyOp50
 70
     0
102
RTVSPropertyOp51
 70
     0
102
RTVSPropertyOp52
 70
     0
102
RTVSPropertyOp53
 70
     0
102
RTVSPropertyOp54
 70
     0
102
RTVSPropertyOp55
 70
     0
102
RTVSPropertyOp56
 70
     0
102
RTVSPropertyOp57
 70
     0
102
RTVSPost2010Prop28
280
     0
102
RTVSPost2010PropOp28
 70
     0
102
RTVSPost2010Prop29
280
     1
102
RTVSPost2010PropOp29
 70
     0
102
RTVSPost2010Prop30
280
     1
102
RTVSPost2010PropOp30
 70
     0
102
RTVSPost2010Prop31
280
     0
102
RTVSPost2010PropOp31
 70
     0
102
RTVSPost2010Prop32
280
     0
102
RTVSPost2010PropOp32
 70
     0
102
RTVSPost2010Prop33
280
     0
102
RTVSPost2010PropOp33
 70
     0
102
RTVSPost2010Prop34
280
     0
102
RTVSPost2010PropOp34
 70
     0
102
RTVSPost2010Prop35
280
     0
102
RTVSPost2010PropOp35
 70
     0
102
RTVSPost2010Prop36
280
     0
102
RTVSPost2010PropOp36
 70
     0
102
RTVSPost2010Prop37
 90
       50
102
RTVSPost2010PropOp37
 70
     0
102
RTVSPost2010Prop38
140
0.0
102
RTVSPost2010PropOp38
 70
     0
102
RTVSPost2010Prop39
140
1.0
102
RTVSPost2010PropOp39
 70
     0
102
RTVSPost2010Prop40
 90
        0
102
RTVSPost2010PropOp40
 70
     0
102
RTVSPost2010Prop41ColorIndex
 90
       18
102
RTVSPost2010Prop41ColorRGB
 90
        0
102
RTVSPost2010PropOp41
 70
     0
102
RTVSPost2010Prop42
 90
       50
102
RTVSPost2010PropOp42
 70
     0
102
RTVSPost2010Prop43
 90
        3
102
RTVSPost2010PropOp43
 70
     0
102
RTVSPost2010Prop44ColorIndex
 90
        5
102
RTVSPost2010Prop44ColorRGB
 90
      255
102
RTVSPost2010PropOp44
 70
     0
102
RTVSPost2010Prop45
280
     0
102
RTVSPost2010PropOp45
 70
     0
102
RTVSPost2010Prop46
 90
       50
102
RTVSPost2010PropOp46
 70
     0
102
RTVSPost2010Prop47
 90
       50
102
RTVSPost2010PropOp47
 70
     0
102
RTVSPost2010Prop48
 90
       50
102
RTVSPost2010PropOp48
 70
     0
102
RTVSPost2010Prop49
280
     0
102
RTVSPost2010PropOp49
 70
     0
102
RTVSPost2010Prop50
 90
       50
102
RTVSPost2010PropOp50
 70
     0
102
RTVSPost2010Prop51ColorIndex
 90
      256
102
RTVSPost2010Prop51ColorRGB
 90
-16777216
102
RTVSPost2010PropOp51
 70
     0
102
RTVSPost2010Prop52
140
1.0
102
RTVSPost2010PropOp52
 70
     0
102
RTVSPost2010Prop53
 90
        2
102
RTVSPost2010PropOp53
 70
     0
102
RTVSPost2010Prop54
  1
strokes_ogs.tif
102
RTVSPost2010PropOp54
 70
     0
102
RTVSPost2010Prop55
280
     0
102
RTVSPost2010PropOp55
 70
     0
102
RTVSPost2010Prop56
140
1.0
102
RTVSPost2010PropOp56
 70
     0
102
RTVSPost2010Prop57
140
1.0
102
RTVSPost2010PropOp57
 70
     0
  0
XRECORD
  5
13C
102
{ACAD_REACTORS
330
13B
102
}
330
13B
100
AcDbXrecord
280
     1
102
RTVSPropertyOp0
 70
     1
102
RTVSPropertyOp1
 70
     1
102
RTVSPropertyOp2
 70
     1
102
RTVSPropertyOp3
 70
     1
102
RTVSPropertyOp4
 70
     1
102
RTVSPropertyOp5
 70
     1
102
RTVSPropertyOp6
 70
     1
102
RTVSPropertyOp7
 70
     1
102
RTVSPropertyOp8
 70
     1
102
RTVSPropertyOp9
 70
     1
102
RTVSPropertyOp10
 70
     1
102
RTVSPropertyOp11
 70
     1
102
RTVSPropertyOp12
 70
     1
102
RTVSPropertyOp13
 70
     1
102
RTVSPropertyOp14
 70
     1
102
RTVSPropertyOp15
 70
     1
102
RTVSPropertyOp16
 70
     1
102
RTVSPropertyOp17
 70
     1
102
RTVSPropertyOp18
 70
     1
102
RTVSPropertyOp19
 70
     1
102
RTVSPropertyOp20
 70
     1
102
RTVSPropertyOp21
 70
     1
102
RTVSPropertyOp22
 70
     1
102
RTVSPropertyOp23
 70
     1
102
RTVSPropertyOp24
 70
     1
102
RTVSPropertyOp25
 70
     1
102
RTVSPropertyOp26
 70
     1
102
RTVSPropertyOp27
 70
     1
102
RTVSPropertyOp28
 70
     1
102
RTVSPropertyOp29
 70
     1
102
RTVSPropertyOp30
 70
     1
102
RTVSPropertyOp31
 70
     1
102
RTVSPropertyOp32
 70
     1
102
RTVSPropertyOp33
 70
     1
102
RTVSPropertyOp34
 70
     1
102
RTVSPropertyOp35
 70
     1
102
RTVSPropertyOp36
 70
     1
102
RTVSPropertyOp37
 70
     1
102
RTVSPropertyOp38
 70
     1
102
RTVSPropertyOp39
 70
     1
102
RTVSPropertyOp40
 70
     1
102
RTVSPropertyOp41
 70
     1
102
RTVSPropertyOp42
 70
     1
102
RTVSPropertyOp43
 70
     1
102
RTVSPropertyOp44
 70
     1
102
RTVSPropertyOp45
 70
     1
102
RTVSPropertyOp46
 70
     1
102
RTVSPropertyOp47
 70
     1
102
RTVSPropertyOp48
 70
     1
102
RTVSPropertyOp49
 70
     1
102
RTVSPropertyOp50
 70
     1
102
RTVSPropertyOp51
 70
     0
102
RTVSPropertyOp52
 70
     0
102
RTVSPropertyOp53
 70
     1
102
RTVSPropertyOp54
 70
     1
102
RTVSPropertyOp55
 70
     1
102
RTVSPropertyOp56
 70
     1
102
RTVSPropertyOp57
 70
     1
102
RTVSPost2010Prop28
280
     0
102
RTVSPost2010PropOp28
 70
     1
102
RTVSPost2010Prop29
280
     1
102
RTVSPost2010PropOp29
 70
     1
102
RTVSPost2010Prop30
280
     1
102
RTVSPost2010PropOp30
 70
     1
102
RTVSPost2010Prop31
280
     0
102
RTVSPost2010PropOp31
 70
     1
102
RTVSPost2010Prop32
280
     0
102
RTVSPost2010PropOp32
 70
     1
102
RTVSPost2010Prop33
280
     0
102
RTVSPost2010PropOp33
 70
     1
102
RTVSPost2010Prop34
280
     0
102
RTVSPost2010PropOp34
 70
     1
102
RTVSPost2010Prop35
280
     0
102
RTVSPost2010PropOp35
 70
     1
102
RTVSPost2010Prop36
280
     0
102
RTVSPost2010PropOp36
 70
     1
102
RTVSPost2010Prop37
 90
       50
102
RTVSPost2010PropOp37
 70
     1
102
RTVSPost2010Prop38
140
0.0
102
RTVSPost2010PropOp38
 70
     1
102
RTVSPost2010Prop39
140
1.0
102
RTVSPost2010PropOp39
 70
     1
102
RTVSPost2010Prop40
 90
        0
102
RTVSPost2010PropOp40
 70
     1
102
RTVSPost2010Prop41ColorIndex
 90
       18
102
RTVSPost2010Prop41ColorRGB
 90
        0
102
RTVSPost2010PropOp41
 70
     1
102
RTVSPost2010Prop42
 90
       50
102
RTVSPost2010PropOp42
 70
     1
102
RTVSPost2010Prop43
 90
        3
102
RTVSPost2010PropOp43
 70
     1
102
RTVSPost2010Prop44ColorIndex
 90
        5
102
RTVSPost2010Prop44ColorRGB
 90
      255
102
RTVSPost2010PropOp44
 70
     1
102
RTVSPost2010Prop45
280
     0
102
RTVSPost2010PropOp45
 70
     1
102
RTVSPost2010Prop46
 90
       50
102
RTVSPost2010PropOp46
 70
     1
102
RTVSPost2010Prop47
 90
       50
102
RTVSPost2010PropOp47
 70
     1
102
RTVSPost2010Prop48
 90
       50
102
RTVSPost2010PropOp48
 70
     1
102
RTVSPost2010Prop49
280
     0
102
RTVSPost2010PropOp49
 70
     1
102
RTVSPost2010Prop50
 90
       50
102
RTVSPost2010PropOp50
 70
     1
102
RTVSPost2010Prop51ColorIndex
 90
      256
102
RTVSPost2010Prop51ColorRGB
 90
-16777216
102
RTVSPost2010PropOp51
 70
     0
102
RTVSPost2010Prop52
140
1.0
102
RTVSPost2010PropOp52
 70
     0
102
RTVSPost2010Prop53
 90
        2
102
RTVSPost2010PropOp53
 70
     1
102
RTVSPost2010Prop54
  1
strokes_ogs.tif
102
RTVSPost2010PropOp54
 70
     1
102
RTVSPost2010Prop55
280
     0
102
RTVSPost2010PropOp55
 70
     1
102
RTVSPost2010Prop56
140
1.0
102
RTVSPost2010PropOp56
 70
     1
102
RTVSPost2010Prop57
140
1.0
102
RTVSPost2010PropOp57
 70
     1
  0
XRECORD
  5
15A
102
{ACAD_REACTORS
330
159
102
}
330
159
100
AcDbXrecord
280
     1
102
RTVSPropertyOp0
 70
     1
102
RTVSPropertyOp1
 70
     1
102
RTVSPropertyOp2
 70
     1
102
RTVSPropertyOp3
 70
     1
102
RTVSPropertyOp4
 70
     1
102
RTVSPropertyOp5
 70
     1
102
RTVSPropertyOp6
 70
     1
102
RTVSPropertyOp7
 70
     1
102
RTVSPropertyOp8
 70
     1
102
RTVSPropertyOp9
 70
     1
102
RTVSPropertyOp10
 70
     1
102
RTVSPropertyOp11
 70
     1
102
RTVSPropertyOp12
 70
     1
102
RTVSPropertyOp13
 70
     1
102
RTVSPropertyOp14
 70
     1
102
RTVSPropertyOp15
 70
     1
102
RTVSPropertyOp16
 70
     1
102
RTVSPropertyOp17
 70
     1
102
RTVSPropertyOp18
 70
     1
102
RTVSPropertyOp19
 70
     1
102
RTVSPropertyOp20
 70
     1
102
RTVSPropertyOp21
 70
     1
102
RTVSPropertyOp22
 70
     1
102
RTVSPropertyOp23
 70
     1
102
RTVSPropertyOp24
 70
     1
102
RTVSPropertyOp25
 70
     1
102
RTVSPropertyOp26
 70
     1
102
RTVSPropertyOp27
 70
     1
102
RTVSPropertyOp28
 70
     1
102
RTVSPropertyOp29
 70
     1
102
RTVSPropertyOp30
 70
     1
102
RTVSPropertyOp31
 70
     1
102
RTVSPropertyOp32
 70
     1
102
RTVSPropertyOp33
 70
     1
102
RTVSPropertyOp34
 70
     1
102
RTVSPropertyOp35
 70
     1
102
RTVSPropertyOp36
 70
     1
102
RTVSPropertyOp37
 70
     1
102
RTVSPropertyOp38
 70
     1
102
RTVSPropertyOp39
 70
     1
102
RTVSPropertyOp40
 70
     1
102
RTVSPropertyOp41
 70
     1
102
RTVSPropertyOp42
 70
     1
102
RTVSPropertyOp43
 70
     1
102
RTVSPropertyOp44
 70
     1
102
RTVSPropertyOp45
 70
     1
102
RTVSPropertyOp46
 70
     1
102
RTVSPropertyOp47
 70
     1
102
RTVSPropertyOp48
 70
     1
102
RTVSPropertyOp49
 70
     1
102
RTVSPropertyOp50
 70
     1
102
RTVSPropertyOp51
 70
     0
102
RTVSPropertyOp52
 70
     0
102
RTVSPropertyOp53
 70
     1
102
RTVSPropertyOp54
 70
     1
102
RTVSPropertyOp55
 70
     1
102
RTVSPropertyOp56
 70
     1
102
RTVSPropertyOp57
 70
     1
102
RTVSPost2010Prop28
280
     0
102
RTVSPost2010PropOp28
 70
     1
102
RTVSPost2010Prop29
280
     1
102
RTVSPost2010PropOp29
 70
     1
102
RTVSPost2010Prop30
280
     1
102
RTVSPost2010PropOp30
 70
     1
102
RTVSPost2010Prop31
280
     0
102
RTVSPost2010PropOp31
 70
     1
102
RTVSPost2010Prop32
280
     0
102
RTVSPost2010PropOp32
 70
     1
102
RTVSPost2010Prop33
280
     0
102
RTVSPost2010PropOp33
 70
     1
102
RTVSPost2010Prop34
280
     0
102
RTVSPost2010PropOp34
 70
     1
102
RTVSPost2010Prop35
280
     0
102
RTVSPost2010PropOp35
 70
     1
102
RTVSPost2010Prop36
280
     0
102
RTVSPost2010PropOp36
 70
     1
102
RTVSPost2010Prop37
 90
       50
102
RTVSPost2010PropOp37
 70
     1
102
RTVSPost2010Prop38
140
0.0
102
RTVSPost2010PropOp38
 70
     1
102
RTVSPost2010Prop39
140
1.0
102
RTVSPost2010PropOp39
 70
     1
102
RTVSPost2010Prop40
 90
        0
102
RTVSPost2010PropOp40
 70
     1
102
RTVSPost2010Prop41ColorIndex
 90
       18
102
RTVSPost2010Prop41ColorRGB
 90
        0
102
RTVSPost2010PropOp41
 70
     1
102
RTVSPost2010Prop42
 90
       50
102
RTVSPost2010PropOp42
 70
     1
102
RTVSPost2010Prop43
 90
        3
102
RTVSPost2010PropOp43
 70
     1
102
RTVSPost2010Prop44ColorIndex
 90
        5
102
RTVSPost2010Prop44ColorRGB
 90
      255
102
RTVSPost2010PropOp44
 70
     1
102
RTVSPost2010Prop45
280
     0
102
RTVSPost2010PropOp45
 70
     1
102
RTVSPost2010Prop46
 90
       50
102
RTVSPost2010PropOp46
 70
     1
102
RTVSPost2010Prop47
 90
       50
102
RTVSPost2010PropOp47
 70
     1
102
RTVSPost2010Prop48
 90
       50
102
RTVSPost2010PropOp48
 70
     1
102
RTVSPost2010Prop49
280
     0
102
RTVSPost2010PropOp49
 70
     1
102
RTVSPost2010Prop50
 90
       50
102
RTVSPost2010PropOp50
 70
     1
102
RTVSPost2010Prop51ColorIndex
 90
      256
102
RTVSPost2010Prop51ColorRGB
 90
-16777216
102
RTVSPost2010PropOp51
 70
     0
102
RTVSPost2010Prop52
140
1.0
102
RTVSPost2010PropOp52
 70
     0
102
RTVSPost2010Prop53
 90
        2
102
RTVSPost2010PropOp53
 70
     1
102
RTVSPost2010Prop54
  1
strokes_ogs.tif
102
RTVSPost2010PropOp54
 70
     1
102
RTVSPost2010Prop55
280
     0
102
RTVSPost2010PropOp55
 70
     1
102
RTVSPost2010Prop56
140
1.0
102
RTVSPost2010PropOp56
 70
     1
102
RTVSPost2010Prop57
140
1.0
102
RTVSPost2010PropOp57
 70
     1
  0
XRECORD
  5
158
102
{ACAD_REACTORS
330
157
102
}
330
157
100
AcDbXrecord
280
     1
102
RTVSPropertyOp0
 70
     1
102
RTVSPropertyOp1
 70
     1
102
RTVSPropertyOp2
 70
     1
102
RTVSPropertyOp3
 70
     1
102
RTVSPropertyOp4
 70
     1
102
RTVSPropertyOp5
 70
     1
102
RTVSPropertyOp6
 70
     1
102
RTVSPropertyOp7
 70
     1
102
RTVSPropertyOp8
 70
     1
102
RTVSPropertyOp9
 70
     1
102
RTVSPropertyOp10
 70
     1
102
RTVSPropertyOp11
 70
     1
102
RTVSPropertyOp12
 70
     1
102
RTVSPropertyOp13
 70
     1
102
RTVSPropertyOp14
 70
     1
102
RTVSPropertyOp15
 70
     1
102
RTVSPropertyOp16
 70
     1
102
RTVSPropertyOp17
 70
     1
102
RTVSPropertyOp18
 70
     1
102
RTVSPropertyOp19
 70
     1
102
RTVSPropertyOp20
 70
     1
102
RTVSPropertyOp21
 70
     1
102
RTVSPropertyOp22
 70
     1
102
RTVSPropertyOp23
 70
     1
102
RTVSPropertyOp24
 70
     1
102
RTVSPropertyOp25
 70
     1
102
RTVSPropertyOp26
 70
     1
102
RTVSPropertyOp27
 70
     1
102
RTVSPropertyOp28
 70
     1
102
RTVSPropertyOp29
 70
     1
102
RTVSPropertyOp30
 70
     1
102
RTVSPropertyOp31
 70
     1
102
RTVSPropertyOp32
 70
     1
102
RTVSPropertyOp33
 70
     1
102
RTVSPropertyOp34
 70
     1
102
RTVSPropertyOp35
 70
     1
102
RTVSPropertyOp36
 70
     1
102
RTVSPropertyOp37
 70
     1
102
RTVSPropertyOp38
 70
     1
102
RTVSPropertyOp39
 70
     1
102
RTVSPropertyOp40
 70
     1
102
RTVSPropertyOp41
 70
     1
102
RTVSPropertyOp42
 70
     1
102
RTVSPropertyOp43
 70
     1
102
RTVSPropertyOp44
 70
     1
102
RTVSPropertyOp45
 70
     1
102
RTVSPropertyOp46
 70
     1
102
RTVSPropertyOp47
 70
     1
102
RTVSPropertyOp48
 70
     1
102
RTVSPropertyOp49
 70
     1
102
RTVSPropertyOp50
 70
     1
102
RTVSPropertyOp51
 70
     0
102
RTVSPropertyOp52
 70
     0
102
RTVSPropertyOp53
 70
     1
102
RTVSPropertyOp54
 70
     1
102
RTVSPropertyOp55
 70
     1
102
RTVSPropertyOp56
 70
     1
102
RTVSPropertyOp57
 70
     1
102
RTVSPost2010Prop28
280
     0
102
RTVSPost2010PropOp28
 70
     1
102
RTVSPost2010Prop29
280
     1
102
RTVSPost2010PropOp29
 70
     1
102
RTVSPost2010Prop30
280
     1
102
RTVSPost2010PropOp30
 70
     1
102
RTVSPost2010Prop31
280
     0
102
RTVSPost2010PropOp31
 70
     1
102
RTVSPost2010Prop32
280
     0
102
RTVSPost2010PropOp32
 70
     1
102
RTVSPost2010Prop33
280
     0
102
RTVSPost2010PropOp33
 70
     1
102
RTVSPost2010Prop34
280
     0
102
RTVSPost2010PropOp34
 70
     1
102
RTVSPost2010Prop35
280
     0
102
RTVSPost2010PropOp35
 70
     1
102
RTVSPost2010Prop36
280
     0
102
RTVSPost2010PropOp36
 70
     1
102
RTVSPost2010Prop37
 90
       50
102
RTVSPost2010PropOp37
 70
     1
102
RTVSPost2010Prop38
140
0.0
102
RTVSPost2010PropOp38
 70
     1
102
RTVSPost2010Prop39
140
1.0
102
RTVSPost2010PropOp39
 70
     1
102
RTVSPost2010Prop40
 90
        0
102
RTVSPost2010PropOp40
 70
     1
102
RTVSPost2010Prop41ColorIndex
 90
       18
102
RTVSPost2010Prop41ColorRGB
 90
        0
102
RTVSPost2010PropOp41
 70
     1
102
RTVSPost2010Prop42
 90
       50
102
RTVSPost2010PropOp42
 70
     1
102
RTVSPost2010Prop43
 90
        3
102
RTVSPost2010PropOp43
 70
     1
102
RTVSPost2010Prop44ColorIndex
 90
        5
102
RTVSPost2010Prop44ColorRGB
 90
      255
102
RTVSPost2010PropOp44
 70
     1
102
RTVSPost2010Prop45
280
     0
102
RTVSPost2010PropOp45
 70
     1
102
RTVSPost2010Prop46
 90
       50
102
RTVSPost2010PropOp46
 70
     1
102
RTVSPost2010Prop47
 90
       50
102
RTVSPost2010PropOp47
 70
     1
102
RTVSPost2010Prop48
 90
       50
102
RTVSPost2010PropOp48
 70
     1
102
RTVSPost2010Prop49
280
     0
102
RTVSPost2010PropOp49
 70
     1
102
RTVSPost2010Prop50
 90
       50
102
RTVSPost2010PropOp50
 70
     1
102
RTVSPost2010Prop51ColorIndex
 90
      256
102
RTVSPost2010Prop51ColorRGB
 90
-16777216
102
RTVSPost2010PropOp51
 70
     0
102
RTVSPost2010Prop52
140
1.0
102
RTVSPost2010PropOp52
 70
     0
102
RTVSPost2010Prop53
 90
        2
102
RTVSPost2010PropOp53
 70
     1
102
RTVSPost2010Prop54
  1
strokes_ogs.tif
102
RTVSPost2010PropOp54
 70
     1
102
RTVSPost2010Prop55
280
     0
102
RTVSPost2010PropOp55
 70
     1
102
RTVSPost2010Prop56
140
1.0
102
RTVSPost2010PropOp56
 70
     1
102
RTVSPost2010Prop57
140
1.0
102
RTVSPost2010PropOp57
 70
     1
  0
XRECORD
  5
152
102
{ACAD_REACTORS
330
151
102
}
330
151
100
AcDbXrecord
280
     1
102
RTVSPropertyOp0
 70
     1
102
RTVSPropertyOp1
 70
     1
102
RTVSPropertyOp2
 70
     1
102
RTVSPropertyOp3
 70
     1
102
RTVSPropertyOp4
 70
     1
102
RTVSPropertyOp5
 70
     1
102
RTVSPropertyOp6
 70
     1
102
RTVSPropertyOp7
 70
     1
102
RTVSPropertyOp8
 70
     1
102
RTVSPropertyOp9
 70
     1
102
RTVSPropertyOp10
 70
     1
102
RTVSPropertyOp11
 70
     1
102
RTVSPropertyOp12
 70
     1
102
RTVSPropertyOp13
 70
     1
102
RTVSPropertyOp14
 70
     1
102
RTVSPropertyOp15
 70
     1
102
RTVSPropertyOp16
 70
     1
102
RTVSPropertyOp17
 70
     1
102
RTVSPropertyOp18
 70
     1
102
RTVSPropertyOp19
 70
     1
102
RTVSPropertyOp20
 70
     1
102
RTVSPropertyOp21
 70
     1
102
RTVSPropertyOp22
 70
     1
102
RTVSPropertyOp23
 70
     1
102
RTVSPropertyOp24
 70
     1
102
RTVSPropertyOp25
 70
     1
102
RTVSPropertyOp26
 70
     1
102
RTVSPropertyOp27
 70
     1
102
RTVSPropertyOp28
 70
     1
102
RTVSPropertyOp29
 70
     1
102
RTVSPropertyOp30
 70
     1
102
RTVSPropertyOp31
 70
     1
102
RTVSPropertyOp32
 70
     1
102
RTVSPropertyOp33
 70
     1
102
RTVSPropertyOp34
 70
     1
102
RTVSPropertyOp35
 70
     1
102
RTVSPropertyOp36
 70
     1
102
RTVSPropertyOp37
 70
     1
102
RTVSPropertyOp38
 70
     1
102
RTVSPropertyOp39
 70
     1
102
RTVSPropertyOp40
 70
     1
102
RTVSPropertyOp41
 70
     1
102
RTVSPropertyOp42
 70
     1
102
RTVSPropertyOp43
 70
     1
102
RTVSPropertyOp44
 70
     1
102
RTVSPropertyOp45
 70
     1
102
RTVSPropertyOp46
 70
     1
102
RTVSPropertyOp47
 70
     1
102
RTVSPropertyOp48
 70
     1
102
RTVSPropertyOp49
 70
     1
102
RTVSPropertyOp50
 70
     1
102
RTVSPropertyOp51
 70
     0
102
RTVSPropertyOp52
 70
     0
102
RTVSPropertyOp53
 70
     1
102
RTVSPropertyOp54
 70
     1
102
RTVSPropertyOp55
 70
     1
102
RTVSPropertyOp56
 70
     1
102
RTVSPropertyOp57
 70
     1
102
RTVSPost2010Prop28
280
     0
102
RTVSPost2010PropOp28
 70
     1
102
RTVSPost2010Prop29
280
     1
102
RTVSPost2010PropOp29
 70
     1
102
RTVSPost2010Prop30
280
     1
102
RTVSPost2010PropOp30
 70
     1
102
RTVSPost2010Prop31
280
     0
102
RTVSPost2010PropOp31
 70
     1
102
RTVSPost2010Prop32
280
     0
102
RTVSPost2010PropOp32
 70
     1
102
RTVSPost2010Prop33
280
     0
102
RTVSPost2010PropOp33
 70
     1
102
RTVSPost2010Prop34
280
     0
102
RTVSPost2010PropOp34
 70
     1
102
RTVSPost2010Prop35
280
     0
102
RTVSPost2010PropOp35
 70
     1
102
RTVSPost2010Prop36
280
     0
102
RTVSPost2010PropOp36
 70
     1
102
RTVSPost2010Prop37
 90
       50
102
RTVSPost2010PropOp37
 70
     1
102
RTVSPost2010Prop38
140
0.0
102
RTVSPost2010PropOp38
 70
     1
102
RTVSPost2010Prop39
140
1.0
102
RTVSPost2010PropOp39
 70
     1
102
RTVSPost2010Prop40
 90
        0
102
RTVSPost2010PropOp40
 70
     1
102
RTVSPost2010Prop41ColorIndex
 90
       18
102
RTVSPost2010Prop41ColorRGB
 90
        0
102
RTVSPost2010PropOp41
 70
     1
102
RTVSPost2010Prop42
 90
       50
102
RTVSPost2010PropOp42
 70
     1
102
RTVSPost2010Prop43
 90
        3
102
RTVSPost2010PropOp43
 70
     1
102
RTVSPost2010Prop44ColorIndex
 90
        5
102
RTVSPost2010Prop44ColorRGB
 90
      255
102
RTVSPost2010PropOp44
 70
     1
102
RTVSPost2010Prop45
280
     0
102
RTVSPost2010PropOp45
 70
     1
102
RTVSPost2010Prop46
 90
       50
102
RTVSPost2010PropOp46
 70
     1
102
RTVSPost2010Prop47
 90
       50
102
RTVSPost2010PropOp47
 70
     1
102
RTVSPost2010Prop48
 90
       50
102
RTVSPost2010PropOp48
 70
     1
102
RTVSPost2010Prop49
280
     0
102
RTVSPost2010PropOp49
 70
     1
102
RTVSPost2010Prop50
 90
       50
102
RTVSPost2010PropOp50
 70
     1
102
RTVSPost2010Prop51ColorIndex
 90
      256
102
RTVSPost2010Prop51ColorRGB
 90
-16777216
102
RTVSPost2010PropOp51
 70
     0
102
RTVSPost2010Prop52
140
1.0
102
RTVSPost2010PropOp52
 70
     0
102
RTVSPost2010Prop53
 90
        2
102
RTVSPost2010PropOp53
 70
     1
102
RTVSPost2010Prop54
  1
strokes_ogs.tif
102
RTVSPost2010PropOp54
 70
     1
102
RTVSPost2010Prop55
280
     0
102
RTVSPost2010PropOp55
 70
     1
102
RTVSPost2010Prop56
140
1.0
102
RTVSPost2010PropOp56
 70
     1
102
RTVSPost2010Prop57
140
1.0
102
RTVSPost2010PropOp57
 70
     1
  0
XRECORD
  5
154
102
{ACAD_REACTORS
330
153
102
}
330
153
100
AcDbXrecord
280
     1
102
RTVSPropertyOp0
 70
     1
102
RTVSPropertyOp1
 70
     1
102
RTVSPropertyOp2
 70
     1
102
RTVSPropertyOp3
 70
     1
102
RTVSPropertyOp4
 70
     1
102
RTVSPropertyOp5
 70
     1
102
RTVSPropertyOp6
 70
     1
102
RTVSPropertyOp7
 70
     1
102
RTVSPropertyOp8
 70
     1
102
RTVSPropertyOp9
 70
     1
102
RTVSPropertyOp10
 70
     1
102
RTVSPropertyOp11
 70
     1
102
RTVSPropertyOp12
 70
     1
102
RTVSPropertyOp13
 70
     1
102
RTVSPropertyOp14
 70
     1
102
RTVSPropertyOp15
 70
     1
102
RTVSPropertyOp16
 70
     1
102
RTVSPropertyOp17
 70
     1
102
RTVSPropertyOp18
 70
     1
102
RTVSPropertyOp19
 70
     1
102
RTVSPropertyOp20
 70
     1
102
RTVSPropertyOp21
 70
     1
102
RTVSPropertyOp22
 70
     1
102
RTVSPropertyOp23
 70
     1
102
RTVSPropertyOp24
 70
     1
102
RTVSPropertyOp25
 70
     1
102
RTVSPropertyOp26
 70
     1
102
RTVSPropertyOp27
 70
     1
102
RTVSPropertyOp28
 70
     1
102
RTVSPropertyOp29
 70
     1
102
RTVSPropertyOp30
 70
     1
102
RTVSPropertyOp31
 70
     1
102
RTVSPropertyOp32
 70
     1
102
RTVSPropertyOp33
 70
     1
102
RTVSPropertyOp34
 70
     1
102
RTVSPropertyOp35
 70
     1
102
RTVSPropertyOp36
 70
     1
102
RTVSPropertyOp37
 70
     1
102
RTVSPropertyOp38
 70
     1
102
RTVSPropertyOp39
 70
     1
102
RTVSPropertyOp40
 70
     1
102
RTVSPropertyOp41
 70
     1
102
RTVSPropertyOp42
 70
     1
102
RTVSPropertyOp43
 70
     1
102
RTVSPropertyOp44
 70
     1
102
RTVSPropertyOp45
 70
     1
102
RTVSPropertyOp46
 70
     1
102
RTVSPropertyOp47
 70
     1
102
RTVSPropertyOp48
 70
     1
102
RTVSPropertyOp49
 70
     1
102
RTVSPropertyOp50
 70
     1
102
RTVSPropertyOp51
 70
     0
102
RTVSPropertyOp52
 70
     0
102
RTVSPropertyOp53
 70
     1
102
RTVSPropertyOp54
 70
     1
102
RTVSPropertyOp55
 70
     1
102
RTVSPropertyOp56
 70
     1
102
RTVSPropertyOp57
 70
     1
102
RTVSPost2010Prop28
280
     0
102
RTVSPost2010PropOp28
 70
     1
102
RTVSPost2010Prop29
280
     1
102
RTVSPost2010PropOp29
 70
     1
102
RTVSPost2010Prop30
280
     1
102
RTVSPost2010PropOp30
 70
     1
102
RTVSPost2010Prop31
280
     0
102
RTVSPost2010PropOp31
 70
     1
102
RTVSPost2010Prop32
280
     0
102
RTVSPost2010PropOp32
 70
     1
102
RTVSPost2010Prop33
280
     0
102
RTVSPost2010PropOp33
 70
     1
102
RTVSPost2010Prop34
280
     0
102
RTVSPost2010PropOp34
 70
     1
102
RTVSPost2010Prop35
280
     0
102
RTVSPost2010PropOp35
 70
     1
102
RTVSPost2010Prop36
280
     0
102
RTVSPost2010PropOp36
 70
     1
102
RTVSPost2010Prop37
 90
       50
102
RTVSPost2010PropOp37
 70
     1
102
RTVSPost2010Prop38
140
0.0
102
RTVSPost2010PropOp38
 70
     1
102
RTVSPost2010Prop39
140
1.0
102
RTVSPost2010PropOp39
 70
     1
102
RTVSPost2010Prop40
 90
        0
102
RTVSPost2010PropOp40
 70
     1
102
RTVSPost2010Prop41ColorIndex
 90
       18
102
RTVSPost2010Prop41ColorRGB
 90
        0
102
RTVSPost2010PropOp41
 70
     1
102
RTVSPost2010Prop42
 90
       50
102
RTVSPost2010PropOp42
 70
     1
102
RTVSPost2010Prop43
 90
        3
102
RTVSPost2010PropOp43
 70
     1
102
RTVSPost2010Prop44ColorIndex
 90
        5
102
RTVSPost2010Prop44ColorRGB
 90
      255
102
RTVSPost2010PropOp44
 70
     1
102
RTVSPost2010Prop45
280
     0
102
RTVSPost2010PropOp45
 70
     1
102
RTVSPost2010Prop46
 90
       50
102
RTVSPost2010PropOp46
 70
     1
102
RTVSPost2010Prop47
 90
       50
102
RTVSPost2010PropOp47
 70
     1
102
RTVSPost2010Prop48
 90
       50
102
RTVSPost2010PropOp48
 70
     1
102
RTVSPost2010Prop49
280
     0
102
RTVSPost2010PropOp49
 70
     1
102
RTVSPost2010Prop50
 90
       50
102
RTVSPost2010PropOp50
 70
     1
102
RTVSPost2010Prop51ColorIndex
 90
      256
102
RTVSPost2010Prop51ColorRGB
 90
-16777216
102
RTVSPost2010PropOp51
 70
     0
102
RTVSPost2010Prop52
140
1.0
102
RTVSPost2010PropOp52
 70
     0
102
RTVSPost2010Prop53
 90
        2
102
RTVSPost2010PropOp53
 70
     1
102
RTVSPost2010Prop54
  1
strokes_ogs.tif
102
RTVSPost2010PropOp54
 70
     1
102
RTVSPost2010Prop55
280
     0
102
RTVSPost2010PropOp55
 70
     1
102
RTVSPost2010Prop56
140
1.0
102
RTVSPost2010PropOp56
 70
     1
102
RTVSPost2010Prop57
140
1.0
102
RTVSPost2010PropOp57
 70
     1
  0
XRECORD
  5
144
102
{ACAD_REACTORS
330
143
102
}
330
143
100
AcDbXrecord
280
     1
102
RTVSPropertyOp0
 70
     1
102
RTVSPropertyOp1
 70
     1
102
RTVSPropertyOp2
 70
     1
102
RTVSPropertyOp3
 70
     1
102
RTVSPropertyOp4
 70
     1
102
RTVSPropertyOp5
 70
     1
102
RTVSPropertyOp6
 70
     1
102
RTVSPropertyOp7
 70
     1
102
RTVSPropertyOp8
 70
     1
102
RTVSPropertyOp9
 70
     1
102
RTVSPropertyOp10
 70
     1
102
RTVSPropertyOp11
 70
     1
102
RTVSPropertyOp12
 70
     1
102
RTVSPropertyOp13
 70
     1
102
RTVSPropertyOp14
 70
     1
102
RTVSPropertyOp15
 70
     1
102
RTVSPropertyOp16
 70
     1
102
RTVSPropertyOp17
 70
     1
102
RTVSPropertyOp18
 70
     1
102
RTVSPropertyOp19
 70
     1
102
RTVSPropertyOp20
 70
     1
102
RTVSPropertyOp21
 70
     1
102
RTVSPropertyOp22
 70
     1
102
RTVSPropertyOp23
 70
     1
102
RTVSPropertyOp24
 70
     1
102
RTVSPropertyOp25
 70
     1
102
RTVSPropertyOp26
 70
     1
102
RTVSPropertyOp27
 70
     1
102
RTVSPropertyOp28
 70
     1
102
RTVSPropertyOp29
 70
     1
102
RTVSPropertyOp30
 70
     1
102
RTVSPropertyOp31
 70
     1
102
RTVSPropertyOp32
 70
     1
102
RTVSPropertyOp33
 70
     1
102
RTVSPropertyOp34
 70
     1
102
RTVSPropertyOp35
 70
     1
102
RTVSPropertyOp36
 70
     1
102
RTVSPropertyOp37
 70
     1
102
RTVSPropertyOp38
 70
     1
102
RTVSPropertyOp39
 70
     1
102
RTVSPropertyOp40
 70
     1
102
RTVSPropertyOp41
 70
     1
102
RTVSPropertyOp42
 70
     1
102
RTVSPropertyOp43
 70
     1
102
RTVSPropertyOp44
 70
     1
102
RTVSPropertyOp45
 70
     1
102
RTVSPropertyOp46
 70
     1
102
RTVSPropertyOp47
 70
     1
102
RTVSPropertyOp48
 70
     1
102
RTVSPropertyOp49
 70
     1
102
RTVSPropertyOp50
 70
     1
102
RTVSPropertyOp51
 70
     0
102
RTVSPropertyOp52
 70
     0
102
RTVSPropertyOp53
 70
     1
102
RTVSPropertyOp54
 70
     1
102
RTVSPropertyOp55
 70
     1
102
RTVSPropertyOp56
 70
     1
102
RTVSPropertyOp57
 70
     1
102
RTVSPost2010Prop28
280
     0
102
RTVSPost2010PropOp28
 70
     1
102
RTVSPost2010Prop29
280
     1
102
RTVSPost2010PropOp29
 70
     1
102
RTVSPost2010Prop30
280
     1
102
RTVSPost2010PropOp30
 70
     1
102
RTVSPost2010Prop31
280
     0
102
RTVSPost2010PropOp31
 70
     1
102
RTVSPost2010Prop32
280
     0
102
RTVSPost2010PropOp32
 70
     1
102
RTVSPost2010Prop33
280
     0
102
RTVSPost2010PropOp33
 70
     1
102
RTVSPost2010Prop34
280
     0
102
RTVSPost2010PropOp34
 70
     1
102
RTVSPost2010Prop35
280
     0
102
RTVSPost2010PropOp35
 70
     1
102
RTVSPost2010Prop36
280
     0
102
RTVSPost2010PropOp36
 70
     1
102
RTVSPost2010Prop37
 90
       50
102
RTVSPost2010PropOp37
 70
     1
102
RTVSPost2010Prop38
140
0.0
102
RTVSPost2010PropOp38
 70
     1
102
RTVSPost2010Prop39
140
1.0
102
RTVSPost2010PropOp39
 70
     1
102
RTVSPost2010Prop40
 90
        0
102
RTVSPost2010PropOp40
 70
     1
102
RTVSPost2010Prop41ColorIndex
 90
       18
102
RTVSPost2010Prop41ColorRGB
 90
        0
102
RTVSPost2010PropOp41
 70
     1
102
RTVSPost2010Prop42
 90
       50
102
RTVSPost2010PropOp42
 70
     1
102
RTVSPost2010Prop43
 90
        3
102
RTVSPost2010PropOp43
 70
     1
102
RTVSPost2010Prop44ColorIndex
 90
        5
102
RTVSPost2010Prop44ColorRGB
 90
      255
102
RTVSPost2010PropOp44
 70
     1
102
RTVSPost2010Prop45
280
     0
102
RTVSPost2010PropOp45
 70
     1
102
RTVSPost2010Prop46
 90
       50
102
RTVSPost2010PropOp46
 70
     1
102
RTVSPost2010Prop47
 90
       50
102
RTVSPost2010PropOp47
 70
     1
102
RTVSPost2010Prop48
 90
       50
102
RTVSPost2010PropOp48
 70
     1
102
RTVSPost2010Prop49
280
     0
102
RTVSPost2010PropOp49
 70
     1
102
RTVSPost2010Prop50
 90
       50
102
RTVSPost2010PropOp50
 70
     1
102
RTVSPost2010Prop51ColorIndex
 90
      256
102
RTVSPost2010Prop51ColorRGB
 90
-16777216
102
RTVSPost2010PropOp51
 70
     0
102
RTVSPost2010Prop52
140
1.0
102
RTVSPost2010PropOp52
 70
     0
102
RTVSPost2010Prop53
 90
        2
102
RTVSPost2010PropOp53
 70
     1
102
RTVSPost2010Prop54
  1
strokes_ogs.tif
102
RTVSPost2010PropOp54
 70
     1
102
RTVSPost2010Prop55
280
     0
102
RTVSPost2010PropOp55
 70
     1
102
RTVSPost2010Prop56
140
1.0
102
RTVSPost2010PropOp56
 70
     1
102
RTVSPost2010Prop57
140
1.0
102
RTVSPost2010PropOp57
 70
     1
  0
XRECORD
  5
136
102
{ACAD_REACTORS
330
135
102
}
330
135
100
AcDbXrecord
280
     1
102
RTVSPropertyOp0
 70
     1
102
RTVSPropertyOp1
 70
     1
102
RTVSPropertyOp2
 70
     1
102
RTVSPropertyOp3
 70
     1
102
RTVSPropertyOp4
 70
     1
102
RTVSPropertyOp5
 70
     1
102
RTVSPropertyOp6
 70
     1
102
RTVSPropertyOp7
 70
     1
102
RTVSPropertyOp8
 70
     1
102
RTVSPropertyOp9
 70
     1
102
RTVSPropertyOp10
 70
     1
102
RTVSPropertyOp11
 70
     1
102
RTVSPropertyOp12
 70
     1
102
RTVSPropertyOp13
 70
     1
102
RTVSPropertyOp14
 70
     1
102
RTVSPropertyOp15
 70
     1
102
RTVSPropertyOp16
 70
     1
102
RTVSPropertyOp17
 70
     1
102
RTVSPropertyOp18
 70
     1
102
RTVSPropertyOp19
 70
     1
102
RTVSPropertyOp20
 70
     1
102
RTVSPropertyOp21
 70
     1
102
RTVSPropertyOp22
 70
     1
102
RTVSPropertyOp23
 70
     1
102
RTVSPropertyOp24
 70
     1
102
RTVSPropertyOp25
 70
     1
102
RTVSPropertyOp26
 70
     1
102
RTVSPropertyOp27
 70
     1
102
RTVSPropertyOp28
 70
     1
102
RTVSPropertyOp29
 70
     1
102
RTVSPropertyOp30
 70
     1
102
RTVSPropertyOp31
 70
     1
102
RTVSPropertyOp32
 70
     1
102
RTVSPropertyOp33
 70
     1
102
RTVSPropertyOp34
 70
     1
102
RTVSPropertyOp35
 70
     1
102
RTVSPropertyOp36
 70
     1
102
RTVSPropertyOp37
 70
     1
102
RTVSPropertyOp38
 70
     1
102
RTVSPropertyOp39
 70
     1
102
RTVSPropertyOp40
 70
     1
102
RTVSPropertyOp41
 70
     1
102
RTVSPropertyOp42
 70
     1
102
RTVSPropertyOp43
 70
     1
102
RTVSPropertyOp44
 70
     1
102
RTVSPropertyOp45
 70
     1
102
RTVSPropertyOp46
 70
     1
102
RTVSPropertyOp47
 70
     1
102
RTVSPropertyOp48
 70
     1
102
RTVSPropertyOp49
 70
     1
102
RTVSPropertyOp50
 70
     1
102
RTVSPropertyOp51
 70
     0
102
RTVSPropertyOp52
 70
     0
102
RTVSPropertyOp53
 70
     1
102
RTVSPropertyOp54
 70
     1
102
RTVSPropertyOp55
 70
     1
102
RTVSPropertyOp56
 70
     1
102
RTVSPropertyOp57
 70
     1
102
RTVSPost2010Prop28
280
     0
102
RTVSPost2010PropOp28
 70
     1
102
RTVSPost2010Prop29
280
     1
102
RTVSPost2010PropOp29
 70
     1
102
RTVSPost2010Prop30
280
     1
102
RTVSPost2010PropOp30
 70
     1
102
RTVSPost2010Prop31
280
     0
102
RTVSPost2010PropOp31
 70
     1
102
RTVSPost2010Prop32
280
     0
102
RTVSPost2010PropOp32
 70
     1
102
RTVSPost2010Prop33
280
     0
102
RTVSPost2010PropOp33
 70
     1
102
RTVSPost2010Prop34
280
     0
102
RTVSPost2010PropOp34
 70
     1
102
RTVSPost2010Prop35
280
     0
102
RTVSPost2010PropOp35
 70
     1
102
RTVSPost2010Prop36
280
     0
102
RTVSPost2010PropOp36
 70
     1
102
RTVSPost2010Prop37
 90
       50
102
RTVSPost2010PropOp37
 70
     1
102
RTVSPost2010Prop38
140
0.0
102
RTVSPost2010PropOp38
 70
     1
102
RTVSPost2010Prop39
140
1.0
102
RTVSPost2010PropOp39
 70
     1
102
RTVSPost2010Prop40
 90
        0
102
RTVSPost2010PropOp40
 70
     1
102
RTVSPost2010Prop41ColorIndex
 90
       18
102
RTVSPost2010Prop41ColorRGB
 90
        0
102
RTVSPost2010PropOp41
 70
     1
102
RTVSPost2010Prop42
 90
       50
102
RTVSPost2010PropOp42
 70
     1
102
RTVSPost2010Prop43
 90
        3
102
RTVSPost2010PropOp43
 70
     1
102
RTVSPost2010Prop44ColorIndex
 90
        5
102
RTVSPost2010Prop44ColorRGB
 90
      255
102
RTVSPost2010PropOp44
 70
     1
102
RTVSPost2010Prop45
280
     0
102
RTVSPost2010PropOp45
 70
     1
102
RTVSPost2010Prop46
 90
       50
102
RTVSPost2010PropOp46
 70
     1
102
RTVSPost2010Prop47
 90
       50
102
RTVSPost2010PropOp47
 70
     1
102
RTVSPost2010Prop48
 90
       50
102
RTVSPost2010PropOp48
 70
     1
102
RTVSPost2010Prop49
280
     0
102
RTVSPost2010PropOp49
 70
     1
102
RTVSPost2010Prop50
 90
       50
102
RTVSPost2010PropOp50
 70
     1
102
RTVSPost2010Prop51ColorIndex
 90
      256
102
RTVSPost2010Prop51ColorRGB
 90
-16777216
102
RTVSPost2010PropOp51
 70
     0
102
RTVSPost2010Prop52
140
1.0
102
RTVSPost2010PropOp52
 70
     0
102
RTVSPost2010Prop53
 90
        2
102
RTVSPost2010PropOp53
 70
     1
102
RTVSPost2010Prop54
  1
strokes_ogs.tif
102
RTVSPost2010PropOp54
 70
     1
102
RTVSPost2010Prop55
280
     0
102
RTVSPost2010PropOp55
 70
     1
102
RTVSPost2010Prop56
140
1.0
102
RTVSPost2010PropOp56
 70
     1
102
RTVSPost2010Prop57
140
1.0
102
RTVSPost2010PropOp57
 70
     1
  0
XRECORD
  5
156
102
{ACAD_REACTORS
330
155
102
}
330
155
100
AcDbXrecord
280
     1
102
RTVSPropertyOp0
 70
     1
102
RTVSPropertyOp1
 70
     1
102
RTVSPropertyOp2
 70
     1
102
RTVSPropertyOp3
 70
     1
102
RTVSPropertyOp4
 70
     1
102
RTVSPropertyOp5
 70
     1
102
RTVSPropertyOp6
 70
     1
102
RTVSPropertyOp7
 70
     1
102
RTVSPropertyOp8
 70
     1
102
RTVSPropertyOp9
 70
     1
102
RTVSPropertyOp10
 70
     1
102
RTVSPropertyOp11
 70
     1
102
RTVSPropertyOp12
 70
     1
102
RTVSPropertyOp13
 70
     1
102
RTVSPropertyOp14
 70
     1
102
RTVSPropertyOp15
 70
     1
102
RTVSPropertyOp16
 70
     1
102
RTVSPropertyOp17
 70
     1
102
RTVSPropertyOp18
 70
     1
102
RTVSPropertyOp19
 70
     1
102
RTVSPropertyOp20
 70
     1
102
RTVSPropertyOp21
 70
     1
102
RTVSPropertyOp22
 70
     1
102
RTVSPropertyOp23
 70
     1
102
RTVSPropertyOp24
 70
     1
102
RTVSPropertyOp25
 70
     1
102
RTVSPropertyOp26
 70
     1
102
RTVSPropertyOp27
 70
     1
102
RTVSPropertyOp28
 70
     1
102
RTVSPropertyOp29
 70
     1
102
RTVSPropertyOp30
 70
     1
102
RTVSPropertyOp31
 70
     1
102
RTVSPropertyOp32
 70
     1
102
RTVSPropertyOp33
 70
     1
102
RTVSPropertyOp34
 70
     1
102
RTVSPropertyOp35
 70
     1
102
RTVSPropertyOp36
 70
     1
102
RTVSPropertyOp37
 70
     1
102
RTVSPropertyOp38
 70
     1
102
RTVSPropertyOp39
 70
     1
102
RTVSPropertyOp40
 70
     1
102
RTVSPropertyOp41
 70
     1
102
RTVSPropertyOp42
 70
     1
102
RTVSPropertyOp43
 70
     1
102
RTVSPropertyOp44
 70
     1
102
RTVSPropertyOp45
 70
     1
102
RTVSPropertyOp46
 70
     1
102
RTVSPropertyOp47
 70
     1
102
RTVSPropertyOp48
 70
     1
102
RTVSPropertyOp49
 70
     1
102
RTVSPropertyOp50
 70
     1
102
RTVSPropertyOp51
 70
     0
102
RTVSPropertyOp52
 70
     0
102
RTVSPropertyOp53
 70
     1
102
RTVSPropertyOp54
 70
     1
102
RTVSPropertyOp55
 70
     1
102
RTVSPropertyOp56
 70
     1
102
RTVSPropertyOp57
 70
     1
102
RTVSPost2010Prop28
280
     0
102
RTVSPost2010PropOp28
 70
     1
102
RTVSPost2010Prop29
280
     1
102
RTVSPost2010PropOp29
 70
     1
102
RTVSPost2010Prop30
280
     1
102
RTVSPost2010PropOp30
 70
     1
102
RTVSPost2010Prop31
280
     0
102
RTVSPost2010PropOp31
 70
     1
102
RTVSPost2010Prop32
280
     0
102
RTVSPost2010PropOp32
 70
     1
102
RTVSPost2010Prop33
280
     0
102
RTVSPost2010PropOp33
 70
     1
102
RTVSPost2010Prop34
280
     0
102
RTVSPost2010PropOp34
 70
     1
102
RTVSPost2010Prop35
280
     0
102
RTVSPost2010PropOp35
 70
     1
102
RTVSPost2010Prop36
280
     0
102
RTVSPost2010PropOp36
 70
     1
102
RTVSPost2010Prop37
 90
       50
102
RTVSPost2010PropOp37
 70
     1
102
RTVSPost2010Prop38
140
0.0
102
RTVSPost2010PropOp38
 70
     1
102
RTVSPost2010Prop39
140
1.0
102
RTVSPost2010PropOp39
 70
     1
102
RTVSPost2010Prop40
 90
        0
102
RTVSPost2010PropOp40
 70
     1
102
RTVSPost2010Prop41ColorIndex
 90
       18
102
RTVSPost2010Prop41ColorRGB
 90
        0
102
RTVSPost2010PropOp41
 70
     1
102
RTVSPost2010Prop42
 90
       50
102
RTVSPost2010PropOp42
 70
     1
102
RTVSPost2010Prop43
 90
        3
102
RTVSPost2010PropOp43
 70
     1
102
RTVSPost2010Prop44ColorIndex
 90
        5
102
RTVSPost2010Prop44ColorRGB
 90
      255
102
RTVSPost2010PropOp44
 70
     1
102
RTVSPost2010Prop45
280
     0
102
RTVSPost2010PropOp45
 70
     1
102
RTVSPost2010Prop46
 90
       50
102
RTVSPost2010PropOp46
 70
     1
102
RTVSPost2010Prop47
 90
       50
102
RTVSPost2010PropOp47
 70
     1
102
RTVSPost2010Prop48
 90
       50
102
RTVSPost2010PropOp48
 70
     1
102
RTVSPost2010Prop49
280
     0
102
RTVSPost2010PropOp49
 70
     1
102
RTVSPost2010Prop50
 90
       50
102
RTVSPost2010PropOp50
 70
     1
102
RTVSPost2010Prop51ColorIndex
 90
      256
102
RTVSPost2010Prop51ColorRGB
 90
-16777216
102
RTVSPost2010PropOp51
 70
     0
102
RTVSPost2010Prop52
140
1.0
102
RTVSPost2010PropOp52
 70
     0
102
RTVSPost2010Prop53
 90
        2
102
RTVSPost2010PropOp53
 70
     1
102
RTVSPost2010Prop54
  1
strokes_ogs.tif
102
RTVSPost2010PropOp54
 70
     1
102
RTVSPost2010Prop55
280
     0
102
RTVSPost2010PropOp55
 70
     1
102
RTVSPost2010Prop56
140
1.0
102
RTVSPost2010PropOp56
 70
     1
102
RTVSPost2010Prop57
140
1.0
102
RTVSPost2010PropOp57
 70
     1
  0
ENDSEC
  0
EOF
