  0
SECTION
  2
HEADER
  9
$ACADVER
  1
AC1032
  9
$ACADMAINTVER
 90
       55
  9
$DWGCODEPAGE
  3
ANSI_1252
  9
$LASTSAVEDBY
  1
jgmal
  9
$REQUIREDVERSIONS
160
                 0
  9
$INSBASE
 10
0.0
 20
0.0
 30
0.0
  9
$EXTMIN
 10
-1896.8277329086
 20
-48.49778714380001
 30
0.0
  9
$EXTMAX
 10
546.8277329085999
 20
96.94361713139999
 30
0.0
  9
$LIMMIN
 10
0.0
 20
0.0
  9
$LIMMAX
 10
420.0
 20
297.0
  9
$ORTHOMODE
 70
     0
  9
$REGENMODE
 70
     1
  9
$FILLMODE
 70
     1
  9
$QTEXTMODE
 70
     0
  9
$MIRRTEXT
 70
     1
  9
$LTSCALE
 40
1.0
  9
$ATTMODE
 70
     1
  9
$TEXTSIZE
 40
3.5
  9
$TRACEWID
 40
1.0
  9
$TEXTSTYLE
  7
Standard
  9
$CLAYER
  8
0
  9
$CELTYPE
  6
ByLayer
  9
$CECOLOR
 62
   256
  9
$CELTSCALE
 40
1.0
  9
$DISPSILH
 70
     0
  9
$DIMSCALE
 40
1.0
  9
$DIMASZ
 40
3.302
  9
$DIMEXO
 40
1.0
  9
$DIMDLI
 40
3.75
  9
$DIMRND
 40
0.0
  9
$DIMDLE
 40
0.0
  9
$DIMEXE
 40
1.0
  9
$DIMTP
 40
0.0
  9
$DIMTM
 40
0.0
  9
$DIMTXT
 40
3.5
  9
$DIMCEN
 40
2.5
  9
$DIMTSZ
 40
0.0
  9
$DIMTOL
 70
     0
  9
$DIMLIM
 70
     0
  9
$DIMTIH
 70
     1
  9
$DIMTOH
 70
     1
  9
$DIMSE1
 70
     0
  9
$DIMSE2
 70
     0
  9
$DIMTAD
 70
     1
  9
$DIMZIN
 70
     1
  9
$DIMBLK
  1

  9
$DIMASO
 70
     1
  9
$DIMSHO
 70
     1
  9
$DIMPOST
  1

  9
$DIMAPOST
  1

  9
$DIMALT
 70
     0
  9
$DIMALTD
 70
     3
  9
$DIMALTF
 40
0.0393700787
  9
$DIMLFAC
 40
1.0
  9
$DIMTOFL
 70
     1
  9
$DIMTVP
 40
0.0
  9
$DIMTIX
 70
     0
  9
$DIMSOXD
 70
     0
  9
$DIMSAH
 70
     0
  9
$DIMBLK1
  1

  9
$DIMBLK2
  1

  9
$DIMSTYLE
  2
ISO-25
  9
$DIMCLRD
 70
     0
  9
$DIMCLRE
 70
     0
  9
$DIMCLRT
 70
     0
  9
$DIMTFAC
 40
1.0
  9
$DIMGAP
 40
1.524
  9
$DIMJUST
 70
     0
  9
$DIMSD1
 70
     0
  9
$DIMSD2
 70
     0
  9
$DIMTOLJ
 70
     0
  9
$DIMTZIN
 70
     1
  9
$DIMALTZ
 70
     0
  9
$DIMALTTZ
 70
     0
  9
$DIMUPT
 70
     0
  9
$DIMDEC
 70
     2
  9
$DIMTDEC
 70
     2
  9
$DIMALTU
 70
     2
  9
$DIMALTTD
 70
     3
  9
$DIMTXSTY
  7
Standard
  9
$DIMAUNIT
 70
     0
  9
$DIMADEC
 70
     2
  9
$DIMALTRND
 40
0.0
  9
$DIMAZIN
 70
     0
  9
$DIMDSEP
 70
    44
  9
$DIMATFIT
 70
     3
  9
$DIMFRAC
 70
     0
  9
$DIMLDRBLK
  1

  9
$DIMLUNIT
 70
     2
  9
$DIMLWD
 70
    -2
  9
$DIMLWE
 70
    -2
  9
$DIMTMOVE
 70
     0
  9
$DIMFXL
 40
1.0
  9
$DIMFXLON
 70
     0
  9
$DIMJOGANG
 40
0.7853981633974483
  9
$DIMTFILL
 70
     0
  9
$DIMTFILLCLR
 70
     0
  9
$DIMARCSYM
 70
     0
  9
$DIMLTYPE
  6

  9
$DIMLTEX1
  6

  9
$DIMLTEX2
  6

  9
$DIMTXTDIRECTION
 70
     0
  9
$LUNITS
 70
     2
  9
$LUPREC
 70
     2
  9
$SKETCHINC
 40
1.0
  9
$FILLETRAD
 40
10.0
  9
$AUNITS
 70
     0
  9
$AUPREC
 70
     2
  9
$MENU
  1
.
  9
$ELEVATION
 40
0.0
  9
$PELEVATION
 40
0.0
  9
$THICKNESS
 40
0.0
  9
$LIMCHECK
 70
     0
  9
$CHAMFERA
 40
0.0
  9
$CHAMFERB
 40
0.0
  9
$CHAMFERC
 40
0.0
  9
$CHAMFERD
 40
0.0
  9
$SKPOLY
 70
     0
  9
$TDCREATE
 40
2459272.544270834
  9
$TDUCREATE
 40
2459272.460939676
  9
$TDUPDATE
 40
2459272.578020833
  9
$TDUUPDATE
 40
2459272.494687500
  9
$TDINDWG
 40
0.0039814931
  9
$TDUSRTIMER
 40
0.0039814931
  9
$USRTIMER
 70
     1
  9
$ANGBASE
 50
0.0
  9
$ANGDIR
 70
     0
  9
$PDMODE
 70
     0
  9
$PDSIZE
 40
-1.0
  9
$PLINEWID
 40
0.0
  9
$SPLFRAME
 70
     0
  9
$SPLINETYPE
 70
     6
  9
$SPLINESEGS
 70
     8
  9
$HANDSEED
  5
53D
  9
$SURFTAB1
 70
     6
  9
$SURFTAB2
 70
     6
  9
$SURFTYPE
 70
     6
  9
$SURFU
 70
     6
  9
$SURFV
 70
     6
  9
$UCSBASE
  2

  9
$UCSNAME
  2

  9
$UCSORG
 10
0.0
 20
0.0
 30
0.0
  9
$UCSXDIR
 10
1.0
 20
0.0
 30
0.0
  9
$UCSYDIR
 10
0.0
 20
1.0
 30
0.0
  9
$UCSORTHOREF
  2

  9
$UCSORTHOVIEW
 70
     0
  9
$UCSORGTOP
 10
0.0
 20
0.0
 30
0.0
  9
$UCSORGBOTTOM
 10
0.0
 20
0.0
 30
0.0
  9
$UCSORGLEFT
 10
0.0
 20
0.0
 30
0.0
  9
$UCSORGRIGHT
 10
0.0
 20
0.0
 30
0.0
  9
$UCSORGFRONT
 10
0.0
 20
0.0
 30
0.0
  9
$UCSORGBACK
 10
0.0
 20
0.0
 30
0.0
  9
$PUCSBASE
  2

  9
$PUCSNAME
  2

  9
$PUCSORG
 10
0.0
 20
0.0
 30
0.0
  9
$PUCSXDIR
 10
1.0
 20
0.0
 30
0.0
  9
$PUCSYDIR
 10
0.0
 20
1.0
 30
0.0
  9
$PUCSORTHOREF
  2

  9
$PUCSORTHOVIEW
 70
     0
  9
$PUCSORGTOP
 10
0.0
 20
0.0
 30
0.0
  9
$PUCSORGBOTTOM
 10
0.0
 20
0.0
 30
0.0
  9
$PUCSORGLEFT
 10
0.0
 20
0.0
 30
0.0
  9
$PUCSORGRIGHT
 10
0.0
 20
0.0
 30
0.0
  9
$PUCSORGFRONT
 10
0.0
 20
0.0
 30
0.0
  9
$PUCSORGBACK
 10
0.0
 20
0.0
 30
0.0
  9
$USERI1
 70
     0
  9
$USERI2
 70
     0
  9
$USERI3
 70
     0
  9
$USERI4
 70
     0
  9
$USERI5
 70
     0
  9
$USERR1
 40
0.0
  9
$USERR2
 40
0.0
  9
$USERR3
 40
0.0
  9
$USERR4
 40
0.0
  9
$USERR5
 40
0.0
  9
$WORLDVIEW
 70
     1
  9
$SHADEDGE
 70
     3
  9
$SHADEDIF
 70
    70
  9
$TILEMODE
 70
     1
  9
$MAXACTVP
 70
    64
  9
$PINSBASE
 10
0.0
 20
0.0
 30
0.0
  9
$PLIMCHECK
 70
     0
  9
$PEXTMIN
 10
1.000000000000000E+20
 20
1.000000000000000E+20
 30
1.000000000000000E+20
  9
$PEXTMAX
 10
-1.000000000000000E+20
 20
-1.000000000000000E+20
 30
-1.000000000000000E+20
  9
$PLIMMIN
 10
0.0
 20
0.0
  9
$PLIMMAX
 10
420.0
 20
297.0
  9
$UNITMODE
 70
     0
  9
$VISRETAIN
 70
     1
  9
$PLINEGEN
 70
     0
  9
$PSLTSCALE
 70
     1
  9
$TREEDEPTH
 70
  3020
  9
$CMLSTYLE
  2
Standard
  9
$CMLJUST
 70
     0
  9
$CMLSCALE
 40
20.0
  9
$PROXYGRAPHICS
 70
     1
  9
$MEASUREMENT
 70
     1
  9
$CELWEIGHT
370
    -1
  9
$ENDCAPS
280
     0
  9
$JOINSTYLE
280
     0
  9
$LWDISPLAY
290
     1
  9
$INSUNITS
 70
     4
  9
$HYPERLINKBASE
  1

  9
$STYLESHEET
  1

  9
$XEDIT
290
     1
  9
$CEPSNTYPE
380
     0
  9
$PSTYLEMODE
290
     1
  9
$FINGERPRINTGUID
  2
{4720E1A7-F0A3-40AF-9720-5D4B2B4731A8}
  9
$VERSIONGUID
  2
{14925C17-0A19-7E43-AF94-8CB87D9E54D0}
  9
$EXTNAMES
290
     1
  9
$PSVPSCALE
 40
0.0
  9
$OLESTARTUP
290
     0
  9
$SORTENTS
280
   127
  9
$INDEXCTL
280
     0
  9
$HIDETEXT
280
     0
  9
$XCLIPFRAME
280
     2
  9
$HALOGAP
280
     0
  9
$OBSCOLOR
 70
   257
  9
$OBSLTYPE
280
     0
  9
$INTERSECTIONDISPLAY
280
     0
  9
$INTERSECTIONCOLOR
 70
   257
  9
$DIMASSOC
280
     1
  9
$PROJECTNAME
  1

  9
$CAMERADISPLAY
290
     0
  9
$LENSLENGTH
 40
50.0
  9
$CAMERAHEIGHT
 40
0.0
  9
$STEPSPERSEC
 40
2.0
  9
$STEPSIZE
 40
6.0
  9
$3DDWFPREC
 40
2.0
  9
$PSOLWIDTH
 40
0.25
  9
$PSOLHEIGHT
 40
4.0
  9
$LOFTANG1
 40
1.570796326794896
  9
$LOFTANG2
 40
1.570796326794896
  9
$LOFTMAG1
 40
0.0
  9
$LOFTMAG2
 40
0.0
  9
$LOFTPARAM
 70
     7
  9
$LOFTNORMALS
280
     1
  9
$LATITUDE
 40
37.795
  9
$LONGITUDE
 40
-122.394
  9
$NORTHDIRECTION
 40
0.0
  9
$TIMEZONE
 70
 -8000
  9
$LIGHTGLYPHDISPLAY
280
     1
  9
$TILEMODELIGHTSYNCH
280
     1
  9
$CMATERIAL
347
4D2
  9
$SOLIDHIST
280
     0
  9
$SHOWHIST
280
     1
  9
$DWFFRAME
280
     2
  9
$DGNFRAME
280
     0
  9
$REALWORLDSCALE
290
     1
  9
$INTERFERECOLOR
 62
     1
  9
$INTERFEREOBJVS
345
4F4
  9
$INTERFEREVPVS
346
4F1
  9
$CSHADOW
280
     0
  9
$SHADOWPLANELOCATION
 40
0.0
  0
ENDSEC
  0
SECTION
  2
CLASSES
  0
CLASS
  1
ACDBDICTIONARYWDFLT
  2
AcDbDictionaryWithDefault
  3
ObjectDBX Classes
 90
        0
 91
        1
280
     0
281
     0
  0
CLASS
  1
VISUALSTYLE
  2
AcDbVisualStyle
  3
ObjectDBX Classes
 90
     4095
 91
       24
280
     0
281
     0
  0
CLASS
  1
MATERIAL
  2
AcDbMaterial
  3
ObjectDBX Classes
 90
     1153
 91
        3
280
     0
281
     0
  0
CLASS
  1
SCALE
  2
AcDbScale
  3
ObjectDBX Classes
 90
     1153
 91
       33
280
     0
281
     0
  0
CLASS
  1
TABLESTYLE
  2
AcDbTableStyle
  3
ObjectDBX Classes
 90
     4095
 91
        1
280
     0
281
     0
  0
CLASS
  1
MLEADERSTYLE
  2
AcDbMLeaderStyle
  3
ACDB_MLEADERSTYLE_CLASS
 90
     4095
 91
        1
280
     0
281
     0
  0
CLASS
  1
SUN
  2
AcDbSun
  3
SCENEOE
 90
     1153
 91
        0
280
     0
281
     0
  0
CLASS
  1
ACDBSECTIONVIEWSTYLE
  2
AcDbSectionViewStyle
  3
ObjectDBX Classes
 90
     1025
 91
        1
280
     0
281
     0
  0
CLASS
  1
ACDBDETAILVIEWSTYLE
  2
AcDbDetailViewStyle
  3
ObjectDBX Classes
 90
     1025
 91
        1
280
     0
281
     0
  0
CLASS
  1
SORTENTSTABLE
  2
AcDbSortentsTable
  3
ObjectDBX Classes
 90
        0
 91
        1
280
     0
281
     0
  0
CLASS
  1
DICTIONARYVAR
  2
AcDbDictionaryVar
  3
ObjectDBX Classes
 90
        0
 91
        9
280
     0
281
     0
  0
CLASS
  1
CELLSTYLEMAP
  2
AcDbCellStyleMap
  3
ObjectDBX Classes
 90
     1152
 91
        1
280
     0
281
     0
  0
ENDSEC
  0
SECTION
  2
TABLES
  0
TABLE
  2
VPORT
  5
8
330
0
100
AcDbSymbolTable
 70
     1
  0
VPORT
  5
29
330
8
100
AcDbSymbolTableRecord
100
AcDbViewportTableRecord
  2
*Active
 70
     0
 10
0.0
 20
0.0
 11
1.0
 21
1.0
 12
-1762.764094781578
 22
111.7837257677176
 13
0.0
 23
0.0
 14
10.0
 24
10.0
 15
10.0
 25
10.0
 16
0.0
 26
0.0
 36
1.0
 17
0.0
 27
0.0
 37
0.0
 40
783.5352033531076
 41
2.144639818491208
 42
50.0
 43
0.0
 44
0.0
 50
0.0
 51
0.0
 71
     0
 72
   100
 73
     1
 74
     3
 75
     0
 76
     0
 77
     0
 78
     0
281
     0
 65
     1
110
0.0
120
0.0
130
0.0
111
1.0
121
0.0
131
0.0
112
0.0
122
1.0
132
0.0
 79
     0
146
0.0
348
4F0
 60
     3
 61
     5
292
     1
282
     1
141
0.0
142
0.0
 63
   250
421
  3355443
1001
ACAD_NAV_VCDISPLAY
1070
     3
  0
ENDTAB
  0
TABLE
  2
LTYPE
  5
5
330
0
100
AcDbSymbolTable
 70
     7
  0
LTYPE
  5
14
330
5
100
AcDbSymbolTableRecord
100
AcDbLinetypeTableRecord
  2
ByBlock
 70
     0
  3

 72
    65
 73
     0
 40
0.0
  0
LTYPE
  5
15
330
5
100
AcDbSymbolTableRecord
100
AcDbLinetypeTableRecord
  2
ByLayer
 70
     0
  3

 72
    65
 73
     0
 40
0.0
  0
LTYPE
  5
16
330
5
100
AcDbSymbolTableRecord
100
AcDbLinetypeTableRecord
  2
Continuous
 70
     0
  3
Solid line
 72
    65
 73
     0
 40
0.0
  0
LTYPE
  5
6E
330
5
100
AcDbSymbolTableRecord
100
AcDbLinetypeTableRecord
  2
HIDDEN
 70
     0
  3
Hidden __ __ __ __ __ __ __ __ __ __ __ __ __ __
 72
    65
 73
     2
 40
1.905
 49
1.27
 74
     0
 49
-0.635
 74
     0
  0
LTYPE
  5
6F
330
5
100
AcDbSymbolTableRecord
100
AcDbLinetypeTableRecord
  2
PHANTOM
 70
     0
  3
Phantom ______  __  __  ______  __  __  ______
 72
    65
 73
     6
 40
12.7
 49
6.349999999999999
 74
     0
 49
-1.27
 74
     0
 49
1.27
 74
     0
 49
-1.27
 74
     0
 49
1.27
 74
     0
 49
-1.27
 74
     0
  0
LTYPE
  5
70
330
5
100
AcDbSymbolTableRecord
100
AcDbLinetypeTableRecord
  2
CENTER
 70
     0
  3
Center ____ _ ____ _ ____ _ ____ _ ____ _ ____
 72
    65
 73
     4
 40
10.16
 49
6.349999999999999
 74
     0
 49
-1.27
 74
     0
 49
1.27
 74
     0
 49
-1.27
 74
     0
  0
LTYPE
  5
71
330
5
100
AcDbSymbolTableRecord
100
AcDbLinetypeTableRecord
  2
CENTERX2
 70
     0
  3
Center (2x) ________  __  ________  __  _____
 72
    65
 73
     4
 40
20.32
 49
12.7
 74
     0
 49
-2.54
 74
     0
 49
2.54
 74
     0
 49
-2.54
 74
     0
  0
LTYPE
  5
72
330
5
100
AcDbSymbolTableRecord
100
AcDbLinetypeTableRecord
  2
DOT2
 70
     0
  3
Dot (.5x) ........................................
 72
    65
 73
     2
 40
0.635
 49
0.0
 74
     0
 49
-0.635
 74
     0
  0
ENDTAB
  0
TABLE
  2
LAYER
  5
2
330
0
100
AcDbSymbolTable
 70
     1
  0
LAYER
  5
10
102
{ACAD_XDICTIONARY
360
52D
102
}
330
2
100
AcDbSymbolTableRecord
100
AcDbLayerTableRecord
  2
0
 70
     0
 62
     7
  6
Continuous
370
    -3
390
F
347
4E2
348
0
  0
ENDTAB
  0
TABLE
  2
STYLE
  5
3
330
0
100
AcDbSymbolTable
 70
     1
  0
STYLE
  5
11
330
3
100
AcDbSymbolTableRecord
100
AcDbTextStyleTableRecord
  2
Standard
 70
     0
 40
0.0
 41
1.0
 50
0.0
 71
     0
 42
3.5
  3
txt
  4

  0
ENDTAB
  0
TABLE
  2
VIEW
  5
6
330
0
100
AcDbSymbolTable
 70
     0
  0
ENDTAB
  0
TABLE
  2
UCS
  5
7
330
0
100
AcDbSymbolTable
 70
     0
  0
ENDTAB
  0
TABLE
  2
APPID
  5
9
330
0
100
AcDbSymbolTable
 70
     3
  0
APPID
  5
12
330
9
100
AcDbSymbolTableRecord
100
AcDbRegAppTableRecord
  2
ACAD
 70
     0
  0
APPID
  5
50F
330
9
100
AcDbSymbolTableRecord
100
AcDbRegAppTableRecord
  2
ACAD_EXEMPT_FROM_CAD_STANDARDS
 70
     0
  0
APPID
  5
539
330
9
100
AcDbSymbolTableRecord
100
AcDbRegAppTableRecord
  2
ACAD_NAV_VCDISPLAY
 70
     0
  0
ENDTAB
  0
TABLE
  2
DIMSTYLE
  5
A
330
0
100
AcDbSymbolTable
 70
     2
100
AcDbDimStyleTable
 71
     1
340
27
  0
DIMSTYLE
105
27
330
A
100
AcDbSymbolTableRecord
100
AcDbDimStyleTableRecord
  2
ISO-25
 70
     0
 41
2.5
 42
0.625
 43
3.75
 44
1.25
 73
     0
 74
     0
 77
     1
 78
     8
140
2.5
141
2.5
143
0.0393700787
147
0.625
171
     3
172
     1
271
     2
272
     2
274
     3
278
    44
283
     0
284
     8
340
11
  0
ENDTAB
  0
TABLE
  2
BLOCK_RECORD
  5
1
330
0
100
AcDbSymbolTable
 70
     2
  0
BLOCK_RECORD
  5
1F
102
{ACAD_XDICTIONARY
360
521
102
}
330
1
100
AcDbSymbolTableRecord
100
AcDbBlockTableRecord
  2
*Model_Space
340
22
 70
     0
280
     1
281
     0
  0
BLOCK_RECORD
  5
1B
330
1
100
AcDbSymbolTableRecord
100
AcDbBlockTableRecord
  2
*Paper_Space
340
1E
 70
     0
280
     1
281
     0
  0
BLOCK_RECORD
  5
23
330
1
100
AcDbSymbolTableRecord
100
AcDbBlockTableRecord
  2
*Paper_Space0
340
26
 70
     0
280
     1
281
     0
  0
ENDTAB
  0
ENDSEC
  0
SECTION
  2
BLOCKS
  0
BLOCK
  5
20
330
1F
100
AcDbEntity
  8
0
100
AcDbBlockBegin
  2
*Model_Space
 70
     0
 10
0.0
 20
0.0
 30
0.0
  3
*Model_Space
  1

  0
ENDBLK
  5
21
330
1F
100
AcDbEntity
  8
0
100
AcDbBlockEnd
  0
BLOCK
  5
1C
330
1B
100
AcDbEntity
 67
     1
  8
0
100
AcDbBlockBegin
  2
*Paper_Space
 70
     0
 10
0.0
 20
0.0
 30
0.0
  3
*Paper_Space
  1

  0
ENDBLK
  5
1D
330
1B
100
AcDbEntity
 67
     1
  8
0
100
AcDbBlockEnd
  0
BLOCK
  5
24
330
23
100
AcDbEntity
 67
     1
  8
0
100
AcDbBlockBegin
  2
*Paper_Space0
 70
     0
 10
0.0
 20
0.0
 30
0.0
  3
*Paper_Space0
  1

  0
ENDBLK
  5
25
330
23
100
AcDbEntity
 67
     1
  8
0
100
AcDbBlockEnd
  0
ENDSEC
  0
SECTION
  2
ENTITIES
  0
LINE
  5
73
330
1F
100
AcDbEntity
  8
0
  6
CENTERX2
 62
     7
100
AcDbLine
 10
32.0277896883
 20
0.0
 30
0.0
 11
32.0277896883
 21
27.5166822369
 31
0.0
  0
LINE
  5
74
330
1F
100
AcDbEntity
  8
0
  6
CENTERX2
 62
     7
100
AcDbLine
 10
1.281285108
 20
0.0
 30
0.0
 11
1.281285108
 21
32.8992934972
 31
0.0
  0
LINE
  5
75
330
1F
100
AcDbEntity
  8
0
  6
CENTERX2
 62
     7
100
AcDbLine
 10
-29.3535521994
 20
0.0
 30
0.0
 11
-29.3535521994
 21
32.8992934972
 31
0.0
  0
LINE
  5
76
330
1F
100
AcDbEntity
  8
0
  6
CENTERX2
 62
     7
100
AcDbLine
 10
-60.1000567796
 20
0.0
 30
0.0
 11
-60.1000567796
 21
27.5166822368
 31
0.0
  0
LINE
  5
77
330
1F
100
AcDbEntity
  8
0
  6
CENTERX2
 62
     7
100
AcDbLine
 10
-1289.8999432204
 20
0.0
 30
0.0
 11
-1289.8999432204
 21
27.5166822369
 31
0.0
  0
LINE
  5
78
330
1F
100
AcDbEntity
  8
0
  6
CENTERX2
 62
     7
100
AcDbLine
 10
-1320.6464478006
 20
0.0
 30
0.0
 11
-1320.6464478006
 21
32.8992934972
 31
0.0
  0
LINE
  5
79
330
1F
100
AcDbEntity
  8
0
  6
CENTERX2
 62
     7
100
AcDbLine
 10
-1351.281285108
 20
0.0
 30
0.0
 11
-1351.281285108
 21
32.8992934972
 31
0.0
  0
LINE
  5
7A
330
1F
100
AcDbEntity
  8
0
  6
CENTERX2
 62
     7
100
AcDbLine
 10
-1382.0277896883
 20
0.0
 30
0.0
 11
-1382.0277896883
 21
27.5166822369
 31
0.0
  0
LINE
  5
7B
330
1F
100
AcDbEntity
  8
0
  6
CENTERX2
 62
     7
100
AcDbLine
 10
-1885.8277329086
 20
40.1353652051
 30
0.0
 11
-1382.6231396001
 21
40.1353652051
 31
0.0
  0
LINE
  5
7C
330
1F
100
AcDbEntity
  8
0
  6
CENTERX2
 62
     7
100
AcDbLine
 10
-1381.4324397764
 20
40.1353652051
 30
0.0
 11
-1351.9761245715
 21
40.1353652051
 31
0.0
  0
LINE
  5
7D
330
1F
100
AcDbEntity
  8
0
  6
CENTERX2
 62
     7
100
AcDbLine
 10
-1350.5864456446
 20
40.1353652051
 30
0.0
 11
-1321.341287264
 21
40.1353652051
 31
0.0
  0
LINE
  5
7E
330
1F
100
AcDbEntity
  8
0
  6
CENTERX2
 62
     7
100
AcDbLine
 10
-1319.9516083371
 20
40.1353652051
 30
0.0
 11
-1290.4952931322
 21
40.1353652051
 31
0.0
  0
LINE
  5
7F
330
1F
100
AcDbEntity
  8
0
  6
CENTERX2
 62
     7
100
AcDbLine
 10
-1289.3045933085
 20
40.1353652051
 30
0.0
 11
-60.6954066915
 21
40.1353652051
 31
0.0
  0
LINE
  5
80
330
1F
100
AcDbEntity
  8
0
  6
CENTERX2
 62
     7
100
AcDbLine
 10
-59.5047068678
 20
40.1353652051
 30
0.0
 11
-30.0483916629
 21
40.1353652051
 31
0.0
  0
LINE
  5
81
330
1F
100
AcDbEntity
  8
0
  6
CENTERX2
 62
     7
100
AcDbLine
 10
-28.658712736
 20
40.1353652051
 30
0.0
 11
0.5864456446000001
 21
40.1353652051
 31
0.0
  0
LINE
  5
82
330
1F
100
AcDbEntity
  8
0
  6
CENTERX2
 62
     7
100
AcDbLine
 10
1.976124571499999
 20
40.1353652051
 30
0.0
 11
31.4324397764
 21
40.1353652051
 31
0.0
  0
LINE
  5
83
330
1F
100
AcDbEntity
  8
0
  6
CENTERX2
 62
     7
100
AcDbLine
 10
32.62313960010001
 20
40.1353652051
 30
0.0
 11
535.8277329085999
 21
40.1353652051
 31
0.0
  0
LINE
  5
84
330
1F
100
AcDbEntity
  8
0
  6
CENTERX2
 62
     7
100
AcDbLine
 10
-1885.8277329086
 20
63.3591834201
 30
0.0
 11
-1383.7467916276
 21
63.3591834201
 31
0.0
  0
LINE
  5
85
330
1F
100
AcDbEntity
  8
0
  6
CENTERX2
 62
     7
100
AcDbLine
 10
-1380.3087877489
 20
63.3591834201
 30
0.0
 11
-1354.2630667782
 21
63.3591834201
 31
0.0
  0
LINE
  5
86
330
1F
100
AcDbEntity
  8
0
  6
CENTERX2
 62
     7
100
AcDbLine
 10
-1348.2995034378
 20
63.3591834201
 30
0.0
 11
-1323.6282294708
 21
63.3591834201
 31
0.0
  0
LINE
  5
87
330
1F
100
AcDbEntity
  8
0
  6
CENTERX2
 62
     7
100
AcDbLine
 10
-1317.6646661304
 20
63.3591834201
 30
0.0
 11
-1291.6189451597
 21
63.3591834201
 31
0.0
  0
LINE
  5
88
330
1F
100
AcDbEntity
  8
0
  6
CENTERX2
 62
     7
100
AcDbLine
 10
-1288.180941281
 20
63.3591834201
 30
0.0
 11
-61.81905871899999
 21
63.3591834201
 31
0.0
  0
LINE
  5
89
330
1F
100
AcDbEntity
  8
0
  6
CENTERX2
 62
     7
100
AcDbLine
 10
-58.38105484029999
 20
63.3591834201
 30
0.0
 11
-32.3353338696
 21
63.3591834201
 31
0.0
  0
LINE
  5
8A
330
1F
100
AcDbEntity
  8
0
  6
CENTERX2
 62
     7
100
AcDbLine
 10
-26.3717705292
 20
63.3591834201
 30
0.0
 11
-1.700496562199999
 21
63.3591834201
 31
0.0
  0
LINE
  5
8B
330
1F
100
AcDbEntity
  8
0
  6
CENTERX2
 62
     7
100
AcDbLine
 10
4.263066778199999
 20
63.3591834201
 30
0.0
 11
30.3087877489
 21
63.3591834201
 31
0.0
  0
LINE
  5
8C
330
1F
100
AcDbEntity
  8
0
  6
CENTERX2
 62
     7
100
AcDbLine
 10
33.74679162760001
 20
63.3591834201
 30
0.0
 11
535.8277329085999
 21
63.3591834201
 31
0.0
  0
LINE
  5
8D
330
1F
100
AcDbEntity
  8
0
  6
CENTERX2
 62
     7
100
AcDbLine
 10
-1885.8277329086
 20
83.0691703455
 30
0.0
 11
-1386.1988770699
 21
83.0691703455
 31
0.0
  0
LINE
  5
8E
330
1F
100
AcDbEntity
  8
0
  6
CENTERX2
 62
     7
100
AcDbLine
 10
-1377.8567023066
 20
83.0691703455
 30
0.0
 11
-1359.2537378712
 21
83.0691703455
 31
0.0
  0
LINE
  5
8F
330
1F
100
AcDbEntity
  8
0
  6
CENTERX2
 62
     7
100
AcDbLine
 10
-1343.3088323449
 20
83.0691703455
 30
0.0
 11
-1328.6189005638
 21
83.0691703455
 31
0.0
  0
LINE
  5
90
330
1F
100
AcDbEntity
  8
0
  6
CENTERX2
 62
     7
100
AcDbLine
 10
-1312.6739950374
 20
83.0691703455
 30
0.0
 11
-1294.071030602
 21
83.0691703455
 31
0.0
  0
LINE
  5
91
330
1F
100
AcDbEntity
  8
0
  6
CENTERX2
 62
     7
100
AcDbLine
 10
-1285.7288558387
 20
83.0691703455
 30
0.0
 11
-64.2711441613
 21
83.0691703455
 31
0.0
  0
LINE
  5
92
330
1F
100
AcDbEntity
  8
0
  6
CENTERX2
 62
     7
100
AcDbLine
 10
-55.928969398
 20
83.0691703455
 30
0.0
 11
-37.3260049626
 21
83.0691703455
 31
0.0
  0
LINE
  5
93
330
1F
100
AcDbEntity
  8
0
  6
CENTERX2
 62
     7
100
AcDbLine
 10
-21.3810994362
 20
83.0691703455
 30
0.0
 11
-6.6911676551
 21
83.0691703455
 31
0.0
  0
LINE
  5
94
330
1F
100
AcDbEntity
  8
0
  6
CENTERX2
 62
     7
100
AcDbLine
 10
9.2537378712
 20
83.0691703455
 30
0.0
 11
27.8567023066
 21
83.0691703455
 31
0.0
  0
LINE
  5
95
330
1F
100
AcDbEntity
  8
0
  6
CENTERX2
 62
     7
100
AcDbLine
 10
36.1988770699
 20
83.0691703455
 30
0.0
 11
535.8277329085999
 21
83.0691703455
 31
0.0
  0
LINE
  5
96
330
1F
100
AcDbEntity
  8
0
  6
CENTERX2
 62
     7
100
AcDbLine
 10
-1382.5090213927
 20
-0.3744467859
 30
0.0
 11
-1885.8277329086
 21
-0.3744467859
 31
0.0
  0
LINE
  5
97
330
1F
100
AcDbEntity
  8
0
  6
CENTERX2
 62
     7
100
AcDbLine
 10
-1351.9982530818
 20
-0.3744467859
 30
0.0
 11
-1381.5465579838
 21
-0.3744467859
 31
0.0
  0
LINE
  5
98
330
1F
100
AcDbEntity
  8
0
  6
CENTERX2
 62
     7
100
AcDbLine
 10
-1321.3634157743
 20
-0.3744467859
 30
0.0
 11
-1334.09815409
 21
-0.3744467859
 31
0.0
  0
LINE
  5
99
330
1F
100
AcDbEntity
  8
0
  6
CENTERX2
 62
     7
100
AcDbLine
 10
-1290.3811749248
 20
-0.3744467859
 30
0.0
 11
-1319.9294798268
 21
-0.3744467859
 31
0.0
  0
LINE
  5
9A
330
1F
100
AcDbEntity
  8
0
  6
CENTERX2
 62
     7
100
AcDbLine
 10
-60.58128848409999
 20
-0.3744467859
 30
0.0
 11
-1289.4187115159
 21
-0.3744467859
 31
0.0
  0
LINE
  5
9B
330
1F
100
AcDbEntity
  8
0
  6
CENTERX2
 62
     7
100
AcDbLine
 10
-30.0705201732
 20
-0.3744467859
 30
0.0
 11
-59.61882507520001
 21
-0.3744467859
 31
0.0
  0
LINE
  5
9C
330
1F
100
AcDbEntity
  8
0
  6
CENTERX2
 62
     7
100
AcDbLine
 10
-16.0361335457
 20
-0.3744467859
 30
0.0
 11
-28.6365842257
 21
-0.3744467859
 31
0.0
  0
LINE
  5
9D
330
1F
100
AcDbEntity
  8
0
  6
CENTERX2
 62
     7
100
AcDbLine
 10
31.5465579838
 20
-0.3744467859
 30
0.0
 11
1.9982530818
 21
-0.3744467859
 31
0.0
  0
LINE
  5
9E
330
1F
100
AcDbEntity
  8
0
  6
CENTERX2
 62
     7
100
AcDbLine
 10
535.8277329085999
 20
-0.3744467859
 30
0.0
 11
32.5090213927
 21
-0.3744467859
 31
0.0
  0
LINE
  5
9F
330
1F
100
AcDbEntity
  8
0
  6
CENTERX2
 62
     7
100
AcDbLine
 10
-1387.0398848045
 20
-34.6233403578
 30
0.0
 11
-1885.8277329086
 21
-34.6233403578
 31
0.0
  0
LINE
  5
A0
330
1F
100
AcDbEntity
  8
0
  6
CENTERX2
 62
     7
100
AcDbLine
 10
-1360.9654208809
 20
-34.6233403578
 30
0.0
 11
-1377.0156945721
 21
-34.6233403578
 31
0.0
  0
LINE
  5
A1
330
1F
100
AcDbEntity
  8
0
  6
CENTERX2
 62
     7
100
AcDbLine
 10
-1330.3305835735
 20
-34.6233403578
 30
0.0
 11
-1341.5971493352
 21
-34.6233403578
 31
0.0
  0
LINE
  5
A2
330
1F
100
AcDbEntity
  8
0
  6
CENTERX2
 62
     7
100
AcDbLine
 10
-1294.9120383366
 20
-34.6233403578
 30
0.0
 11
-1310.9623120277
 21
-34.6233403578
 31
0.0
  0
LINE
  5
A3
330
1F
100
AcDbEntity
  8
0
  6
CENTERX2
 62
     7
100
AcDbLine
 10
-65.11215189579999
 20
-34.6233403578
 30
0.0
 11
-1284.8878481042
 21
-34.6233403578
 31
0.0
  0
LINE
  5
A4
330
1F
100
AcDbEntity
  8
0
  6
CENTERX2
 62
     7
100
AcDbLine
 10
-39.0376879723
 20
-34.6233403578
 30
0.0
 11
-55.0879616634
 21
-34.6233403578
 31
0.0
  0
LINE
  5
A5
330
1F
100
AcDbEntity
  8
0
  6
CENTERX2
 62
     7
100
AcDbLine
 10
-8.4028506648
 20
-34.6233403578
 30
0.0
 11
-19.6694164265
 21
-34.6233403578
 31
0.0
  0
LINE
  5
A6
330
1F
100
AcDbEntity
  8
0
  6
CENTERX2
 62
     7
100
AcDbLine
 10
27.0156945721
 20
-34.6233403578
 30
0.0
 11
10.9654208809
 21
-34.6233403578
 31
0.0
  0
LINE
  5
A7
330
1F
100
AcDbEntity
  8
0
  6
CENTERX2
 62
     7
100
AcDbLine
 10
535.8277329085999
 20
-34.6233403578
 30
0.0
 11
37.0398848045
 21
-34.6233403578
 31
0.0
  0
LINE
  5
A8
330
1F
100
AcDbEntity
  8
0
  6
CENTERX2
 62
     7
100
AcDbLine
 10
0.5643171343
 20
-0.3744467859
 30
0.0
 11
-12.0361335457
 21
-0.3744467859
 31
0.0
  0
LINE
  5
A9
330
1F
100
AcDbEntity
  8
0
  6
CENTERX2
 62
     7
100
AcDbLine
 10
-1338.09815409
 20
-0.3744467859
 30
0.0
 11
-1350.5643171343
 21
-0.3744467859
 31
0.0
  0
SPLINE
  5
DA
330
1F
100
AcDbEntity
  8
0
  6
Continuous
 62
     7
370
    25
100
AcDbSpline
210
0.0
220
0.0
230
1.0
 70
     8
 71
     3
 72
    22
 73
    18
 74
     0
 42
0.000000001
 43
0.0000000001
 40
0.0
 40
0.0
 40
0.0
 40
0.0
 40
0.0666666666666821
 40
0.1333333333333186
 40
0.199999999999995
 40
0.2666666666666737
 40
0.333333333333345
 40
0.4000000000000177
 40
0.4666666666666826
 40
0.533333333333344
 40
0.6000000000000144
 40
0.666666666666678
 40
0.7333333333333439
 40
0.800000000000011
 40
0.866666666666677
 40
0.9333333333333317
 40
1.0
 40
1.0
 40
1.0
 40
1.0
 10
-1334.117817449729
 20
9.779762026023282
 30
0.0
 10
-1334.144130028094
 20
9.910757055241491
 30
0.0
 10
-1334.196755184824
 20
10.17274711367801
 30
0.0
 10
-1334.372730858144
 20
10.53589860734041
 30
0.0
 10
-1334.611877862729
 20
10.8585191783588
 30
0.0
 10
-1334.911847389617
 20
11.12672009116025
 30
0.0
 10
-1335.258743206196
 20
11.33007241253816
 30
0.0
 10
-1335.639240806823
 20
11.46038942680152
 30
0.0
 10
-1336.038019235966
 20
11.51249103413745
 30
0.0
 10
-1336.439207001931
 20
11.48429314225898
 30
0.0
 10
-1336.826776743607
 20
11.37692225061129
 30
0.0
 10
-1337.185304537667
 20
11.19466208168864
 30
0.0
 10
-1337.500344656918
 20
10.94478491700204
 30
0.0
 10
-1337.759848764075
 20
10.63726082842111
 30
0.0
 10
-1337.951516059579
 20
10.2843600343149
 30
0.0
 10
-1338.074963597604
 20
9.900163274431015
 30
0.0
 10
-1338.090423925867
 20
9.633387758143726
 30
0.0
 10
-1338.098154089999
 20
9.500000000000195
 30
0.0
  0
SPLINE
  5
1B4
330
1F
100
AcDbEntity
  8
0
  6
Continuous
 62
     7
370
    25
100
AcDbSpline
210
0.0
220
0.0
230
1.0
 70
     8
 71
     3
 72
     8
 73
     4
 74
     0
 42
0.000000001
 43
0.0000000001
 40
0.1720804417176653
 40
0.1720804417176653
 40
0.1720804417176653
 40
0.1720804417176653
 40
0.235766561585536
 40
0.235766561585536
 40
0.235766561585536
 40
0.235766561585536
 10
-15.75102822233698
 20
-11.27803702545752
 30
0.0
 10
-15.68251425953116
 20
-11.392405483129
 30
0.0
 10
-15.60230581120448
 20
-11.49989215062934
 30
0.0
 10
-15.51227268591215
 20
-11.59834280721384
 30
0.0
  0
SPLINE
  5
1B6
330
1F
100
AcDbEntity
  8
0
  6
Continuous
 62
     7
370
    25
100
AcDbSpline
210
0.0
220
0.0
230
1.0
 70
     8
 71
     3
 72
     8
 73
     4
 74
     0
 42
0.000000001
 43
0.0000000001
 40
0.7452555205285126
 40
0.7452555205285126
 40
0.7452555205285126
 40
0.7452555205285126
 40
0.8089416403963843
 40
0.8089416403963843
 40
0.8089416403963843
 40
0.8089416403963843
 10
-12.64319898078003
 20
-11.68407066823503
 30
0.0
 10
-12.54744160492915
 20
-11.59117045884505
 30
0.0
 10
-12.4609402393917
 20
-11.48866242970792
 30
0.0
 10
-12.38574500690437
 20
-11.37859161607582
 30
0.0
  0
SPLINE
  5
1B8
330
1F
100
AcDbEntity
  8
0
  6
Continuous
 62
     7
370
    25
100
AcDbSpline
210
0.0
220
0.0
230
1.0
 70
     8
 71
     3
 72
     8
 73
     4
 74
     0
 42
0.000000001
 43
0.0000000001
 40
0.872627760264257
 40
0.872627760264257
 40
0.872627760264257
 40
0.872627760264257
 40
0.9363138801321287
 40
0.9363138801321287
 40
0.9363138801321287
 40
0.9363138801321287
 10
-12.19414153569365
 20
-11.02803761191076
 30
0.0
 10
-12.14162239642613
 20
-10.90518801954114
 30
0.0
 10
-12.10047321733121
 20
-10.77712243294
 30
0.0
 10
-12.0760335456932
 20
-10.64639576056478
 30
0.0
  0
SPLINE
  5
1BB
330
1F
100
AcDbEntity
  8
0
  6
Continuous
 62
     7
370
    25
100
AcDbSpline
210
0.0
220
0.0
230
1.0
 70
     8
 71
     3
 72
    23
 73
    19
 74
     0
 42
0.000000001
 43
0.0000000001
 40
0.0
 40
0.0
 40
0.0
 40
0.0
 40
0.0447082019819212
 40
0.1083943218497931
 40
0.1720804417176649
 40
0.2357665615855369
 40
0.2994526814534086
 40
0.3631388013212808
 40
0.4268249211891528
 40
0.4905110410570244
 40
0.5541971609248967
 40
0.6178832807927684
 40
0.6815694006606402
 40
0.7452555205285121
 40
0.8089416403963843
 40
0.8726277602642561
 40
0.936313880132128
 40
1.0
 40
1.0
 40
1.0
 40
1.0
 10
-12.03613354569311
 20
9.499999999999996
 30
0.0
 10
-12.04002033411555
 20
9.593543754518716
 30
0.0
 10
-12.04944379058537
 20
9.820339093737244
 30
0.0
 10
-12.13908595167379
 20
10.17227450020962
 30
0.0
 10
-12.30954438352838
 20
10.53602524373761
 30
0.0
 10
-12.55016972850853
 20
10.85848524623862
 30
0.0
 10
-12.84974313528176
 20
11.1267291832446
 30
0.0
 10
-13.19674509192537
 20
11.33006997632141
 30
0.0
 10
-13.57721425240743
 20
11.46039007958396
 30
0.0
 10
-13.97600030206403
 20
11.51249085922493
 30
0.0
 10
-14.37718602611837
 20
11.48429318912662
 30
0.0
 10
-14.76475631492336
 20
11.37692223805314
 30
0.0
 10
-15.12328396238094
 20
11.1946620850536
 30
0.0
 10
-15.43832412091362
 20
10.94478491610041
 30
0.0
 10
-15.69782821754639
 20
10.63726082866257
 30
0.0
 10
-15.8894955158656
 20
10.2843600342501
 30
0.0
 10
-16.01294305315004
 20
9.900163274447299
 30
0.0
 10
-16.02840338151212
 20
9.633387758149099
 30
0.0
 10
-16.03613354569311
 20
9.499999999999996
 30
0.0
  0
LINE
  5
2BF
330
1F
100
AcDbEntity
  8
0
  6
Continuous
 62
     7
370
    25
100
AcDbLine
 10
-1420.1910379038
 20
34.4073304775
 30
0.0
 11
-1464.1836927499
 21
34.4073304775
 31
0.0
  0
LINE
  5
2C0
330
1F
100
AcDbEntity
  8
0
  6
Continuous
 62
     7
370
    25
100
AcDbLine
 10
-1467.0027706123
 20
32.4333909075
 30
0.0
 11
-1475.0101157661
 21
10.4333909075
 31
0.0
  0
LINE
  5
2C1
330
1F
100
AcDbEntity
  8
0
  6
Continuous
 62
     7
370
    25
100
AcDbLine
 10
-1472.1910379038
 20
6.4073304775
 30
0.0
 11
-1420.1910379038
 21
6.4073304775
 31
0.0
  0
LINE
  5
2C2
330
1F
100
AcDbEntity
  8
0
  6
Continuous
 62
     7
370
    25
100
AcDbLine
 10
-1417.1910379038
 20
9.4073304775
 30
0.0
 11
-1417.1910379038
 21
31.4073304775
 31
0.0
  0
LINE
  5
2C3
330
1F
100
AcDbEntity
  8
0
  6
Continuous
 62
     7
370
    25
100
AcDbLine
 10
-1481.2105371095
 20
34.4073304775
 30
0.0
 11
-1484.8254704747
 21
34.4073304775
 31
0.0
  0
LINE
  5
2C4
330
1F
100
AcDbEntity
  8
0
  6
Continuous
 62
     7
370
    25
100
AcDbLine
 10
-1487.644548337
 20
32.4333909075
 30
0.0
 11
-1495.6518934909
 21
10.4333909075
 31
0.0
  0
LINE
  5
2C5
330
1F
100
AcDbEntity
  8
0
  6
Continuous
 62
     7
370
    25
100
AcDbLine
 10
-1492.8328156285
 20
6.4073304775
 30
0.0
 11
-1489.2178822634
 21
6.4073304775
 31
0.0
  0
LINE
  5
2C6
330
1F
100
AcDbEntity
  8
0
  6
Continuous
 62
     7
370
    25
100
AcDbLine
 10
-1486.398804401
 20
8.381270047599999
 30
0.0
 11
-1478.3914592472
 21
30.3812700476
 31
0.0
  0
LINE
  5
2C7
330
1F
100
AcDbEntity
  8
0
  6
Continuous
 62
     7
370
    25
100
AcDbLine
 10
-1580.1910379038
 20
34.4073304775
 30
0.0
 11
-1624.1836927499
 21
34.4073304775
 31
0.0
  0
LINE
  5
2C8
330
1F
100
AcDbEntity
  8
0
  6
Continuous
 62
     7
370
    25
100
AcDbLine
 10
-1627.0027706123
 20
32.4333909075
 30
0.0
 11
-1635.0101157661
 21
10.4333909075
 31
0.0
  0
LINE
  5
2C9
330
1F
100
AcDbEntity
  8
0
  6
Continuous
 62
     7
370
    25
100
AcDbLine
 10
-1632.1910379038
 20
6.4073304775
 30
0.0
 11
-1580.1910379038
 21
6.4073304775
 31
0.0
  0
LINE
  5
2CA
330
1F
100
AcDbEntity
  8
0
  6
Continuous
 62
     7
370
    25
100
AcDbLine
 10
-1577.1910379038
 20
9.4073304775
 30
0.0
 11
-1577.1910379038
 21
31.4073304775
 31
0.0
  0
LINE
  5
2CB
330
1F
100
AcDbEntity
  8
0
  6
Continuous
 62
     7
370
    25
100
AcDbLine
 10
-1641.2105371095
 20
34.4073304775
 30
0.0
 11
-1644.8254704747
 21
34.4073304775
 31
0.0
  0
LINE
  5
2CC
330
1F
100
AcDbEntity
  8
0
  6
Continuous
 62
     7
370
    25
100
AcDbLine
 10
-1647.644548337
 20
32.4333909075
 30
0.0
 11
-1655.6518934909
 21
10.4333909075
 31
0.0
  0
LINE
  5
2CD
330
1F
100
AcDbEntity
  8
0
  6
Continuous
 62
     7
370
    25
100
AcDbLine
 10
-1652.8328156285
 20
6.4073304775
 30
0.0
 11
-1649.2178822634
 21
6.4073304775
 31
0.0
  0
LINE
  5
2CE
330
1F
100
AcDbEntity
  8
0
  6
Continuous
 62
     7
370
    25
100
AcDbLine
 10
-1646.398804401
 20
8.381270047599999
 30
0.0
 11
-1638.3914592472
 21
30.3812700476
 31
0.0
  0
LINE
  5
2CF
330
1F
100
AcDbEntity
  8
0
  6
Continuous
 62
     7
370
    25
100
AcDbLine
 10
-1740.1910379038
 20
34.4073304775
 30
0.0
 11
-1784.1836927499
 21
34.4073304775
 31
0.0
  0
LINE
  5
2D0
330
1F
100
AcDbEntity
  8
0
  6
Continuous
 62
     7
370
    25
100
AcDbLine
 10
-1787.0027706123
 20
32.4333909075
 30
0.0
 11
-1795.0101157661
 21
10.4333909075
 31
0.0
  0
LINE
  5
2D1
330
1F
100
AcDbEntity
  8
0
  6
Continuous
 62
     7
370
    25
100
AcDbLine
 10
-1792.1910379038
 20
6.4073304775
 30
0.0
 11
-1740.1910379038
 21
6.4073304775
 31
0.0
  0
LINE
  5
2D2
330
1F
100
AcDbEntity
  8
0
  6
Continuous
 62
     7
370
    25
100
AcDbLine
 10
-1737.1910379038
 20
9.4073304775
 30
0.0
 11
-1737.1910379038
 21
31.4073304775
 31
0.0
  0
LINE
  5
2D3
330
1F
100
AcDbEntity
  8
0
  6
Continuous
 62
     7
370
    25
100
AcDbLine
 10
-1801.2105371095
 20
34.4073304775
 30
0.0
 11
-1804.8254704747
 21
34.4073304775
 31
0.0
  0
LINE
  5
2D4
330
1F
100
AcDbEntity
  8
0
  6
Continuous
 62
     7
370
    25
100
AcDbLine
 10
-1807.644548337
 20
32.4333909075
 30
0.0
 11
-1815.6518934909
 21
10.4333909075
 31
0.0
  0
LINE
  5
2D5
330
1F
100
AcDbEntity
  8
0
  6
Continuous
 62
     7
370
    25
100
AcDbLine
 10
-1812.8328156285
 20
6.4073304775
 30
0.0
 11
-1809.2178822634
 21
6.4073304775
 31
0.0
  0
LINE
  5
2D6
330
1F
100
AcDbEntity
  8
0
  6
Continuous
 62
     7
370
    25
100
AcDbLine
 10
-1806.398804401
 20
8.381270047599999
 30
0.0
 11
-1798.3914592472
 21
30.3812700476
 31
0.0
  0
LINE
  5
2D7
330
1F
100
AcDbEntity
  8
0
  6
Continuous
 62
     7
370
    25
100
AcDbLine
 10
-1338.09815409
 20
9.5
 30
0.0
 11
-1338.09815409
 21
-1.3965172105
 31
0.0
  0
LINE
  5
2D8
330
1F
100
AcDbEntity
  8
0
  6
Continuous
 62
     7
370
    25
100
AcDbLine
 10
-1334.09815409
 20
-1.3965172105
 30
0.0
 11
-1338.09815409
 21
-1.3965172105
 31
0.0
  0
LINE
  5
2D9
330
1F
100
AcDbEntity
  8
0
  6
Continuous
 62
     7
370
    25
100
AcDbLine
 10
-1334.09815409
 20
9.5
 30
0.0
 11
-1334.09815409
 21
-1.3965172105
 31
0.0
  0
LINE
  5
2DA
330
1F
100
AcDbEntity
  8
0
  6
Continuous
 62
     7
370
    25
100
AcDbLine
 10
-1334.09815409
 20
9.5
 30
0.0
 11
-1334.1178174497
 21
9.779762026
 31
0.0
  0
LINE
  5
2DB
330
1F
100
AcDbEntity
  8
0
  6
Continuous
 62
     7
370
    25
100
AcDbLine
 10
-1333.9638664543
 20
-12.7488935719
 30
0.0
 11
-1333.9638664543
 21
-1.7488935719
 31
0.0
  0
LINE
  5
2DC
330
1F
100
AcDbEntity
  8
0
  6
Continuous
 62
     7
370
    25
100
AcDbLine
 10
-1337.9638664543
 20
-1.7488935719
 30
0.0
 11
-1333.9638664543
 21
-1.7488935719
 31
0.0
  0
LINE
  5
2DD
330
1F
100
AcDbEntity
  8
0
  6
Continuous
 62
     7
370
    25
100
AcDbLine
 10
-1337.9638664543
 20
-12.7488935719
 30
0.0
 11
-1337.9638664543
 21
-1.7488935719
 31
0.0
  0
LINE
  5
2DE
330
1F
100
AcDbEntity
  8
0
  6
Continuous
 62
     7
370
    25
100
AcDbLine
 10
67.1910379038
 20
9.4073304775
 30
0.0
 11
67.1910379038
 21
31.4073304775
 31
0.0
  0
LINE
  5
2DF
330
1F
100
AcDbEntity
  8
0
  6
Continuous
 62
     7
370
    25
100
AcDbLine
 10
70.19103790379999
 20
6.4073304775
 30
0.0
 11
122.1910379038
 21
6.4073304775
 31
0.0
  0
LINE
  5
2E0
330
1F
100
AcDbEntity
  8
0
  6
Continuous
 62
     7
370
    25
100
AcDbLine
 10
125.0101157661
 20
10.4333909075
 30
0.0
 11
117.0027706123
 21
32.4333909075
 31
0.0
  0
LINE
  5
2E1
330
1F
100
AcDbEntity
  8
0
  6
Continuous
 62
     7
370
    25
100
AcDbLine
 10
70.19103790379999
 20
34.4073304775
 30
0.0
 11
114.1836927499
 21
34.4073304775
 31
0.0
  0
LINE
  5
2E2
330
1F
100
AcDbEntity
  8
0
  6
Continuous
 62
     7
370
    25
100
AcDbLine
 10
227.1910379038
 20
9.4073304775
 30
0.0
 11
227.1910379038
 21
31.4073304775
 31
0.0
  0
LINE
  5
2E3
330
1F
100
AcDbEntity
  8
0
  6
Continuous
 62
     7
370
    25
100
AcDbLine
 10
230.1910379038
 20
6.4073304775
 30
0.0
 11
282.1910379038
 21
6.4073304775
 31
0.0
  0
LINE
  5
2E4
330
1F
100
AcDbEntity
  8
0
  6
Continuous
 62
     7
370
    25
100
AcDbLine
 10
285.0101157661
 20
10.4333909075
 30
0.0
 11
277.0027706123
 21
32.4333909075
 31
0.0
  0
LINE
  5
2E5
330
1F
100
AcDbEntity
  8
0
  6
Continuous
 62
     7
370
    25
100
AcDbLine
 10
230.1910379038
 20
34.4073304775
 30
0.0
 11
274.1836927499
 21
34.4073304775
 31
0.0
  0
LINE
  5
2E6
330
1F
100
AcDbEntity
  8
0
  6
Continuous
 62
     7
370
    25
100
AcDbLine
 10
387.1910379037999
 20
9.4073304775
 30
0.0
 11
387.1910379037999
 21
31.4073304775
 31
0.0
  0
LINE
  5
2E7
330
1F
100
AcDbEntity
  8
0
  6
Continuous
 62
     7
370
    25
100
AcDbLine
 10
390.1910379038
 20
6.4073304775
 30
0.0
 11
442.1910379037999
 21
6.4073304775
 31
0.0
  0
LINE
  5
2E8
330
1F
100
AcDbEntity
  8
0
  6
Continuous
 62
     7
370
    25
100
AcDbLine
 10
445.0101157660999
 20
10.4333909075
 30
0.0
 11
437.0027706123
 21
32.4333909075
 31
0.0
  0
LINE
  5
2E9
330
1F
100
AcDbEntity
  8
0
  6
Continuous
 62
     7
370
    25
100
AcDbLine
 10
390.1910379038
 20
34.4073304775
 30
0.0
 11
434.1836927499
 21
34.4073304775
 31
0.0
  0
LINE
  5
2EA
330
1F
100
AcDbEntity
  8
0
  6
Continuous
 62
     7
370
    25
100
AcDbLine
 10
465.6518934909
 20
10.4333909075
 30
0.0
 11
457.6445483369999
 21
32.4333909075
 31
0.0
  0
LINE
  5
2EB
330
1F
100
AcDbEntity
  8
0
  6
Continuous
 62
     7
370
    25
100
AcDbLine
 10
454.8254704747
 20
34.4073304775
 30
0.0
 11
451.2105371095
 21
34.4073304775
 31
0.0
  0
LINE
  5
2EC
330
1F
100
AcDbEntity
  8
0
  6
Continuous
 62
     7
370
    25
100
AcDbLine
 10
448.3914592472
 20
30.3812700476
 30
0.0
 11
456.398804401
 21
8.381270047599999
 31
0.0
  0
LINE
  5
2ED
330
1F
100
AcDbEntity
  8
0
  6
Continuous
 62
     7
370
    25
100
AcDbLine
 10
459.2178822633999
 20
6.4073304775
 30
0.0
 11
462.8328156284999
 21
6.4073304775
 31
0.0
  0
LINE
  5
2EE
330
1F
100
AcDbEntity
  8
0
  6
Continuous
 62
     7
370
    25
100
AcDbLine
 10
305.6518934909
 20
10.4333909075
 30
0.0
 11
297.644548337
 21
32.4333909075
 31
0.0
  0
LINE
  5
2EF
330
1F
100
AcDbEntity
  8
0
  6
Continuous
 62
     7
370
    25
100
AcDbLine
 10
294.8254704747
 20
34.4073304775
 30
0.0
 11
291.2105371095
 21
34.4073304775
 31
0.0
  0
LINE
  5
2F0
330
1F
100
AcDbEntity
  8
0
  6
Continuous
 62
     7
370
    25
100
AcDbLine
 10
288.3914592472
 20
30.3812700476
 30
0.0
 11
296.398804401
 21
8.381270047599999
 31
0.0
  0
LINE
  5
2F1
330
1F
100
AcDbEntity
  8
0
  6
Continuous
 62
     7
370
    25
100
AcDbLine
 10
299.2178822634
 20
6.4073304775
 30
0.0
 11
302.8328156285
 21
6.4073304775
 31
0.0
  0
LINE
  5
2F2
330
1F
100
AcDbEntity
  8
0
  6
Continuous
 62
     7
370
    25
100
AcDbLine
 10
145.6518934909
 20
10.4333909075
 30
0.0
 11
137.644548337
 21
32.4333909075
 31
0.0
  0
LINE
  5
2F3
330
1F
100
AcDbEntity
  8
0
  6
Continuous
 62
     7
370
    25
100
AcDbLine
 10
134.8254704747
 20
34.4073304775
 30
0.0
 11
131.2105371095
 21
34.4073304775
 31
0.0
  0
LINE
  5
2F4
330
1F
100
AcDbEntity
  8
0
  6
Continuous
 62
     7
370
    25
100
AcDbLine
 10
128.3914592472
 20
30.3812700476
 30
0.0
 11
136.398804401
 21
8.381270047599999
 31
0.0
  0
LINE
  5
2F5
330
1F
100
AcDbEntity
  8
0
  6
Continuous
 62
     7
370
    25
100
AcDbLine
 10
139.2178822634
 20
6.4073304775
 30
0.0
 11
142.8328156285
 21
6.4073304775
 31
0.0
  0
LINE
  5
2F6
330
1F
100
AcDbEntity
  8
0
  6
Continuous
 62
     7
370
    25
100
AcDbLine
 10
478.7277329085999
 20
22.9073304775
 30
0.0
 11
480.7277329086
 21
22.9073304775
 31
0.0
  0
LINE
  5
2F7
330
1F
100
AcDbEntity
  8
0
  6
Continuous
 62
     7
370
    25
100
AcDbLine
 10
478.7277329085999
 20
17.9073304775
 30
0.0
 11
480.7277329086
 21
17.9073304775
 31
0.0
  0
LINE
  5
2F8
330
1F
100
AcDbEntity
  8
0
  6
Continuous
 62
     7
370
    25
100
AcDbLine
 10
-1165.0
 20
53.3807551697
 30
0.0
 11
-1165.0
 21
49.3807551697
 31
0.0
  0
LINE
  5
2F9
330
1F
100
AcDbEntity
  8
0
  6
Continuous
 62
     7
370
    25
100
AcDbLine
 10
-1162.0
 20
46.3807551697
 30
0.0
 11
-1128.0
 21
46.3807551697
 31
0.0
  0
LINE
  5
2FA
330
1F
100
AcDbEntity
  8
0
  6
Continuous
 62
     7
370
    25
100
AcDbLine
 10
-1125.0
 20
53.3807551697
 30
0.0
 11
-1125.0
 21
49.3807551697
 31
0.0
  0
LINE
  5
2FB
330
1F
100
AcDbEntity
  8
0
  6
Continuous
 62
     7
370
    25
100
AcDbLine
 10
-1162.0
 20
56.3807551697
 30
0.0
 11
-1128.0
 21
56.3807551697
 31
0.0
  0
LINE
  5
2FC
330
1F
100
AcDbEntity
  8
0
  6
Continuous
 62
     7
370
    25
100
AcDbLine
 10
-930.0
 20
53.3807551697
 30
0.0
 11
-930.0
 21
49.3807551697
 31
0.0
  0
LINE
  5
2FD
330
1F
100
AcDbEntity
  8
0
  6
Continuous
 62
     7
370
    25
100
AcDbLine
 10
-927.0
 20
46.3807551697
 30
0.0
 11
-893.0
 21
46.3807551697
 31
0.0
  0
LINE
  5
2FE
330
1F
100
AcDbEntity
  8
0
  6
Continuous
 62
     7
370
    25
100
AcDbLine
 10
-890.0
 20
53.3807551697
 30
0.0
 11
-890.0
 21
49.3807551697
 31
0.0
  0
LINE
  5
2FF
330
1F
100
AcDbEntity
  8
0
  6
Continuous
 62
     7
370
    25
100
AcDbLine
 10
-927.0
 20
56.3807551697
 30
0.0
 11
-893.0
 21
56.3807551697
 31
0.0
  0
LINE
  5
300
330
1F
100
AcDbEntity
  8
0
  6
Continuous
 62
     7
370
    25
100
AcDbLine
 10
-695.0
 20
53.3807551697
 30
0.0
 11
-695.0
 21
49.3807551697
 31
0.0
  0
LINE
  5
301
330
1F
100
AcDbEntity
  8
0
  6
Continuous
 62
     7
370
    25
100
AcDbLine
 10
-692.0
 20
46.3807551697
 30
0.0
 11
-658.0
 21
46.3807551697
 31
0.0
  0
LINE
  5
302
330
1F
100
AcDbEntity
  8
0
  6
Continuous
 62
     7
370
    25
100
AcDbLine
 10
-655.0
 20
53.3807551697
 30
0.0
 11
-655.0
 21
49.3807551697
 31
0.0
  0
LINE
  5
303
330
1F
100
AcDbEntity
  8
0
  6
Continuous
 62
     7
370
    25
100
AcDbLine
 10
-692.0
 20
56.3807551697
 30
0.0
 11
-658.0
 21
56.3807551697
 31
0.0
  0
LINE
  5
304
330
1F
100
AcDbEntity
  8
0
  6
Continuous
 62
     7
370
    25
100
AcDbLine
 10
-460.0
 20
53.3807551697
 30
0.0
 11
-460.0
 21
49.3807551697
 31
0.0
  0
LINE
  5
305
330
1F
100
AcDbEntity
  8
0
  6
Continuous
 62
     7
370
    25
100
AcDbLine
 10
-457.0
 20
46.3807551697
 30
0.0
 11
-423.0
 21
46.3807551697
 31
0.0
  0
LINE
  5
306
330
1F
100
AcDbEntity
  8
0
  6
Continuous
 62
     7
370
    25
100
AcDbLine
 10
-420.0
 20
53.3807551697
 30
0.0
 11
-420.0
 21
49.3807551697
 31
0.0
  0
LINE
  5
307
330
1F
100
AcDbEntity
  8
0
  6
Continuous
 62
     7
370
    25
100
AcDbLine
 10
-457.0
 20
56.3807551697
 30
0.0
 11
-423.0
 21
56.3807551697
 31
0.0
  0
LINE
  5
308
330
1F
100
AcDbEntity
  8
0
  6
Continuous
 62
     7
370
    25
100
AcDbLine
 10
-225.0
 20
53.3807551697
 30
0.0
 11
-225.0
 21
49.3807551697
 31
0.0
  0
LINE
  5
309
330
1F
100
AcDbEntity
  8
0
  6
Continuous
 62
     7
370
    25
100
AcDbLine
 10
-222.0
 20
46.3807551697
 30
0.0
 11
-188.0
 21
46.3807551697
 31
0.0
  0
LINE
  5
30A
330
1F
100
AcDbEntity
  8
0
  6
Continuous
 62
     7
370
    25
100
AcDbLine
 10
-185.0
 20
53.3807551697
 30
0.0
 11
-185.0
 21
49.3807551697
 31
0.0
  0
LINE
  5
30B
330
1F
100
AcDbEntity
  8
0
  6
Continuous
 62
     7
370
    25
100
AcDbLine
 10
-222.0
 20
56.3807551697
 30
0.0
 11
-188.0
 21
56.3807551697
 31
0.0
  0
LINE
  5
30C
330
1F
100
AcDbEntity
  8
0
  6
Continuous
 62
     7
370
    25
100
AcDbLine
 10
-783.0218751084999
 20
34.53
 30
0.0
 11
-827.0145299546001
 21
34.53
 31
0.0
  0
LINE
  5
30D
330
1F
100
AcDbEntity
  8
0
  6
Continuous
 62
     7
370
    25
100
AcDbLine
 10
-830.0145299546
 20
31.53
 30
0.0
 11
-830.0145299546
 21
9.529999999999999
 31
0.0
  0
LINE
  5
30E
330
1F
100
AcDbEntity
  8
0
  6
Continuous
 62
     7
370
    25
100
AcDbLine
 10
-827.0145299546001
 20
6.53
 30
0.0
 11
-775.0145299546001
 21
6.53
 31
0.0
  0
LINE
  5
30F
330
1F
100
AcDbEntity
  8
0
  6
Continuous
 62
     7
370
    25
100
AcDbLine
 10
-772.1954520923
 20
10.55606043
 30
0.0
 11
-780.2027972460999
 21
32.55606043
 31
0.0
  0
LINE
  5
310
330
1F
100
AcDbEntity
  8
0
  6
Continuous
 62
     7
370
    25
100
AcDbLine
 10
-986.6005751201999
 20
10.55606043
 30
0.0
 11
-994.6079202741
 21
32.55606043
 31
0.0
  0
LINE
  5
311
330
1F
100
AcDbEntity
  8
0
  6
Continuous
 62
     7
370
    25
100
AcDbLine
 10
-997.4269981364001
 20
34.53
 30
0.0
 11
-1000.9950307489
 21
34.53
 31
0.0
  0
LINE
  5
312
330
1F
100
AcDbEntity
  8
0
  6
Continuous
 62
     7
370
    25
100
AcDbLine
 10
-1003.8141086112
 20
30.50393957
 30
0.0
 11
-995.8067634574
 21
8.50393957
 31
0.0
  0
LINE
  5
313
330
1F
100
AcDbEntity
  8
0
  6
Continuous
 62
     7
370
    25
100
AcDbLine
 10
-992.987685595
 20
6.53
 30
0.0
 11
-989.4196529825999
 21
6.53
 31
0.0
  0
LINE
  5
314
330
1F
100
AcDbEntity
  8
0
  6
Continuous
 62
     7
370
    25
100
AcDbLine
 10
-1222.9064444597
 20
34.53
 30
0.0
 11
-1266.8990993059
 21
34.53
 31
0.0
  0
LINE
  5
315
330
1F
100
AcDbEntity
  8
0
  6
Continuous
 62
     7
370
    25
100
AcDbLine
 10
-1269.8990993059
 20
31.53
 30
0.0
 11
-1269.8990993059
 21
9.529999999999999
 31
0.0
  0
LINE
  5
316
330
1F
100
AcDbEntity
  8
0
  6
Continuous
 62
     7
370
    25
100
AcDbLine
 10
-1266.8990993059
 20
6.53
 30
0.0
 11
-1214.8990993059
 21
6.53
 31
0.0
  0
LINE
  5
317
330
1F
100
AcDbEntity
  8
0
  6
Continuous
 62
     7
370
    25
100
AcDbLine
 10
-1212.0800214435
 20
10.55606043
 30
0.0
 11
-1220.0873665974
 21
32.55606043
 31
0.0
  0
LINE
  5
318
330
1F
100
AcDbEntity
  8
0
  6
Continuous
 62
     7
370
    25
100
AcDbLine
 10
-1191.4851444715
 20
10.55606043
 30
0.0
 11
-1199.4924896253
 21
32.55606043
 31
0.0
  0
LINE
  5
319
330
1F
100
AcDbEntity
  8
0
  6
Continuous
 62
     7
370
    25
100
AcDbLine
 10
-1202.3115674877
 20
34.53
 30
0.0
 11
-1205.8796001001
 21
34.53
 31
0.0
  0
LINE
  5
31A
330
1F
100
AcDbEntity
  8
0
  6
Continuous
 62
     7
370
    25
100
AcDbLine
 10
-1208.6986779625
 20
30.50393957
 30
0.0
 11
-1200.6913328086
 21
8.50393957
 31
0.0
  0
LINE
  5
31B
330
1F
100
AcDbEntity
  8
0
  6
Continuous
 62
     7
370
    25
100
AcDbLine
 10
-1197.8722549463
 20
6.53
 30
0.0
 11
-1194.3042223338
 21
6.53
 31
0.0
  0
LINE
  5
31C
330
1F
100
AcDbEntity
  8
0
  6
Continuous
 62
     7
370
    25
100
AcDbLine
 10
-751.6005751201999
 20
10.55606043
 30
0.0
 11
-759.6079202741
 21
32.55606043
 31
0.0
  0
LINE
  5
31D
330
1F
100
AcDbEntity
  8
0
  6
Continuous
 62
     7
370
    25
100
AcDbLine
 10
-762.4269981364
 20
34.53
 30
0.0
 11
-765.9950307489
 21
34.53
 31
0.0
  0
LINE
  5
31E
330
1F
100
AcDbEntity
  8
0
  6
Continuous
 62
     7
370
    25
100
AcDbLine
 10
-768.8141086111999
 20
30.50393957
 30
0.0
 11
-760.8067634574
 21
8.50393957
 31
0.0
  0
LINE
  5
31F
330
1F
100
AcDbEntity
  8
0
  6
Continuous
 62
     7
370
    25
100
AcDbLine
 10
-757.987685595
 20
6.53
 30
0.0
 11
-754.4196529825999
 21
6.53
 31
0.0
  0
LINE
  5
320
330
1F
100
AcDbEntity
  8
0
  6
Continuous
 62
     7
370
    25
100
AcDbLine
 10
-548.0218751085
 20
34.53
 30
0.0
 11
-592.0145299546
 21
34.53
 31
0.0
  0
LINE
  5
321
330
1F
100
AcDbEntity
  8
0
  6
Continuous
 62
     7
370
    25
100
AcDbLine
 10
-595.0145299546
 20
31.53
 30
0.0
 11
-595.0145299546
 21
9.529999999999999
 31
0.0
  0
LINE
  5
322
330
1F
100
AcDbEntity
  8
0
  6
Continuous
 62
     7
370
    25
100
AcDbLine
 10
-592.0145299546
 20
6.53
 30
0.0
 11
-540.0145299545999
 21
6.53
 31
0.0
  0
LINE
  5
323
330
1F
100
AcDbEntity
  8
0
  6
Continuous
 62
     7
370
    25
100
AcDbLine
 10
-537.1954520923
 20
10.55606043
 30
0.0
 11
-545.2027972460999
 21
32.55606043
 31
0.0
  0
LINE
  5
324
330
1F
100
AcDbEntity
  8
0
  6
Continuous
 62
     7
370
    25
100
AcDbLine
 10
-516.6005751202
 20
10.55606043
 30
0.0
 11
-524.6079202740999
 21
32.55606043
 31
0.0
  0
LINE
  5
325
330
1F
100
AcDbEntity
  8
0
  6
Continuous
 62
     7
370
    25
100
AcDbLine
 10
-527.4269981364
 20
34.53
 30
0.0
 11
-530.9950307489
 21
34.53
 31
0.0
  0
LINE
  5
326
330
1F
100
AcDbEntity
  8
0
  6
Continuous
 62
     7
370
    25
100
AcDbLine
 10
-533.8141086112
 20
30.50393957
 30
0.0
 11
-525.8067634573999
 21
8.50393957
 31
0.0
  0
LINE
  5
327
330
1F
100
AcDbEntity
  8
0
  6
Continuous
 62
     7
370
    25
100
AcDbLine
 10
-522.987685595
 20
6.53
 30
0.0
 11
-519.4196529826
 21
6.53
 31
0.0
  0
LINE
  5
328
330
1F
100
AcDbEntity
  8
0
  6
Continuous
 62
     7
370
    25
100
AcDbLine
 10
-313.0218751085
 20
34.53
 30
0.0
 11
-357.0145299546
 21
34.53
 31
0.0
  0
LINE
  5
329
330
1F
100
AcDbEntity
  8
0
  6
Continuous
 62
     7
370
    25
100
AcDbLine
 10
-360.0145299546
 20
31.53
 30
0.0
 11
-360.0145299546
 21
9.529999999999999
 31
0.0
  0
LINE
  5
32A
330
1F
100
AcDbEntity
  8
0
  6
Continuous
 62
     7
370
    25
100
AcDbLine
 10
-357.0145299546
 20
6.53
 30
0.0
 11
-305.0145299546
 21
6.53
 31
0.0
  0
LINE
  5
32B
330
1F
100
AcDbEntity
  8
0
  6
Continuous
 62
     7
370
    25
100
AcDbLine
 10
-302.1954520923
 20
10.55606043
 30
0.0
 11
-310.2027972461
 21
32.55606043
 31
0.0
  0
LINE
  5
32C
330
1F
100
AcDbEntity
  8
0
  6
Continuous
 62
     7
370
    25
100
AcDbLine
 10
-1018.0218751085
 20
34.53
 30
0.0
 11
-1062.0145299546
 21
34.53
 31
0.0
  0
LINE
  5
32D
330
1F
100
AcDbEntity
  8
0
  6
Continuous
 62
     7
370
    25
100
AcDbLine
 10
-1065.0145299546
 20
31.53
 30
0.0
 11
-1065.0145299546
 21
9.529999999999999
 31
0.0
  0
LINE
  5
32E
330
1F
100
AcDbEntity
  8
0
  6
Continuous
 62
     7
370
    25
100
AcDbLine
 10
-1062.0145299546
 20
6.53
 30
0.0
 11
-1010.0145299546
 21
6.53
 31
0.0
  0
LINE
  5
32F
330
1F
100
AcDbEntity
  8
0
  6
Continuous
 62
     7
370
    25
100
AcDbLine
 10
-1007.1954520923
 20
10.55606043
 30
0.0
 11
-1015.2027972461
 21
32.55606043
 31
0.0
  0
LINE
  5
330
330
1F
100
AcDbEntity
  8
0
  6
Continuous
 62
     7
370
    25
100
AcDbLine
 10
-76.5484494666
 20
10.55606043
 30
0.0
 11
-84.5557946205
 21
32.55606043
 31
0.0
  0
LINE
  5
331
330
1F
100
AcDbEntity
  8
0
  6
Continuous
 62
     7
370
    25
100
AcDbLine
 10
-87.37487248289999
 20
34.53
 30
0.0
 11
-90.94290509530001
 21
34.53
 31
0.0
  0
LINE
  5
332
330
1F
100
AcDbEntity
  8
0
  6
Continuous
 62
     7
370
    25
100
AcDbLine
 10
-93.7619829577
 20
30.50393957
 30
0.0
 11
-85.75463780379999
 21
8.50393957
 31
0.0
  0
LINE
  5
333
330
1F
100
AcDbEntity
  8
0
  6
Continuous
 62
     7
370
    25
100
AcDbLine
 10
-82.9355599414
 20
6.53
 30
0.0
 11
-79.367527329
 21
6.53
 31
0.0
  0
LINE
  5
334
330
1F
100
AcDbEntity
  8
0
  6
Continuous
 62
     7
370
    25
100
AcDbLine
 10
-107.9697494549
 20
34.53
 30
0.0
 11
-151.9624043011
 21
34.53
 31
0.0
  0
LINE
  5
335
330
1F
100
AcDbEntity
  8
0
  6
Continuous
 62
     7
370
    25
100
AcDbLine
 10
-154.9624043011
 20
31.53
 30
0.0
 11
-154.9624043011
 21
9.529999999999999
 31
0.0
  0
LINE
  5
336
330
1F
100
AcDbEntity
  8
0
  6
Continuous
 62
     7
370
    25
100
AcDbLine
 10
-151.9624043011
 20
6.53
 30
0.0
 11
-99.96240430110001
 21
6.53
 31
0.0
  0
LINE
  5
337
330
1F
100
AcDbEntity
  8
0
  6
Continuous
 62
     7
370
    25
100
AcDbLine
 10
-97.14332643870001
 20
10.55606043
 30
0.0
 11
-105.1506715926
 21
32.55606043
 31
0.0
  0
LINE
  5
338
330
1F
100
AcDbEntity
  8
0
  6
Continuous
 62
     7
370
    25
100
AcDbLine
 10
-281.6005751202
 20
10.55606043
 30
0.0
 11
-289.6079202741
 21
32.55606043
 31
0.0
  0
LINE
  5
339
330
1F
100
AcDbEntity
  8
0
  6
Continuous
 62
     7
370
    25
100
AcDbLine
 10
-292.4269981364
 20
34.53
 30
0.0
 11
-295.9950307489
 21
34.53
 31
0.0
  0
LINE
  5
33A
330
1F
100
AcDbEntity
  8
0
  6
Continuous
 62
     7
370
    25
100
AcDbLine
 10
-298.8141086112
 20
30.50393957
 30
0.0
 11
-290.8067634574
 21
8.50393957
 31
0.0
  0
LINE
  5
33B
330
1F
100
AcDbEntity
  8
0
  6
Continuous
 62
     7
370
    25
100
AcDbLine
 10
-287.987685595
 20
6.53
 30
0.0
 11
-284.4196529826
 21
6.53
 31
0.0
  0
LINE
  5
33C
330
1F
100
AcDbEntity
  8
0
  6
Continuous
 62
     7
370
    25
100
AcDbLine
 10
-644.7499999999999
 20
31.6812843992
 30
0.0
 11
-646.75
 21
31.6812843992
 31
0.0
  0
LINE
  5
33D
330
1F
100
AcDbEntity
  8
0
  6
Continuous
 62
     7
370
    25
100
AcDbLine
 10
-646.75
 20
31.6812843992
 30
0.0
 11
-646.75
 21
21.2812843992
 31
0.0
  0
LINE
  5
33E
330
1F
100
AcDbEntity
  8
0
  6
Continuous
 62
     7
370
    25
100
AcDbLine
 10
-646.75
 20
21.2812843992
 30
0.0
 11
-644.7499999999999
 21
21.2812843992
 31
0.0
  0
LINE
  5
33F
330
1F
100
AcDbEntity
  8
0
  6
Continuous
 62
     7
370
    25
100
AcDbLine
 10
-644.7499999999999
 20
21.2812843992
 30
0.0
 11
-644.7499999999999
 21
31.6812843992
 31
0.0
  0
LINE
  5
340
330
1F
100
AcDbEntity
  8
0
  6
Continuous
 62
     7
370
    25
100
AcDbLine
 10
-409.75
 20
31.6812843992
 30
0.0
 11
-411.7499999999999
 21
31.6812843992
 31
0.0
  0
LINE
  5
341
330
1F
100
AcDbEntity
  8
0
  6
Continuous
 62
     7
370
    25
100
AcDbLine
 10
-411.7499999999999
 20
31.6812843992
 30
0.0
 11
-411.7499999999999
 21
21.2812843992
 31
0.0
  0
LINE
  5
342
330
1F
100
AcDbEntity
  8
0
  6
Continuous
 62
     7
370
    25
100
AcDbLine
 10
-411.7499999999999
 20
21.2812843992
 30
0.0
 11
-409.75
 21
21.2812843992
 31
0.0
  0
LINE
  5
343
330
1F
100
AcDbEntity
  8
0
  6
Continuous
 62
     7
370
    25
100
AcDbLine
 10
-409.75
 20
21.2812843992
 30
0.0
 11
-409.75
 21
31.6812843992
 31
0.0
  0
LINE
  5
344
330
1F
100
AcDbEntity
  8
0
  6
Continuous
 62
     7
370
    25
100
AcDbLine
 10
-174.75
 20
31.6812843992
 30
0.0
 11
-176.75
 21
31.6812843992
 31
0.0
  0
LINE
  5
345
330
1F
100
AcDbEntity
  8
0
  6
Continuous
 62
     7
370
    25
100
AcDbLine
 10
-176.75
 20
31.6812843992
 30
0.0
 11
-176.75
 21
21.2812843992
 31
0.0
  0
LINE
  5
346
330
1F
100
AcDbEntity
  8
0
  6
Continuous
 62
     7
370
    25
100
AcDbLine
 10
-176.75
 20
21.2812843992
 30
0.0
 11
-174.75
 21
21.2812843992
 31
0.0
  0
LINE
  5
347
330
1F
100
AcDbEntity
  8
0
  6
Continuous
 62
     7
370
    25
100
AcDbLine
 10
-174.75
 20
21.2812843992
 30
0.0
 11
-174.75
 21
31.6812843992
 31
0.0
  0
LINE
  5
348
330
1F
100
AcDbEntity
  8
0
  6
Continuous
 62
     7
370
    25
100
AcDbLine
 10
-879.7499999999999
 20
31.6812843992
 30
0.0
 11
-881.75
 21
31.6812843992
 31
0.0
  0
LINE
  5
349
330
1F
100
AcDbEntity
  8
0
  6
Continuous
 62
     7
370
    25
100
AcDbLine
 10
-881.75
 20
31.6812843992
 30
0.0
 11
-881.75
 21
21.2812843992
 31
0.0
  0
LINE
  5
34A
330
1F
100
AcDbEntity
  8
0
  6
Continuous
 62
     7
370
    25
100
AcDbLine
 10
-881.75
 20
21.2812843992
 30
0.0
 11
-879.7499999999999
 21
21.2812843992
 31
0.0
  0
LINE
  5
34B
330
1F
100
AcDbEntity
  8
0
  6
Continuous
 62
     7
370
    25
100
AcDbLine
 10
-879.7499999999999
 20
21.2812843992
 30
0.0
 11
-879.7499999999999
 21
31.6812843992
 31
0.0
  0
LINE
  5
34C
330
1F
100
AcDbEntity
  8
0
  6
Continuous
 62
     7
370
    25
100
AcDbLine
 10
-1114.75
 20
31.6812843992
 30
0.0
 11
-1116.75
 21
31.6812843992
 31
0.0
  0
LINE
  5
34D
330
1F
100
AcDbEntity
  8
0
  6
Continuous
 62
     7
370
    25
100
AcDbLine
 10
-1116.75
 20
31.6812843992
 30
0.0
 11
-1116.75
 21
21.2812843992
 31
0.0
  0
LINE
  5
34E
330
1F
100
AcDbEntity
  8
0
  6
Continuous
 62
     7
370
    25
100
AcDbLine
 10
-1116.75
 20
21.2812843992
 30
0.0
 11
-1114.75
 21
21.2812843992
 31
0.0
  0
LINE
  5
34F
330
1F
100
AcDbEntity
  8
0
  6
Continuous
 62
     7
370
    25
100
AcDbLine
 10
-1114.75
 20
21.2812843992
 30
0.0
 11
-1114.75
 21
31.6812843992
 31
0.0
  0
LINE
  5
350
330
1F
100
AcDbEntity
  8
0
  6
Continuous
 62
     7
370
    25
100
AcDbLine
 10
-12.0361335457
 20
-10.2488935719
 30
0.0
 11
-12.0361335457
 21
9.5
 31
0.0
  0
LINE
  5
351
330
1F
100
AcDbEntity
  8
0
  6
Continuous
 62
     7
370
    25
100
AcDbLine
 10
-16.0361335457
 20
-10.2488935719
 30
0.0
 11
-16.0361335457
 21
9.5
 31
0.0
  0
LINE
  5
352
330
1F
100
AcDbEntity
  8
0
  6
Continuous
 62
     7
370
    25
100
AcDbLine
 10
-28.8954032708
 20
0.0
 30
0.0
 11
-28.8954032708
 21
1.0
 31
0.0
  0
LINE
  5
353
330
1F
100
AcDbEntity
  8
0
  6
Continuous
 62
     7
370
    25
100
AcDbLine
 10
-29.8117011281
 20
0.0
 30
0.0
 11
-28.8954032708
 21
0.0
 31
0.0
  0
LINE
  5
354
330
1F
100
AcDbEntity
  8
0
  6
Continuous
 62
     7
370
    25
100
AcDbLine
 10
-29.8117011281
 20
1.0
 30
0.0
 11
-29.8117011281
 21
0.0
 31
0.0
  0
LINE
  5
355
330
1F
100
AcDbEntity
  8
0
  6
Continuous
 62
     7
370
    25
100
AcDbLine
 10
-30.3293392183
 20
-1.7488935719
 30
0.0
 11
-29.8117011281
 21
1.0
 31
0.0
  0
LINE
  5
356
330
1F
100
AcDbEntity
  8
0
  6
Continuous
 62
     7
370
    25
100
AcDbLine
 10
-30.3293392183
 20
-1.7488935719
 30
0.0
 11
-38.5687768855
 21
-32.4988935719
 31
0.0
  0
LINE
  5
357
330
1F
100
AcDbEntity
  8
0
  6
Continuous
 62
     7
370
    25
100
AcDbLine
 10
-39.0376879723
 20
-32.4988935719
 30
0.0
 11
-38.5687768855
 21
-32.4988935719
 31
0.0
  0
LINE
  5
358
330
1F
100
AcDbEntity
  8
0
  6
Continuous
 62
     7
370
    25
100
AcDbLine
 10
-39.0376879723
 20
-32.4988935719
 30
0.0
 11
-39.0376879723
 21
-48.49778714380001
 31
0.0
  0
LINE
  5
359
330
1F
100
AcDbEntity
  8
0
  6
Continuous
 62
     7
370
    25
100
AcDbLine
 10
-39.0376879723
 20
-48.49778714380001
 30
0.0
 11
-55.0879616634
 21
-48.49778714380001
 31
0.0
  0
LINE
  5
35A
330
1F
100
AcDbEntity
  8
0
  6
Continuous
 62
     7
370
    25
100
AcDbLine
 10
-55.0879616634
 20
-48.49778714380001
 30
0.0
 11
-55.0879616634
 21
-32.4988935719
 31
0.0
  0
LINE
  5
35B
330
1F
100
AcDbEntity
  8
0
  6
Continuous
 62
     7
370
    25
100
AcDbLine
 10
-55.31835353419999
 20
-32.4988935719
 30
0.0
 11
-55.0879616634
 21
-32.4988935719
 31
0.0
  0
LINE
  5
35C
330
1F
100
AcDbEntity
  8
0
  6
Continuous
 62
     7
370
    25
100
AcDbLine
 10
-55.31835353419999
 20
-32.4988935719
 30
0.0
 11
-59.366667835
 21
-1.7488935719
 31
0.0
  0
LINE
  5
35D
330
1F
100
AcDbEntity
  8
0
  6
Continuous
 62
     7
370
    25
100
AcDbLine
 10
-59.8709823153
 20
1.0
 30
0.0
 11
-59.366667835
 21
-1.7488935719
 31
0.0
  0
LINE
  5
35E
330
1F
100
AcDbEntity
  8
0
  6
Continuous
 62
     7
370
    25
100
AcDbLine
 10
-59.8709823153
 20
0.0
 30
0.0
 11
-59.8709823153
 21
1.0
 31
0.0
  0
LINE
  5
35F
330
1F
100
AcDbEntity
  8
0
  6
Continuous
 62
     7
370
    25
100
AcDbLine
 10
-60.329131244
 20
0.0
 30
0.0
 11
-59.8709823153
 21
0.0
 31
0.0
  0
LINE
  5
360
330
1F
100
AcDbEntity
  8
0
  6
Continuous
 62
     7
370
    25
100
AcDbLine
 10
-60.329131244
 20
1.0
 30
0.0
 11
-60.329131244
 21
0.0
 31
0.0
  0
LINE
  5
361
330
1F
100
AcDbEntity
  8
0
  6
Continuous
 62
     7
370
    25
100
AcDbLine
 10
-60.8334457243
 20
-1.7488935719
 30
0.0
 11
-60.329131244
 21
1.0
 31
0.0
  0
LINE
  5
362
330
1F
100
AcDbEntity
  8
0
  6
Continuous
 62
     7
370
    25
100
AcDbLine
 10
-60.8334457243
 20
-1.7488935719
 30
0.0
 11
-64.88176002510001
 21
-32.4988935719
 31
0.0
  0
LINE
  5
363
330
1F
100
AcDbEntity
  8
0
  6
Continuous
 62
     7
370
    25
100
AcDbLine
 10
-64.88176002510001
 20
-32.4988935719
 30
0.0
 11
-65.11215189579999
 21
-32.4988935719
 31
0.0
  0
LINE
  5
364
330
1F
100
AcDbEntity
  8
0
  6
Continuous
 62
     7
370
    25
100
AcDbLine
 10
-65.11215189579999
 20
-32.4988935719
 30
0.0
 11
-65.11215189579999
 21
-48.49778714380001
 31
0.0
  0
LINE
  5
365
330
1F
100
AcDbEntity
  8
0
  6
Continuous
 62
     7
370
    25
100
AcDbLine
 10
-65.11215189579999
 20
-48.49778714380001
 30
0.0
 11
-1284.8878481042
 21
-48.49778714380001
 31
0.0
  0
LINE
  5
366
330
1F
100
AcDbEntity
  8
0
  6
Continuous
 62
     7
370
    25
100
AcDbLine
 10
-1284.8878481042
 20
-48.49778714380001
 30
0.0
 11
-1284.8878481042
 21
-32.4988935719
 31
0.0
  0
LINE
  5
367
330
1F
100
AcDbEntity
  8
0
  6
Continuous
 62
     7
370
    25
100
AcDbLine
 10
-1284.8878481042
 20
-32.4988935719
 30
0.0
 11
-1285.1182399749
 21
-32.4988935719
 31
0.0
  0
LINE
  5
368
330
1F
100
AcDbEntity
  8
0
  6
Continuous
 62
     7
370
    25
100
AcDbLine
 10
-1285.1182399749
 20
-32.4988935719
 30
0.0
 11
-1289.1665542757
 21
-1.7488935719
 31
0.0
  0
LINE
  5
369
330
1F
100
AcDbEntity
  8
0
  6
Continuous
 62
     7
370
    25
100
AcDbLine
 10
-1289.670868756
 20
1.0
 30
0.0
 11
-1289.1665542757
 21
-1.7488935719
 31
0.0
  0
LINE
  5
36A
330
1F
100
AcDbEntity
  8
0
  6
Continuous
 62
     7
370
    25
100
AcDbLine
 10
-1289.670868756
 20
0.0
 30
0.0
 11
-1289.670868756
 21
1.0
 31
0.0
  0
LINE
  5
36B
330
1F
100
AcDbEntity
  8
0
  6
Continuous
 62
     7
370
    25
100
AcDbLine
 10
-1290.1290176847
 20
0.0
 30
0.0
 11
-1289.670868756
 21
0.0
 31
0.0
  0
LINE
  5
36C
330
1F
100
AcDbEntity
  8
0
  6
Continuous
 62
     7
370
    25
100
AcDbLine
 10
-1290.1290176847
 20
1.0
 30
0.0
 11
-1290.1290176847
 21
0.0
 31
0.0
  0
LINE
  5
36D
330
1F
100
AcDbEntity
  8
0
  6
Continuous
 62
     7
370
    25
100
AcDbLine
 10
-1290.633332165
 20
-1.7488935719
 30
0.0
 11
-1290.1290176847
 21
1.0
 31
0.0
  0
LINE
  5
36E
330
1F
100
AcDbEntity
  8
0
  6
Continuous
 62
     7
370
    25
100
AcDbLine
 10
-1290.633332165
 20
-1.7488935719
 30
0.0
 11
-1294.6816464658
 21
-32.4988935719
 31
0.0
  0
LINE
  5
36F
330
1F
100
AcDbEntity
  8
0
  6
Continuous
 62
     7
370
    25
100
AcDbLine
 10
-1294.6816464658
 20
-32.4988935719
 30
0.0
 11
-1294.9120383366
 21
-32.4988935719
 31
0.0
  0
LINE
  5
370
330
1F
100
AcDbEntity
  8
0
  6
Continuous
 62
     7
370
    25
100
AcDbLine
 10
-1294.9120383366
 20
-32.4988935719
 30
0.0
 11
-1294.9120383366
 21
-48.49778714380001
 31
0.0
  0
LINE
  5
371
330
1F
100
AcDbEntity
  8
0
  6
Continuous
 62
     7
370
    25
100
AcDbLine
 10
-1294.9120383366
 20
-48.49778714380001
 30
0.0
 11
-1310.9623120277
 21
-48.49778714380001
 31
0.0
  0
LINE
  5
372
330
1F
100
AcDbEntity
  8
0
  6
Continuous
 62
     7
370
    25
100
AcDbLine
 10
-1310.9623120277
 20
-48.49778714380001
 30
0.0
 11
-1310.9623120277
 21
-32.4988935719
 31
0.0
  0
LINE
  5
373
330
1F
100
AcDbEntity
  8
0
  6
Continuous
 62
     7
370
    25
100
AcDbLine
 10
-1310.9623120277
 20
-32.4988935719
 30
0.0
 11
-1311.4312231145
 21
-32.4988935719
 31
0.0
  0
LINE
  5
374
330
1F
100
AcDbEntity
  8
0
  6
Continuous
 62
     7
370
    25
100
AcDbLine
 10
-1311.4312231145
 20
-32.4988935719
 30
0.0
 11
-1319.6706607817
 21
-1.7488935719
 31
0.0
  0
LINE
  5
375
330
1F
100
AcDbEntity
  8
0
  6
Continuous
 62
     7
370
    25
100
AcDbLine
 10
-1320.1882988719
 20
1.0
 30
0.0
 11
-1319.6706607817
 21
-1.7488935719
 31
0.0
  0
LINE
  5
376
330
1F
100
AcDbEntity
  8
0
  6
Continuous
 62
     7
370
    25
100
AcDbLine
 10
-1320.1882988719
 20
0.0
 30
0.0
 11
-1320.1882988719
 21
1.0
 31
0.0
  0
LINE
  5
377
330
1F
100
AcDbEntity
  8
0
  6
Continuous
 62
     7
370
    25
100
AcDbLine
 10
-1321.1045967292
 20
0.0
 30
0.0
 11
-1320.1882988719
 21
0.0
 31
0.0
  0
LINE
  5
378
330
1F
100
AcDbEntity
  8
0
  6
Continuous
 62
     7
370
    25
100
AcDbLine
 10
-1321.1045967292
 20
1.0
 30
0.0
 11
-1321.1045967292
 21
0.0
 31
0.0
  0
LINE
  5
379
330
1F
100
AcDbEntity
  8
0
  6
Continuous
 62
     7
370
    25
100
AcDbLine
 10
-1321.6222348194
 20
-1.7488935719
 30
0.0
 11
-1321.1045967292
 21
1.0
 31
0.0
  0
LINE
  5
37A
330
1F
100
AcDbEntity
  8
0
  6
Continuous
 62
     7
370
    25
100
AcDbLine
 10
-1321.6222348194
 20
-1.7488935719
 30
0.0
 11
-1329.8616724867
 21
-32.4988935719
 31
0.0
  0
LINE
  5
37B
330
1F
100
AcDbEntity
  8
0
  6
Continuous
 62
     7
370
    25
100
AcDbLine
 10
-1329.8616724867
 20
-32.4988935719
 30
0.0
 11
-1330.3305835735
 21
-32.4988935719
 31
0.0
  0
LINE
  5
37C
330
1F
100
AcDbEntity
  8
0
  6
Continuous
 62
     7
370
    25
100
AcDbLine
 10
-1330.3305835735
 20
-32.4988935719
 30
0.0
 11
-1330.3305835735
 21
-48.49778714380001
 31
0.0
  0
LINE
  5
37D
330
1F
100
AcDbEntity
  8
0
  6
Continuous
 62
     7
370
    25
100
AcDbLine
 10
-1330.3305835735
 20
-48.49778714380001
 30
0.0
 11
-1341.5971493352
 21
-48.49778714380001
 31
0.0
  0
LINE
  5
37E
330
1F
100
AcDbEntity
  8
0
  6
Continuous
 62
     7
370
    25
100
AcDbLine
 10
-1341.5971493352
 20
-48.49778714380001
 30
0.0
 11
-1341.5971493352
 21
-32.4988935719
 31
0.0
  0
LINE
  5
37F
330
1F
100
AcDbEntity
  8
0
  6
Continuous
 62
     7
370
    25
100
AcDbLine
 10
-1341.5971493352
 20
-32.4988935719
 30
0.0
 11
-1342.0660604219
 21
-32.4988935719
 31
0.0
  0
LINE
  5
380
330
1F
100
AcDbEntity
  8
0
  6
Continuous
 62
     7
370
    25
100
AcDbLine
 10
-1342.0660604219
 20
-32.4988935719
 30
0.0
 11
-1350.3054980892
 21
-1.7488935719
 31
0.0
  0
LINE
  5
381
330
1F
100
AcDbEntity
  8
0
  6
Continuous
 62
     7
370
    25
100
AcDbLine
 10
-1350.8231361794
 20
1.0
 30
0.0
 11
-1350.3054980892
 21
-1.7488935719
 31
0.0
  0
LINE
  5
382
330
1F
100
AcDbEntity
  8
0
  6
Continuous
 62
     7
370
    25
100
AcDbLine
 10
-1350.8231361794
 20
0.0
 30
0.0
 11
-1350.8231361794
 21
1.0
 31
0.0
  0
LINE
  5
383
330
1F
100
AcDbEntity
  8
0
  6
Continuous
 62
     7
370
    25
100
AcDbLine
 10
-1351.7394340367
 20
0.0
 30
0.0
 11
-1350.8231361794
 21
0.0
 31
0.0
  0
LINE
  5
384
330
1F
100
AcDbEntity
  8
0
  6
Continuous
 62
     7
370
    25
100
AcDbLine
 10
-1351.7394340367
 20
1.0
 30
0.0
 11
-1351.7394340367
 21
0.0
 31
0.0
  0
LINE
  5
385
330
1F
100
AcDbEntity
  8
0
  6
Continuous
 62
     7
370
    25
100
AcDbLine
 10
-1352.2570721269
 20
-1.7488935719
 30
0.0
 11
-1351.7394340367
 21
1.0
 31
0.0
  0
LINE
  5
386
330
1F
100
AcDbEntity
  8
0
  6
Continuous
 62
     7
370
    25
100
AcDbLine
 10
-1352.2570721269
 20
-1.7488935719
 30
0.0
 11
-1360.4965097941
 21
-32.4988935719
 31
0.0
  0
LINE
  5
387
330
1F
100
AcDbEntity
  8
0
  6
Continuous
 62
     7
370
    25
100
AcDbLine
 10
-1360.4965097941
 20
-32.4988935719
 30
0.0
 11
-1360.9654208809
 21
-32.4988935719
 31
0.0
  0
LINE
  5
388
330
1F
100
AcDbEntity
  8
0
  6
Continuous
 62
     7
370
    25
100
AcDbLine
 10
-1360.9654208809
 20
-32.4988935719
 30
0.0
 11
-1360.9654208809
 21
-48.49778714380001
 31
0.0
  0
LINE
  5
389
330
1F
100
AcDbEntity
  8
0
  6
Continuous
 62
     7
370
    25
100
AcDbLine
 10
-1360.9654208809
 20
-48.49778714380001
 30
0.0
 11
-1377.0156945721
 21
-48.49778714380001
 31
0.0
  0
LINE
  5
38A
330
1F
100
AcDbEntity
  8
0
  6
Continuous
 62
     7
370
    25
100
AcDbLine
 10
-1377.0156945721
 20
-48.49778714380001
 30
0.0
 11
-1377.0156945721
 21
-32.4988935719
 31
0.0
  0
LINE
  5
38B
330
1F
100
AcDbEntity
  8
0
  6
Continuous
 62
     7
370
    25
100
AcDbLine
 10
-1377.0156945721
 20
-32.4988935719
 30
0.0
 11
-1377.2460864428
 21
-32.4988935719
 31
0.0
  0
LINE
  5
38C
330
1F
100
AcDbEntity
  8
0
  6
Continuous
 62
     7
370
    25
100
AcDbLine
 10
-1377.2460864428
 20
-32.4988935719
 30
0.0
 11
-1381.2944007436
 21
-1.7488935719
 31
0.0
  0
LINE
  5
38D
330
1F
100
AcDbEntity
  8
0
  6
Continuous
 62
     7
370
    25
100
AcDbLine
 10
-1381.7987152239
 20
1.0
 30
0.0
 11
-1381.2944007436
 21
-1.7488935719
 31
0.0
  0
LINE
  5
38E
330
1F
100
AcDbEntity
  8
0
  6
Continuous
 62
     7
370
    25
100
AcDbLine
 10
-1381.7987152239
 20
0.0
 30
0.0
 11
-1381.7987152239
 21
1.0
 31
0.0
  0
LINE
  5
38F
330
1F
100
AcDbEntity
  8
0
  6
Continuous
 62
     7
370
    25
100
AcDbLine
 10
-1382.2568641526
 20
0.0
 30
0.0
 11
-1381.7987152239
 21
0.0
 31
0.0
  0
LINE
  5
390
330
1F
100
AcDbEntity
  8
0
  6
Continuous
 62
     7
370
    25
100
AcDbLine
 10
-1382.2568641526
 20
1.0
 30
0.0
 11
-1382.2568641526
 21
0.0
 31
0.0
  0
LINE
  5
391
330
1F
100
AcDbEntity
  8
0
  6
Continuous
 62
     7
370
    25
100
AcDbLine
 10
-1382.7611786329
 20
-1.7488935719
 30
0.0
 11
-1382.2568641526
 21
1.0
 31
0.0
  0
LINE
  5
392
330
1F
100
AcDbEntity
  8
0
  6
Continuous
 62
     7
370
    25
100
AcDbLine
 10
-1382.7611786329
 20
-1.7488935719
 30
0.0
 11
-1386.8094929337
 21
-32.4988935719
 31
0.0
  0
LINE
  5
393
330
1F
100
AcDbEntity
  8
0
  6
Continuous
 62
     7
370
    25
100
AcDbLine
 10
-1386.8094929337
 20
-32.4988935719
 30
0.0
 11
-1387.0398848045
 21
-32.4988935719
 31
0.0
  0
LINE
  5
394
330
1F
100
AcDbEntity
  8
0
  6
Continuous
 62
     7
370
    25
100
AcDbLine
 10
-1387.0398848045
 20
-32.4988935719
 30
0.0
 11
-1387.0398848045
 21
-48.49778714380001
 31
0.0
  0
LINE
  5
395
330
1F
100
AcDbEntity
  8
0
  6
Continuous
 62
     7
370
    25
100
AcDbLine
 10
-1387.0398848045
 20
-48.49778714380001
 30
0.0
 11
-1886.8277329086
 21
-48.49778714380001
 31
0.0
  0
LINE
  5
396
330
1F
100
AcDbEntity
  8
0
  6
Continuous
 62
     7
370
    25
100
AcDbLine
 10
-1886.8277329086
 20
-48.49778714380001
 30
0.0
 11
-1886.8277329086
 21
-35.62334035780001
 31
0.0
  0
LINE
  5
397
330
1F
100
AcDbEntity
  8
0
  6
Continuous
 62
     7
370
    25
100
AcDbLine
 10
-1896.8277329086
 20
10.4073304775
 30
0.0
 11
-1886.8277329086
 21
10.4073304775
 31
0.0
  0
LINE
  5
398
330
1F
100
AcDbEntity
  8
0
  6
Continuous
 62
     7
370
    25
100
AcDbLine
 10
-1896.8277329086
 20
10.4073304775
 30
0.0
 11
-1896.8277329086
 21
30.4073304775
 31
0.0
  0
LINE
  5
399
330
1F
100
AcDbEntity
  8
0
  6
Continuous
 62
     7
370
    25
100
AcDbLine
 10
-1896.8277329086
 20
30.4073304775
 30
0.0
 11
-1886.8277329086
 21
30.4073304775
 31
0.0
  0
LINE
  5
39A
330
1F
100
AcDbEntity
  8
0
  6
Continuous
 62
     7
370
    25
100
AcDbLine
 10
-1886.8277329086
 20
30.4073304775
 30
0.0
 11
-1886.8277329086
 21
39.1353652051
 31
0.0
  0
LINE
  5
39B
330
1F
100
AcDbEntity
  8
0
  6
Continuous
 62
     7
370
    25
100
AcDbLine
 10
-1886.8277329086
 20
96.94361713139999
 30
0.0
 11
-1386.1988770699
 21
96.94361713139999
 31
0.0
  0
LINE
  5
39C
330
1F
100
AcDbEntity
  8
0
  6
Continuous
 62
     7
370
    25
100
AcDbLine
 10
-1386.1988770699
 20
96.94361713139999
 30
0.0
 11
-1386.1988770699
 21
80.94472355950001
 31
0.0
  0
LINE
  5
39D
330
1F
100
AcDbEntity
  8
0
  6
Continuous
 62
     7
370
    25
100
AcDbLine
 10
-1385.9684851991
 20
80.94472355950001
 30
0.0
 11
-1386.1988770699
 21
80.94472355950001
 31
0.0
  0
LINE
  5
39E
330
1F
100
AcDbEntity
  8
0
  6
Continuous
 62
     7
370
    25
100
AcDbLine
 10
-1385.9684851991
 20
80.94472355950001
 30
0.0
 11
-1383.792032755
 21
64.41292595600001
 31
0.0
  0
LINE
  5
39F
330
1F
100
AcDbEntity
  8
0
  6
Continuous
 62
     7
370
    25
100
AcDbLine
 10
-1383.7015505003
 20
62.3054408842
 30
0.0
 11
-1383.792032755
 21
64.41292595600001
 31
0.0
  0
LINE
  5
3A0
330
1F
100
AcDbEntity
  8
0
  6
Continuous
 62
     7
370
    25
100
AcDbLine
 10
-1383.7015505003
 20
61.55544088420001
 30
0.0
 11
-1383.7015505003
 21
62.3054408842
 31
0.0
  0
LINE
  5
3A1
330
1F
100
AcDbEntity
  8
0
  6
Continuous
 62
     7
370
    25
100
AcDbLine
 10
-1383.6337395335
 20
61.55544088420001
 30
0.0
 11
-1383.7015505003
 21
61.55544088420001
 31
0.0
  0
LINE
  5
3A2
330
1F
100
AcDbEntity
  8
0
  6
Continuous
 62
     7
370
    25
100
AcDbLine
 10
-1383.6337395335
 20
61.55544088420001
 30
0.0
 11
-1382.0277896883
 21
27.5166822369
 31
0.0
  0
LINE
  5
3A3
330
1F
100
AcDbEntity
  8
0
  6
Continuous
 62
     7
370
    25
100
AcDbLine
 10
-1382.0277896883
 20
27.5166822369
 30
0.0
 11
-1380.4218398431
 21
61.55544088420001
 31
0.0
  0
LINE
  5
3A4
330
1F
100
AcDbEntity
  8
0
  6
Continuous
 62
     7
370
    25
100
AcDbLine
 10
-1380.3540288762
 20
61.55544088420001
 30
0.0
 11
-1380.4218398431
 21
61.55544088420001
 31
0.0
  0
LINE
  5
3A5
330
1F
100
AcDbEntity
  8
0
  6
Continuous
 62
     7
370
    25
100
AcDbLine
 10
-1380.3540288762
 20
62.3054408842
 30
0.0
 11
-1380.3540288762
 21
61.55544088420001
 31
0.0
  0
LINE
  5
3A6
330
1F
100
AcDbEntity
  8
0
  6
Continuous
 62
     7
370
    25
100
AcDbLine
 10
-1380.2635466215
 20
64.41292595600001
 30
0.0
 11
-1380.3540288762
 21
62.3054408842
 31
0.0
  0
LINE
  5
3A7
330
1F
100
AcDbEntity
  8
0
  6
Continuous
 62
     7
370
    25
100
AcDbLine
 10
-1380.2635466215
 20
64.41292595600001
 30
0.0
 11
-1378.0870941774
 21
80.94472355950001
 31
0.0
  0
LINE
  5
3A8
330
1F
100
AcDbEntity
  8
0
  6
Continuous
 62
     7
370
    25
100
AcDbLine
 10
-1377.8567023066
 20
80.94472355950001
 30
0.0
 11
-1378.0870941774
 21
80.94472355950001
 31
0.0
  0
LINE
  5
3A9
330
1F
100
AcDbEntity
  8
0
  6
Continuous
 62
     7
370
    25
100
AcDbLine
 10
-1377.8567023066
 20
80.94472355950001
 30
0.0
 11
-1377.8567023066
 21
96.94361713139999
 31
0.0
  0
LINE
  5
3AA
330
1F
100
AcDbEntity
  8
0
  6
Continuous
 62
     7
370
    25
100
AcDbLine
 10
-1377.8567023066
 20
96.94361713139999
 30
0.0
 11
-1359.2537378712
 21
96.94361713139999
 31
0.0
  0
LINE
  5
3AB
330
1F
100
AcDbEntity
  8
0
  6
Continuous
 62
     7
370
    25
100
AcDbLine
 10
-1359.2537378712
 20
96.94361713139999
 30
0.0
 11
-1359.2537378712
 21
80.94472355950001
 31
0.0
  0
LINE
  5
3AC
330
1F
100
AcDbEntity
  8
0
  6
Continuous
 62
     7
370
    25
100
AcDbLine
 10
-1358.7848267844
 20
80.94472355950001
 30
0.0
 11
-1359.2537378712
 21
80.94472355950001
 31
0.0
  0
LINE
  5
3AD
330
1F
100
AcDbEntity
  8
0
  6
Continuous
 62
     7
370
    25
100
AcDbLine
 10
-1358.7848267844
 20
80.94472355950001
 30
0.0
 11
-1354.3551449672
 21
64.41292595600001
 31
0.0
  0
LINE
  5
3AE
330
1F
100
AcDbEntity
  8
0
  6
Continuous
 62
     7
370
    25
100
AcDbLine
 10
-1354.1709885893
 20
62.3054408842
 30
0.0
 11
-1354.3551449672
 21
64.41292595600001
 31
0.0
  0
LINE
  5
3AF
330
1F
100
AcDbEntity
  8
0
  6
Continuous
 62
     7
370
    25
100
AcDbLine
 10
-1354.1709885893
 20
61.55544088420001
 30
0.0
 11
-1354.1709885893
 21
62.3054408842
 31
0.0
  0
LINE
  5
3B0
330
1F
100
AcDbEntity
  8
0
  6
Continuous
 62
     7
370
    25
100
AcDbLine
 10
-1354.0329745438
 20
61.55544088420001
 30
0.0
 11
-1354.1709885893
 21
61.55544088420001
 31
0.0
  0
LINE
  5
3B1
330
1F
100
AcDbEntity
  8
0
  6
Continuous
 62
     7
370
    25
100
AcDbLine
 10
-1354.0329745438
 20
61.55544088420001
 30
0.0
 11
-1351.281285108
 21
32.8992934972
 31
0.0
  0
LINE
  5
3B2
330
1F
100
AcDbEntity
  8
0
  6
Continuous
 62
     7
370
    25
100
AcDbLine
 10
-1351.281285108
 20
32.8992934972
 30
0.0
 11
-1348.5295956723
 21
61.55544088420001
 31
0.0
  0
LINE
  5
3B3
330
1F
100
AcDbEntity
  8
0
  6
Continuous
 62
     7
370
    25
100
AcDbLine
 10
-1348.3915816267
 20
61.55544088420001
 30
0.0
 11
-1348.5295956723
 21
61.55544088420001
 31
0.0
  0
LINE
  5
3B4
330
1F
100
AcDbEntity
  8
0
  6
Continuous
 62
     7
370
    25
100
AcDbLine
 10
-1348.3915816267
 20
62.3054408842
 30
0.0
 11
-1348.3915816267
 21
61.55544088420001
 31
0.0
  0
LINE
  5
3B5
330
1F
100
AcDbEntity
  8
0
  6
Continuous
 62
     7
370
    25
100
AcDbLine
 10
-1348.2074252489
 20
64.41292595600001
 30
0.0
 11
-1348.3915816267
 21
62.3054408842
 31
0.0
  0
LINE
  5
3B6
330
1F
100
AcDbEntity
  8
0
  6
Continuous
 62
     7
370
    25
100
AcDbLine
 10
-1348.2074252489
 20
64.41292595600001
 30
0.0
 11
-1343.7777434316
 21
80.94472355950001
 31
0.0
  0
LINE
  5
3B7
330
1F
100
AcDbEntity
  8
0
  6
Continuous
 62
     7
370
    25
100
AcDbLine
 10
-1343.3088323449
 20
80.94472355950001
 30
0.0
 11
-1343.7777434316
 21
80.94472355950001
 31
0.0
  0
LINE
  5
3B8
330
1F
100
AcDbEntity
  8
0
  6
Continuous
 62
     7
370
    25
100
AcDbLine
 10
-1343.3088323449
 20
80.94472355950001
 30
0.0
 11
-1343.3088323449
 21
96.94361713139999
 31
0.0
  0
LINE
  5
3B9
330
1F
100
AcDbEntity
  8
0
  6
Continuous
 62
     7
370
    25
100
AcDbLine
 10
-1343.3088323449
 20
96.94361713139999
 30
0.0
 11
-1328.6189005638
 21
96.94361713139999
 31
0.0
  0
LINE
  5
3BA
330
1F
100
AcDbEntity
  8
0
  6
Continuous
 62
     7
370
    25
100
AcDbLine
 10
-1328.6189005638
 20
96.94361713139999
 30
0.0
 11
-1328.6189005638
 21
80.94472355950001
 31
0.0
  0
LINE
  5
3BB
330
1F
100
AcDbEntity
  8
0
  6
Continuous
 62
     7
370
    25
100
AcDbLine
 10
-1328.149989477
 20
80.94472355950001
 30
0.0
 11
-1328.6189005638
 21
80.94472355950001
 31
0.0
  0
LINE
  5
3BC
330
1F
100
AcDbEntity
  8
0
  6
Continuous
 62
     7
370
    25
100
AcDbLine
 10
-1328.149989477
 20
80.94472355950001
 30
0.0
 11
-1323.7203076597
 21
64.41292595600001
 31
0.0
  0
LINE
  5
3BD
330
1F
100
AcDbEntity
  8
0
  6
Continuous
 62
     7
370
    25
100
AcDbLine
 10
-1323.5361512819
 20
62.3054408842
 30
0.0
 11
-1323.7203076597
 21
64.41292595600001
 31
0.0
  0
LINE
  5
3BE
330
1F
100
AcDbEntity
  8
0
  6
Continuous
 62
     7
370
    25
100
AcDbLine
 10
-1323.5361512819
 20
61.55544088420001
 30
0.0
 11
-1323.5361512819
 21
62.3054408842
 31
0.0
  0
LINE
  5
3BF
330
1F
100
AcDbEntity
  8
0
  6
Continuous
 62
     7
370
    25
100
AcDbLine
 10
-1323.3981372364
 20
61.55544088420001
 30
0.0
 11
-1323.5361512819
 21
61.55544088420001
 31
0.0
  0
LINE
  5
3C0
330
1F
100
AcDbEntity
  8
0
  6
Continuous
 62
     7
370
    25
100
AcDbLine
 10
-1323.3981372364
 20
61.55544088420001
 30
0.0
 11
-1320.6464478006
 21
32.8992934972
 31
0.0
  0
LINE
  5
3C1
330
1F
100
AcDbEntity
  8
0
  6
Continuous
 62
     7
370
    25
100
AcDbLine
 10
-1320.6464478006
 20
32.8992934972
 30
0.0
 11
-1317.8947583648
 21
61.55544088420001
 31
0.0
  0
LINE
  5
3C2
330
1F
100
AcDbEntity
  8
0
  6
Continuous
 62
     7
370
    25
100
AcDbLine
 10
-1317.7567443193
 20
61.55544088420001
 30
0.0
 11
-1317.8947583648
 21
61.55544088420001
 31
0.0
  0
LINE
  5
3C3
330
1F
100
AcDbEntity
  8
0
  6
Continuous
 62
     7
370
    25
100
AcDbLine
 10
-1317.7567443193
 20
62.3054408842
 30
0.0
 11
-1317.7567443193
 21
61.55544088420001
 31
0.0
  0
LINE
  5
3C4
330
1F
100
AcDbEntity
  8
0
  6
Continuous
 62
     7
370
    25
100
AcDbLine
 10
-1317.5725879415
 20
64.41292595600001
 30
0.0
 11
-1317.7567443193
 21
62.3054408842
 31
0.0
  0
LINE
  5
3C5
330
1F
100
AcDbEntity
  8
0
  6
Continuous
 62
     7
370
    25
100
AcDbLine
 10
-1317.5725879415
 20
64.41292595600001
 30
0.0
 11
-1313.1429061242
 21
80.94472355950001
 31
0.0
  0
LINE
  5
3C6
330
1F
100
AcDbEntity
  8
0
  6
Continuous
 62
     7
370
    25
100
AcDbLine
 10
-1312.6739950374
 20
80.94472355950001
 30
0.0
 11
-1313.1429061242
 21
80.94472355950001
 31
0.0
  0
LINE
  5
3C7
330
1F
100
AcDbEntity
  8
0
  6
Continuous
 62
     7
370
    25
100
AcDbLine
 10
-1312.6739950374
 20
80.94472355950001
 30
0.0
 11
-1312.6739950374
 21
96.94361713139999
 31
0.0
  0
LINE
  5
3C8
330
1F
100
AcDbEntity
  8
0
  6
Continuous
 62
     7
370
    25
100
AcDbLine
 10
-1312.6739950374
 20
96.94361713139999
 30
0.0
 11
-1294.071030602
 21
96.94361713139999
 31
0.0
  0
LINE
  5
3C9
330
1F
100
AcDbEntity
  8
0
  6
Continuous
 62
     7
370
    25
100
AcDbLine
 10
-1294.071030602
 20
96.94361713139999
 30
0.0
 11
-1294.071030602
 21
80.94472355950001
 31
0.0
  0
LINE
  5
3CA
330
1F
100
AcDbEntity
  8
0
  6
Continuous
 62
     7
370
    25
100
AcDbLine
 10
-1293.8406387312
 20
80.94472355950001
 30
0.0
 11
-1294.071030602
 21
80.94472355950001
 31
0.0
  0
LINE
  5
3CB
330
1F
100
AcDbEntity
  8
0
  6
Continuous
 62
     7
370
    25
100
AcDbLine
 10
-1293.8406387312
 20
80.94472355950001
 30
0.0
 11
-1291.6641862871
 21
64.41292595600001
 31
0.0
  0
LINE
  5
3CC
330
1F
100
AcDbEntity
  8
0
  6
Continuous
 62
     7
370
    25
100
AcDbLine
 10
-1291.5737040324
 20
62.3054408842
 30
0.0
 11
-1291.6641862871
 21
64.41292595600001
 31
0.0
  0
LINE
  5
3CD
330
1F
100
AcDbEntity
  8
0
  6
Continuous
 62
     7
370
    25
100
AcDbLine
 10
-1291.5737040324
 20
61.55544088420001
 30
0.0
 11
-1291.5737040324
 21
62.3054408842
 31
0.0
  0
LINE
  5
3CE
330
1F
100
AcDbEntity
  8
0
  6
Continuous
 62
     7
370
    25
100
AcDbLine
 10
-1291.5058930656
 20
61.55544088420001
 30
0.0
 11
-1291.5737040324
 21
61.55544088420001
 31
0.0
  0
LINE
  5
3CF
330
1F
100
AcDbEntity
  8
0
  6
Continuous
 62
     7
370
    25
100
AcDbLine
 10
-1291.5058930656
 20
61.55544088420001
 30
0.0
 11
-1289.8999432204
 21
27.5166822369
 31
0.0
  0
LINE
  5
3D0
330
1F
100
AcDbEntity
  8
0
  6
Continuous
 62
     7
370
    25
100
AcDbLine
 10
-1289.8999432204
 20
27.5166822369
 30
0.0
 11
-1288.2939933752
 21
61.55544088420001
 31
0.0
  0
LINE
  5
3D1
330
1F
100
AcDbEntity
  8
0
  6
Continuous
 62
     7
370
    25
100
AcDbLine
 10
-1288.2261824083
 20
61.55544088420001
 30
0.0
 11
-1288.2939933752
 21
61.55544088420001
 31
0.0
  0
LINE
  5
3D2
330
1F
100
AcDbEntity
  8
0
  6
Continuous
 62
     7
370
    25
100
AcDbLine
 10
-1288.2261824083
 20
62.3054408842
 30
0.0
 11
-1288.2261824083
 21
61.55544088420001
 31
0.0
  0
LINE
  5
3D3
330
1F
100
AcDbEntity
  8
0
  6
Continuous
 62
     7
370
    25
100
AcDbLine
 10
-1288.1357001536
 20
64.41292595600001
 30
0.0
 11
-1288.2261824083
 21
62.3054408842
 31
0.0
  0
LINE
  5
3D4
330
1F
100
AcDbEntity
  8
0
  6
Continuous
 62
     7
370
    25
100
AcDbLine
 10
-1288.1357001536
 20
64.41292595600001
 30
0.0
 11
-1285.9592477095
 21
80.94472355950001
 31
0.0
  0
LINE
  5
3D5
330
1F
100
AcDbEntity
  8
0
  6
Continuous
 62
     7
370
    25
100
AcDbLine
 10
-1285.7288558387
 20
80.94472355950001
 30
0.0
 11
-1285.9592477095
 21
80.94472355950001
 31
0.0
  0
LINE
  5
3D6
330
1F
100
AcDbEntity
  8
0
  6
Continuous
 62
     7
370
    25
100
AcDbLine
 10
-1285.7288558387
 20
80.94472355950001
 30
0.0
 11
-1285.7288558387
 21
96.94361713139999
 31
0.0
  0
LINE
  5
3D7
330
1F
100
AcDbEntity
  8
0
  6
Continuous
 62
     7
370
    25
100
AcDbLine
 10
-1285.7288558387
 20
96.94361713139999
 30
0.0
 11
-1165.0
 21
96.94361713139999
 31
0.0
  0
LINE
  5
3D8
330
1F
100
AcDbEntity
  8
0
  6
Continuous
 62
     7
370
    25
100
AcDbLine
 10
-1165.0
 20
96.94361713139999
 30
0.0
 11
-1165.0
 21
93.94361713139998
 31
0.0
  0
LINE
  5
3D9
330
1F
100
AcDbEntity
  8
0
  6
Continuous
 62
     7
370
    25
100
AcDbLine
 10
-1162.0
 20
90.94361713139999
 30
0.0
 11
-1128.0
 21
90.94361713139999
 31
0.0
  0
LINE
  5
3DA
330
1F
100
AcDbEntity
  8
0
  6
Continuous
 62
     7
370
    25
100
AcDbLine
 10
-1125.0
 20
93.94361713139998
 30
0.0
 11
-1125.0
 21
96.94361713139999
 31
0.0
  0
LINE
  5
3DB
330
1F
100
AcDbEntity
  8
0
  6
Continuous
 62
     7
370
    25
100
AcDbLine
 10
-1125.0
 20
96.94361713139999
 30
0.0
 11
-930.0
 21
96.94361713139999
 31
0.0
  0
LINE
  5
3DC
330
1F
100
AcDbEntity
  8
0
  6
Continuous
 62
     7
370
    25
100
AcDbLine
 10
-930.0
 20
96.94361713139999
 30
0.0
 11
-930.0
 21
93.94361713139998
 31
0.0
  0
LINE
  5
3DD
330
1F
100
AcDbEntity
  8
0
  6
Continuous
 62
     7
370
    25
100
AcDbLine
 10
-927.0
 20
90.94361713139999
 30
0.0
 11
-893.0
 21
90.94361713139999
 31
0.0
  0
LINE
  5
3DE
330
1F
100
AcDbEntity
  8
0
  6
Continuous
 62
     7
370
    25
100
AcDbLine
 10
-890.0
 20
93.94361713139998
 30
0.0
 11
-890.0
 21
96.94361713139999
 31
0.0
  0
LINE
  5
3DF
330
1F
100
AcDbEntity
  8
0
  6
Continuous
 62
     7
370
    25
100
AcDbLine
 10
-890.0
 20
96.94361713139999
 30
0.0
 11
-695.0
 21
96.94361713139999
 31
0.0
  0
LINE
  5
3E0
330
1F
100
AcDbEntity
  8
0
  6
Continuous
 62
     7
370
    25
100
AcDbLine
 10
-695.0
 20
96.94361713139999
 30
0.0
 11
-695.0
 21
93.94361713139998
 31
0.0
  0
LINE
  5
3E1
330
1F
100
AcDbEntity
  8
0
  6
Continuous
 62
     7
370
    25
100
AcDbLine
 10
-692.0
 20
90.94361713139999
 30
0.0
 11
-658.0
 21
90.94361713139999
 31
0.0
  0
LINE
  5
3E2
330
1F
100
AcDbEntity
  8
0
  6
Continuous
 62
     7
370
    25
100
AcDbLine
 10
-655.0
 20
93.94361713139998
 30
0.0
 11
-655.0
 21
96.94361713139999
 31
0.0
  0
LINE
  5
3E3
330
1F
100
AcDbEntity
  8
0
  6
Continuous
 62
     7
370
    25
100
AcDbLine
 10
-655.0
 20
96.94361713139999
 30
0.0
 11
-460.0
 21
96.94361713139999
 31
0.0
  0
LINE
  5
3E4
330
1F
100
AcDbEntity
  8
0
  6
Continuous
 62
     7
370
    25
100
AcDbLine
 10
-460.0
 20
96.94361713139999
 30
0.0
 11
-460.0
 21
93.94361713139998
 31
0.0
  0
LINE
  5
3E5
330
1F
100
AcDbEntity
  8
0
  6
Continuous
 62
     7
370
    25
100
AcDbLine
 10
-457.0
 20
90.94361713139999
 30
0.0
 11
-423.0
 21
90.94361713139999
 31
0.0
  0
LINE
  5
3E6
330
1F
100
AcDbEntity
  8
0
  6
Continuous
 62
     7
370
    25
100
AcDbLine
 10
-420.0
 20
93.94361713139998
 30
0.0
 11
-420.0
 21
96.94361713139999
 31
0.0
  0
LINE
  5
3E7
330
1F
100
AcDbEntity
  8
0
  6
Continuous
 62
     7
370
    25
100
AcDbLine
 10
-420.0
 20
96.94361713139999
 30
0.0
 11
-225.0
 21
96.94361713139999
 31
0.0
  0
LINE
  5
3E8
330
1F
100
AcDbEntity
  8
0
  6
Continuous
 62
     7
370
    25
100
AcDbLine
 10
-225.0
 20
96.94361713139999
 30
0.0
 11
-225.0
 21
93.94361713139998
 31
0.0
  0
LINE
  5
3E9
330
1F
100
AcDbEntity
  8
0
  6
Continuous
 62
     7
370
    25
100
AcDbLine
 10
-222.0
 20
90.94361713139999
 30
0.0
 11
-188.0
 21
90.94361713139999
 31
0.0
  0
LINE
  5
3EA
330
1F
100
AcDbEntity
  8
0
  6
Continuous
 62
     7
370
    25
100
AcDbLine
 10
-185.0
 20
93.94361713139998
 30
0.0
 11
-185.0
 21
96.94361713139999
 31
0.0
  0
LINE
  5
3EB
330
1F
100
AcDbEntity
  8
0
  6
Continuous
 62
     7
370
    25
100
AcDbLine
 10
-185.0
 20
96.94361713139999
 30
0.0
 11
-64.2711441613
 21
96.94361713139999
 31
0.0
  0
LINE
  5
3EC
330
1F
100
AcDbEntity
  8
0
  6
Continuous
 62
     7
370
    25
100
AcDbLine
 10
-64.2711441613
 20
96.94361713139999
 30
0.0
 11
-64.2711441613
 21
80.94472355950001
 31
0.0
  0
LINE
  5
3ED
330
1F
100
AcDbEntity
  8
0
  6
Continuous
 62
     7
370
    25
100
AcDbLine
 10
-64.0407522905
 20
80.94472355950001
 30
0.0
 11
-64.2711441613
 21
80.94472355950001
 31
0.0
  0
LINE
  5
3EE
330
1F
100
AcDbEntity
  8
0
  6
Continuous
 62
     7
370
    25
100
AcDbLine
 10
-64.0407522905
 20
80.94472355950001
 30
0.0
 11
-61.8642998464
 21
64.41292595600001
 31
0.0
  0
LINE
  5
3EF
330
1F
100
AcDbEntity
  8
0
  6
Continuous
 62
     7
370
    25
100
AcDbLine
 10
-61.7738175917
 20
62.3054408842
 30
0.0
 11
-61.8642998464
 21
64.41292595600001
 31
0.0
  0
LINE
  5
3F0
330
1F
100
AcDbEntity
  8
0
  6
Continuous
 62
     7
370
    25
100
AcDbLine
 10
-61.7738175917
 20
61.55544088420001
 30
0.0
 11
-61.7738175917
 21
62.3054408842
 31
0.0
  0
LINE
  5
3F1
330
1F
100
AcDbEntity
  8
0
  6
Continuous
 62
     7
370
    25
100
AcDbLine
 10
-61.7060066248
 20
61.55544088420001
 30
0.0
 11
-61.7738175917
 21
61.55544088420001
 31
0.0
  0
LINE
  5
3F2
330
1F
100
AcDbEntity
  8
0
  6
Continuous
 62
     7
370
    25
100
AcDbLine
 10
-61.7060066248
 20
61.55544088420001
 30
0.0
 11
-60.1000567796
 21
27.5166822369
 31
0.0
  0
LINE
  5
3F3
330
1F
100
AcDbEntity
  8
0
  6
Continuous
 62
     7
370
    25
100
AcDbLine
 10
-60.1000567796
 20
27.5166822369
 30
0.0
 11
-58.49410693439999
 21
61.55544088420001
 31
0.0
  0
LINE
  5
3F4
330
1F
100
AcDbEntity
  8
0
  6
Continuous
 62
     7
370
    25
100
AcDbLine
 10
-58.42629596760001
 20
61.55544088420001
 30
0.0
 11
-58.49410693439999
 21
61.55544088420001
 31
0.0
  0
LINE
  5
3F5
330
1F
100
AcDbEntity
  8
0
  6
Continuous
 62
     7
370
    25
100
AcDbLine
 10
-58.42629596760001
 20
62.3054408842
 30
0.0
 11
-58.42629596760001
 21
61.55544088420001
 31
0.0
  0
LINE
  5
3F6
330
1F
100
AcDbEntity
  8
0
  6
Continuous
 62
     7
370
    25
100
AcDbLine
 10
-58.3358137129
 20
64.41292595600001
 30
0.0
 11
-58.42629596760001
 21
62.3054408842
 31
0.0
  0
LINE
  5
3F7
330
1F
100
AcDbEntity
  8
0
  6
Continuous
 62
     7
370
    25
100
AcDbLine
 10
-58.3358137129
 20
64.41292595600001
 30
0.0
 11
-56.1593612688
 21
80.94472355950001
 31
0.0
  0
LINE
  5
3F8
330
1F
100
AcDbEntity
  8
0
  6
Continuous
 62
     7
370
    25
100
AcDbLine
 10
-55.928969398
 20
80.94472355950001
 30
0.0
 11
-56.1593612688
 21
80.94472355950001
 31
0.0
  0
LINE
  5
3F9
330
1F
100
AcDbEntity
  8
0
  6
Continuous
 62
     7
370
    25
100
AcDbLine
 10
-55.928969398
 20
80.94472355950001
 30
0.0
 11
-55.928969398
 21
96.94361713139999
 31
0.0
  0
LINE
  5
3FA
330
1F
100
AcDbEntity
  8
0
  6
Continuous
 62
     7
370
    25
100
AcDbLine
 10
-55.928969398
 20
96.94361713139999
 30
0.0
 11
-37.3260049626
 21
96.94361713139999
 31
0.0
  0
LINE
  5
3FB
330
1F
100
AcDbEntity
  8
0
  6
Continuous
 62
     7
370
    25
100
AcDbLine
 10
-37.3260049626
 20
96.94361713139999
 30
0.0
 11
-37.3260049626
 21
80.94472355950001
 31
0.0
  0
LINE
  5
3FC
330
1F
100
AcDbEntity
  8
0
  6
Continuous
 62
     7
370
    25
100
AcDbLine
 10
-36.8570938758
 20
80.94472355950001
 30
0.0
 11
-37.3260049626
 21
80.94472355950001
 31
0.0
  0
LINE
  5
3FD
330
1F
100
AcDbEntity
  8
0
  6
Continuous
 62
     7
370
    25
100
AcDbLine
 10
-36.8570938758
 20
80.94472355950001
 30
0.0
 11
-32.4274120585
 21
64.41292595600001
 31
0.0
  0
LINE
  5
3FE
330
1F
100
AcDbEntity
  8
0
  6
Continuous
 62
     7
370
    25
100
AcDbLine
 10
-32.2432556807
 20
62.3054408842
 30
0.0
 11
-32.4274120585
 21
64.41292595600001
 31
0.0
  0
LINE
  5
3FF
330
1F
100
AcDbEntity
  8
0
  6
Continuous
 62
     7
370
    25
100
AcDbLine
 10
-32.2432556807
 20
61.55544088420001
 30
0.0
 11
-32.2432556807
 21
62.3054408842
 31
0.0
  0
LINE
  5
400
330
1F
100
AcDbEntity
  8
0
  6
Continuous
 62
     7
370
    25
100
AcDbLine
 10
-32.10524163520001
 20
61.55544088420001
 30
0.0
 11
-32.2432556807
 21
61.55544088420001
 31
0.0
  0
LINE
  5
401
330
1F
100
AcDbEntity
  8
0
  6
Continuous
 62
     7
370
    25
100
AcDbLine
 10
-32.10524163520001
 20
61.55544088420001
 30
0.0
 11
-29.3535521994
 21
32.8992934972
 31
0.0
  0
LINE
  5
402
330
1F
100
AcDbEntity
  8
0
  6
Continuous
 62
     7
370
    25
100
AcDbLine
 10
-29.3535521994
 20
32.8992934972
 30
0.0
 11
-26.6018627636
 21
61.55544088420001
 31
0.0
  0
LINE
  5
403
330
1F
100
AcDbEntity
  8
0
  6
Continuous
 62
     7
370
    25
100
AcDbLine
 10
-26.4638487181
 20
61.55544088420001
 30
0.0
 11
-26.6018627636
 21
61.55544088420001
 31
0.0
  0
LINE
  5
404
330
1F
100
AcDbEntity
  8
0
  6
Continuous
 62
     7
370
    25
100
AcDbLine
 10
-26.4638487181
 20
62.3054408842
 30
0.0
 11
-26.4638487181
 21
61.55544088420001
 31
0.0
  0
LINE
  5
405
330
1F
100
AcDbEntity
  8
0
  6
Continuous
 62
     7
370
    25
100
AcDbLine
 10
-26.2796923403
 20
64.41292595600001
 30
0.0
 11
-26.4638487181
 21
62.3054408842
 31
0.0
  0
LINE
  5
406
330
1F
100
AcDbEntity
  8
0
  6
Continuous
 62
     7
370
    25
100
AcDbLine
 10
-26.2796923403
 20
64.41292595600001
 30
0.0
 11
-21.850010523
 21
80.94472355950001
 31
0.0
  0
LINE
  5
407
330
1F
100
AcDbEntity
  8
0
  6
Continuous
 62
     7
370
    25
100
AcDbLine
 10
-21.3810994362
 20
80.94472355950001
 30
0.0
 11
-21.850010523
 21
80.94472355950001
 31
0.0
  0
LINE
  5
408
330
1F
100
AcDbEntity
  8
0
  6
Continuous
 62
     7
370
    25
100
AcDbLine
 10
-21.3810994362
 20
80.94472355950001
 30
0.0
 11
-21.3810994362
 21
96.94361713139999
 31
0.0
  0
LINE
  5
409
330
1F
100
AcDbEntity
  8
0
  6
Continuous
 62
     7
370
    25
100
AcDbLine
 10
-21.3810994362
 20
96.94361713139999
 30
0.0
 11
-6.6911676551
 21
96.94361713139999
 31
0.0
  0
LINE
  5
40A
330
1F
100
AcDbEntity
  8
0
  6
Continuous
 62
     7
370
    25
100
AcDbLine
 10
-6.6911676551
 20
96.94361713139999
 30
0.0
 11
-6.6911676551
 21
80.94472355950001
 31
0.0
  0
LINE
  5
40B
330
1F
100
AcDbEntity
  8
0
  6
Continuous
 62
     7
370
    25
100
AcDbLine
 10
-6.2222565684
 20
80.94472355950001
 30
0.0
 11
-6.6911676551
 21
80.94472355950001
 31
0.0
  0
LINE
  5
40C
330
1F
100
AcDbEntity
  8
0
  6
Continuous
 62
     7
370
    25
100
AcDbLine
 10
-6.2222565684
 20
80.94472355950001
 30
0.0
 11
-1.7925747511
 21
64.41292595600001
 31
0.0
  0
LINE
  5
40D
330
1F
100
AcDbEntity
  8
0
  6
Continuous
 62
     7
370
    25
100
AcDbLine
 10
-1.6084183733
 20
62.3054408842
 30
0.0
 11
-1.7925747511
 21
64.41292595600001
 31
0.0
  0
LINE
  5
40E
330
1F
100
AcDbEntity
  8
0
  6
Continuous
 62
     7
370
    25
100
AcDbLine
 10
-1.6084183733
 20
61.55544088420001
 30
0.0
 11
-1.6084183733
 21
62.3054408842
 31
0.0
  0
LINE
  5
40F
330
1F
100
AcDbEntity
  8
0
  6
Continuous
 62
     7
370
    25
100
AcDbLine
 10
-1.4704043277
 20
61.55544088420001
 30
0.0
 11
-1.6084183733
 21
61.55544088420001
 31
0.0
  0
LINE
  5
410
330
1F
100
AcDbEntity
  8
0
  6
Continuous
 62
     7
370
    25
100
AcDbLine
 10
-1.4704043277
 20
61.55544088420001
 30
0.0
 11
1.281285108
 21
32.8992934972
 31
0.0
  0
LINE
  5
411
330
1F
100
AcDbEntity
  8
0
  6
Continuous
 62
     7
370
    25
100
AcDbLine
 10
1.281285108
 20
32.8992934972
 30
0.0
 11
4.032974543799999
 21
61.55544088420001
 31
0.0
  0
LINE
  5
412
330
1F
100
AcDbEntity
  8
0
  6
Continuous
 62
     7
370
    25
100
AcDbLine
 10
4.1709885893
 20
61.55544088420001
 30
0.0
 11
4.032974543799999
 21
61.55544088420001
 31
0.0
  0
LINE
  5
413
330
1F
100
AcDbEntity
  8
0
  6
Continuous
 62
     7
370
    25
100
AcDbLine
 10
4.1709885893
 20
62.3054408842
 30
0.0
 11
4.1709885893
 21
61.55544088420001
 31
0.0
  0
LINE
  5
414
330
1F
100
AcDbEntity
  8
0
  6
Continuous
 62
     7
370
    25
100
AcDbLine
 10
4.3551449672
 20
64.41292595600001
 30
0.0
 11
4.1709885893
 21
62.3054408842
 31
0.0
  0
LINE
  5
415
330
1F
100
AcDbEntity
  8
0
  6
Continuous
 62
     7
370
    25
100
AcDbLine
 10
4.3551449672
 20
64.41292595600001
 30
0.0
 11
8.784826784399999
 21
80.94472355950001
 31
0.0
  0
LINE
  5
416
330
1F
100
AcDbEntity
  8
0
  6
Continuous
 62
     7
370
    25
100
AcDbLine
 10
9.2537378712
 20
80.94472355950001
 30
0.0
 11
8.784826784399999
 21
80.94472355950001
 31
0.0
  0
LINE
  5
417
330
1F
100
AcDbEntity
  8
0
  6
Continuous
 62
     7
370
    25
100
AcDbLine
 10
9.2537378712
 20
80.94472355950001
 30
0.0
 11
9.2537378712
 21
96.94361713139999
 31
0.0
  0
LINE
  5
418
330
1F
100
AcDbEntity
  8
0
  6
Continuous
 62
     7
370
    25
100
AcDbLine
 10
9.2537378712
 20
96.94361713139999
 30
0.0
 11
27.8567023066
 21
96.94361713139999
 31
0.0
  0
LINE
  5
419
330
1F
100
AcDbEntity
  8
0
  6
Continuous
 62
     7
370
    25
100
AcDbLine
 10
27.8567023066
 20
96.94361713139999
 30
0.0
 11
27.8567023066
 21
80.94472355950001
 31
0.0
  0
LINE
  5
41A
330
1F
100
AcDbEntity
  8
0
  6
Continuous
 62
     7
370
    25
100
AcDbLine
 10
28.0870941774
 20
80.94472355950001
 30
0.0
 11
27.8567023066
 21
80.94472355950001
 31
0.0
  0
LINE
  5
41B
330
1F
100
AcDbEntity
  8
0
  6
Continuous
 62
     7
370
    25
100
AcDbLine
 10
28.0870941774
 20
80.94472355950001
 30
0.0
 11
30.2635466215
 21
64.41292595600001
 31
0.0
  0
LINE
  5
41C
330
1F
100
AcDbEntity
  8
0
  6
Continuous
 62
     7
370
    25
100
AcDbLine
 10
30.3540288762
 20
62.3054408842
 30
0.0
 11
30.2635466215
 21
64.41292595600001
 31
0.0
  0
LINE
  5
41D
330
1F
100
AcDbEntity
  8
0
  6
Continuous
 62
     7
370
    25
100
AcDbLine
 10
30.3540288762
 20
61.55544088420001
 30
0.0
 11
30.3540288762
 21
62.3054408842
 31
0.0
  0
LINE
  5
41E
330
1F
100
AcDbEntity
  8
0
  6
Continuous
 62
     7
370
    25
100
AcDbLine
 10
30.4218398431
 20
61.55544088420001
 30
0.0
 11
30.3540288762
 21
61.55544088420001
 31
0.0
  0
LINE
  5
41F
330
1F
100
AcDbEntity
  8
0
  6
Continuous
 62
     7
370
    25
100
AcDbLine
 10
30.4218398431
 20
61.55544088420001
 30
0.0
 11
32.0277896883
 21
27.5166822369
 31
0.0
  0
LINE
  5
420
330
1F
100
AcDbEntity
  8
0
  6
Continuous
 62
     7
370
    25
100
AcDbLine
 10
32.0277896883
 20
27.5166822369
 30
0.0
 11
33.6337395335
 21
61.55544088420001
 31
0.0
  0
LINE
  5
421
330
1F
100
AcDbEntity
  8
0
  6
Continuous
 62
     7
370
    25
100
AcDbLine
 10
33.7015505003
 20
61.55544088420001
 30
0.0
 11
33.6337395335
 21
61.55544088420001
 31
0.0
  0
LINE
  5
422
330
1F
100
AcDbEntity
  8
0
  6
Continuous
 62
     7
370
    25
100
AcDbLine
 10
33.7015505003
 20
62.3054408842
 30
0.0
 11
33.7015505003
 21
61.55544088420001
 31
0.0
  0
LINE
  5
423
330
1F
100
AcDbEntity
  8
0
  6
Continuous
 62
     7
370
    25
100
AcDbLine
 10
33.792032755
 20
64.41292595600001
 30
0.0
 11
33.7015505003
 21
62.3054408842
 31
0.0
  0
LINE
  5
424
330
1F
100
AcDbEntity
  8
0
  6
Continuous
 62
     7
370
    25
100
AcDbLine
 10
33.792032755
 20
64.41292595600001
 30
0.0
 11
35.9684851991
 21
80.94472355950001
 31
0.0
  0
LINE
  5
425
330
1F
100
AcDbEntity
  8
0
  6
Continuous
 62
     7
370
    25
100
AcDbLine
 10
36.1988770699
 20
80.94472355950001
 30
0.0
 11
35.9684851991
 21
80.94472355950001
 31
0.0
  0
LINE
  5
426
330
1F
100
AcDbEntity
  8
0
  6
Continuous
 62
     7
370
    25
100
AcDbLine
 10
36.1988770699
 20
80.94472355950001
 30
0.0
 11
36.1988770699
 21
96.94361713139999
 31
0.0
  0
LINE
  5
427
330
1F
100
AcDbEntity
  8
0
  6
Continuous
 62
     7
370
    25
100
AcDbLine
 10
36.1988770699
 20
96.94361713139999
 30
0.0
 11
536.8277329085999
 21
96.94361713139999
 31
0.0
  0
LINE
  5
428
330
1F
100
AcDbEntity
  8
0
  6
Continuous
 62
     7
370
    25
100
AcDbLine
 10
536.8277329085999
 20
96.94361713139999
 30
0.0
 11
536.8277329085999
 21
84.0691703455
 31
0.0
  0
LINE
  5
429
330
1F
100
AcDbEntity
  8
0
  6
Continuous
 62
     7
370
    25
100
AcDbLine
 10
546.8277329085999
 20
30.4073304775
 30
0.0
 11
536.8277329085999
 21
30.4073304775
 31
0.0
  0
LINE
  5
42A
330
1F
100
AcDbEntity
  8
0
  6
Continuous
 62
     7
370
    25
100
AcDbLine
 10
546.8277329085999
 20
10.4073304775
 30
0.0
 11
546.8277329085999
 21
30.4073304775
 31
0.0
  0
LINE
  5
42B
330
1F
100
AcDbEntity
  8
0
  6
Continuous
 62
     7
370
    25
100
AcDbLine
 10
546.8277329085999
 20
10.4073304775
 30
0.0
 11
536.8277329085999
 21
10.4073304775
 31
0.0
  0
LINE
  5
42C
330
1F
100
AcDbEntity
  8
0
  6
Continuous
 62
     7
370
    25
100
AcDbLine
 10
536.8277329085999
 20
10.4073304775
 30
0.0
 11
536.8277329085999
 21
0.6255532141
 31
0.0
  0
LINE
  5
42D
330
1F
100
AcDbEntity
  8
0
  6
Continuous
 62
     7
370
    25
100
AcDbLine
 10
536.8277329085999
 20
-48.49778714380001
 30
0.0
 11
37.0398848045
 21
-48.49778714380001
 31
0.0
  0
LINE
  5
42E
330
1F
100
AcDbEntity
  8
0
  6
Continuous
 62
     7
370
    25
100
AcDbLine
 10
37.0398848045
 20
-48.49778714380001
 30
0.0
 11
37.0398848045
 21
-32.4988935719
 31
0.0
  0
LINE
  5
42F
330
1F
100
AcDbEntity
  8
0
  6
Continuous
 62
     7
370
    25
100
AcDbLine
 10
36.8094929337
 20
-32.4988935719
 30
0.0
 11
37.0398848045
 21
-32.4988935719
 31
0.0
  0
LINE
  5
430
330
1F
100
AcDbEntity
  8
0
  6
Continuous
 62
     7
370
    25
100
AcDbLine
 10
36.8094929337
 20
-32.4988935719
 30
0.0
 11
32.7611786329
 21
-1.7488935719
 31
0.0
  0
LINE
  5
431
330
1F
100
AcDbEntity
  8
0
  6
Continuous
 62
     7
370
    25
100
AcDbLine
 10
32.2568641526
 20
1.0
 30
0.0
 11
32.7611786329
 21
-1.7488935719
 31
0.0
  0
LINE
  5
432
330
1F
100
AcDbEntity
  8
0
  6
Continuous
 62
     7
370
    25
100
AcDbLine
 10
32.2568641526
 20
0.0
 30
0.0
 11
32.2568641526
 21
1.0
 31
0.0
  0
LINE
  5
433
330
1F
100
AcDbEntity
  8
0
  6
Continuous
 62
     7
370
    25
100
AcDbLine
 10
31.7987152239
 20
0.0
 30
0.0
 11
32.2568641526
 21
0.0
 31
0.0
  0
LINE
  5
434
330
1F
100
AcDbEntity
  8
0
  6
Continuous
 62
     7
370
    25
100
AcDbLine
 10
31.7987152239
 20
1.0
 30
0.0
 11
31.7987152239
 21
0.0
 31
0.0
  0
LINE
  5
435
330
1F
100
AcDbEntity
  8
0
  6
Continuous
 62
     7
370
    25
100
AcDbLine
 10
31.2944007436
 20
-1.7488935719
 30
0.0
 11
31.7987152239
 21
1.0
 31
0.0
  0
LINE
  5
436
330
1F
100
AcDbEntity
  8
0
  6
Continuous
 62
     7
370
    25
100
AcDbLine
 10
31.2944007436
 20
-1.7488935719
 30
0.0
 11
27.2460864428
 21
-32.4988935719
 31
0.0
  0
LINE
  5
437
330
1F
100
AcDbEntity
  8
0
  6
Continuous
 62
     7
370
    25
100
AcDbLine
 10
27.0156945721
 20
-32.4988935719
 30
0.0
 11
27.2460864428
 21
-32.4988935719
 31
0.0
  0
LINE
  5
438
330
1F
100
AcDbEntity
  8
0
  6
Continuous
 62
     7
370
    25
100
AcDbLine
 10
27.0156945721
 20
-32.4988935719
 30
0.0
 11
27.0156945721
 21
-48.49778714380001
 31
0.0
  0
LINE
  5
439
330
1F
100
AcDbEntity
  8
0
  6
Continuous
 62
     7
370
    25
100
AcDbLine
 10
27.0156945721
 20
-48.49778714380001
 30
0.0
 11
10.9654208809
 21
-48.49778714380001
 31
0.0
  0
LINE
  5
43A
330
1F
100
AcDbEntity
  8
0
  6
Continuous
 62
     7
370
    25
100
AcDbLine
 10
10.9654208809
 20
-48.49778714380001
 30
0.0
 11
10.9654208809
 21
-32.4988935719
 31
0.0
  0
LINE
  5
43B
330
1F
100
AcDbEntity
  8
0
  6
Continuous
 62
     7
370
    25
100
AcDbLine
 10
10.4965097941
 20
-32.4988935719
 30
0.0
 11
10.9654208809
 21
-32.4988935719
 31
0.0
  0
LINE
  5
43C
330
1F
100
AcDbEntity
  8
0
  6
Continuous
 62
     7
370
    25
100
AcDbLine
 10
10.4965097941
 20
-32.4988935719
 30
0.0
 11
2.257072126899999
 21
-1.7488935719
 31
0.0
  0
LINE
  5
43D
330
1F
100
AcDbEntity
  8
0
  6
Continuous
 62
     7
370
    25
100
AcDbLine
 10
1.739434036699999
 20
1.0
 30
0.0
 11
2.257072126899999
 21
-1.7488935719
 31
0.0
  0
LINE
  5
43E
330
1F
100
AcDbEntity
  8
0
  6
Continuous
 62
     7
370
    25
100
AcDbLine
 10
1.739434036699999
 20
0.0
 30
0.0
 11
1.739434036699999
 21
1.0
 31
0.0
  0
LINE
  5
43F
330
1F
100
AcDbEntity
  8
0
  6
Continuous
 62
     7
370
    25
100
AcDbLine
 10
0.8231361793999999
 20
0.0
 30
0.0
 11
1.739434036699999
 21
0.0
 31
0.0
  0
LINE
  5
440
330
1F
100
AcDbEntity
  8
0
  6
Continuous
 62
     7
370
    25
100
AcDbLine
 10
0.8231361793999999
 20
1.0
 30
0.0
 11
0.8231361793999999
 21
0.0
 31
0.0
  0
LINE
  5
441
330
1F
100
AcDbEntity
  8
0
  6
Continuous
 62
     7
370
    25
100
AcDbLine
 10
0.3054980892000001
 20
-1.7488935719
 30
0.0
 11
0.8231361793999999
 21
1.0
 31
0.0
  0
LINE
  5
442
330
1F
100
AcDbEntity
  8
0
  6
Continuous
 62
     7
370
    25
100
AcDbLine
 10
0.3054980892000001
 20
-1.7488935719
 30
0.0
 11
-7.933939578099999
 21
-32.4988935719
 31
0.0
  0
LINE
  5
443
330
1F
100
AcDbEntity
  8
0
  6
Continuous
 62
     7
370
    25
100
AcDbLine
 10
-8.4028506648
 20
-32.4988935719
 30
0.0
 11
-7.933939578099999
 21
-32.4988935719
 31
0.0
  0
LINE
  5
444
330
1F
100
AcDbEntity
  8
0
  6
Continuous
 62
     7
370
    25
100
AcDbLine
 10
-8.4028506648
 20
-32.4988935719
 30
0.0
 11
-8.4028506648
 21
-48.49778714380001
 31
0.0
  0
LINE
  5
445
330
1F
100
AcDbEntity
  8
0
  6
Continuous
 62
     7
370
    25
100
AcDbLine
 10
-8.4028506648
 20
-48.49778714380001
 30
0.0
 11
-19.6694164265
 21
-48.49778714380001
 31
0.0
  0
LINE
  5
446
330
1F
100
AcDbEntity
  8
0
  6
Continuous
 62
     7
370
    25
100
AcDbLine
 10
-19.6694164265
 20
-48.49778714380001
 30
0.0
 11
-19.6694164265
 21
-32.4988935719
 31
0.0
  0
LINE
  5
447
330
1F
100
AcDbEntity
  8
0
  6
Continuous
 62
     7
370
    25
100
AcDbLine
 10
-20.1383275133
 20
-32.4988935719
 30
0.0
 11
-19.6694164265
 21
-32.4988935719
 31
0.0
  0
LINE
  5
448
330
1F
100
AcDbEntity
  8
0
  6
Continuous
 62
     7
370
    25
100
AcDbLine
 10
-20.1383275133
 20
-32.4988935719
 30
0.0
 11
-28.3777651806
 21
-1.7488935719
 31
0.0
  0
LINE
  5
449
330
1F
100
AcDbEntity
  8
0
  6
Continuous
 62
     7
370
    25
100
AcDbLine
 10
-28.8954032708
 20
1.0
 30
0.0
 11
-28.3777651806
 21
-1.7488935719
 31
0.0
  0
ARC
  5
44A
330
1F
100
AcDbEntity
  8
0
  6
Continuous
 62
     7
370
    25
100
AcDbCircle
 10
-1464.1836927499
 20
31.4073304775
 30
0.0
 40
2.999999999999825
100
AcDbArc
 50
90.0
 51
160.0
  0
ARC
  5
44B
330
1F
100
AcDbEntity
  8
0
  6
Continuous
 62
     7
370
    25
100
AcDbCircle
 10
-1472.1910379038
 20
9.4073304775
 30
0.0
 40
3.000000000000446
100
AcDbArc
 50
160.0
 51
270.0
  0
ARC
  5
44C
330
1F
100
AcDbEntity
  8
0
  6
Continuous
 62
     7
370
    25
100
AcDbCircle
 10
-1420.1910379038
 20
9.4073304775
 30
0.0
 40
3.0
100
AcDbArc
 50
270.0
 51
0.0
  0
ARC
  5
44D
330
1F
100
AcDbEntity
  8
0
  6
Continuous
 62
     7
370
    25
100
AcDbCircle
 10
-1420.1910379038
 20
31.4073304775
 30
0.0
 40
3.000000000000226
100
AcDbArc
 50
0.0
 51
90.0
  0
ARC
  5
44E
330
1F
100
AcDbEntity
  8
0
  6
Continuous
 62
     7
370
    25
100
AcDbCircle
 10
-1484.8254704747
 20
31.4073304775
 30
0.0
 40
3.00000000000083
100
AcDbArc
 50
90.0
 51
160.0
  0
ARC
  5
44F
330
1F
100
AcDbEntity
  8
0
  6
Continuous
 62
     7
370
    25
100
AcDbCircle
 10
-1492.8328156285
 20
9.4073304775
 30
0.0
 40
3.000000000000607
100
AcDbArc
 50
160.0
 51
270.0
  0
ARC
  5
450
330
1F
100
AcDbEntity
  8
0
  6
Continuous
 62
     7
370
    25
100
AcDbCircle
 10
-1489.2178822634
 20
9.4073304775
 30
0.0
 40
2.999999999999674
100
AcDbArc
 50
270.0
 51
340.0
  0
ARC
  5
451
330
1F
100
AcDbEntity
  8
0
  6
Continuous
 62
     7
370
    25
100
AcDbCircle
 10
-1481.2105371095
 20
31.4073304775
 30
0.0
 40
2.999999999999879
100
AcDbArc
 50
340.0
 51
90.0
  0
ARC
  5
452
330
1F
100
AcDbEntity
  8
0
  6
Continuous
 62
     7
370
    25
100
AcDbCircle
 10
-1624.1836927499
 20
31.4073304775
 30
0.0
 40
3.000000000000306
100
AcDbArc
 50
90.0
 51
160.0
  0
ARC
  5
453
330
1F
100
AcDbEntity
  8
0
  6
Continuous
 62
     7
370
    25
100
AcDbCircle
 10
-1632.1910379038
 20
9.4073304775
 30
0.0
 40
3.000000000000287
100
AcDbArc
 50
160.0
 51
270.0
  0
ARC
  5
454
330
1F
100
AcDbEntity
  8
0
  6
Continuous
 62
     7
370
    25
100
AcDbCircle
 10
-1580.1910379038
 20
9.4073304775
 30
0.0
 40
3.0
100
AcDbArc
 50
270.0
 51
0.0
  0
ARC
  5
455
330
1F
100
AcDbEntity
  8
0
  6
Continuous
 62
     7
370
    25
100
AcDbCircle
 10
-1580.1910379038
 20
31.4073304775
 30
0.0
 40
3.000000000000226
100
AcDbArc
 50
0.0
 51
90.0
  0
ARC
  5
456
330
1F
100
AcDbEntity
  8
0
  6
Continuous
 62
     7
370
    25
100
AcDbCircle
 10
-1644.8254704747
 20
31.4073304775
 30
0.0
 40
3.000000000000547
100
AcDbArc
 50
90.0
 51
160.0
  0
ARC
  5
457
330
1F
100
AcDbEntity
  8
0
  6
Continuous
 62
     7
370
    25
100
AcDbCircle
 10
-1652.8328156285
 20
9.4073304775
 30
0.0
 40
3.000000000000234
100
AcDbArc
 50
160.0
 51
270.0
  0
ARC
  5
458
330
1F
100
AcDbEntity
  8
0
  6
Continuous
 62
     7
370
    25
100
AcDbCircle
 10
-1649.2178822634
 20
9.4073304775
 30
0.0
 40
3.000000000000634
100
AcDbArc
 50
270.0
 51
340.0
  0
ARC
  5
459
330
1F
100
AcDbEntity
  8
0
  6
Continuous
 62
     7
370
    25
100
AcDbCircle
 10
-1641.2105371095
 20
31.4073304775
 30
0.0
 40
2.999999999999871
100
AcDbArc
 50
340.0
 51
90.0
  0
ARC
  5
45A
330
1F
100
AcDbEntity
  8
0
  6
Continuous
 62
     7
370
    25
100
AcDbCircle
 10
-1784.1836927499
 20
31.4073304775
 30
0.0
 40
3.000000000000592
100
AcDbArc
 50
90.0
 51
160.0
  0
ARC
  5
45B
330
1F
100
AcDbEntity
  8
0
  6
Continuous
 62
     7
370
    25
100
AcDbCircle
 10
-1792.1910379038
 20
9.4073304775
 30
0.0
 40
3.000000000000621
100
AcDbArc
 50
160.0
 51
270.0
  0
ARC
  5
45C
330
1F
100
AcDbEntity
  8
0
  6
Continuous
 62
     7
370
    25
100
AcDbCircle
 10
-1740.1910379038
 20
9.4073304775
 30
0.0
 40
2.999999999999545
100
AcDbArc
 50
270.0
 51
0.0
  0
ARC
  5
45D
330
1F
100
AcDbEntity
  8
0
  6
Continuous
 62
     7
370
    25
100
AcDbCircle
 10
-1740.1910379038
 20
31.4073304775
 30
0.0
 40
2.999999999999772
100
AcDbArc
 50
360.0
 51
90.0
  0
ARC
  5
45E
330
1F
100
AcDbEntity
  8
0
  6
Continuous
 62
     7
370
    25
100
AcDbCircle
 10
-1804.8254704747
 20
31.4073304775
 30
0.0
 40
3.000000000000631
100
AcDbArc
 50
90.0
 51
160.0
  0
ARC
  5
45F
330
1F
100
AcDbEntity
  8
0
  6
Continuous
 62
     7
370
    25
100
AcDbCircle
 10
-1812.8328156285
 20
9.4073304775
 30
0.0
 40
3.000000000000453
100
AcDbArc
 50
160.0
 51
270.0
  0
ARC
  5
460
330
1F
100
AcDbEntity
  8
0
  6
Continuous
 62
     7
370
    25
100
AcDbCircle
 10
-1809.2178822634
 20
9.4073304775
 30
0.0
 40
3.000000000000433
100
AcDbArc
 50
270.0
 51
340.0
  0
ARC
  5
461
330
1F
100
AcDbEntity
  8
0
  6
Continuous
 62
     7
370
    25
100
AcDbCircle
 10
-1801.2105371095
 20
31.4073304775
 30
0.0
 40
3.000000000000075
100
AcDbArc
 50
340.0
 51
90.0
  0
ARC
  5
462
330
1F
100
AcDbEntity
  8
0
  6
Continuous
 62
     7
370
    25
100
AcDbCircle
 10
-1335.9638664543
 20
-12.7488935719
 30
0.0
 40
1.999999999999773
100
AcDbArc
 50
180.0
 51
360.0
  0
ARC
  5
463
330
1F
100
AcDbEntity
  8
0
  6
Continuous
 62
     7
370
    25
100
AcDbCircle
 10
70.19103790379999
 20
9.4073304775
 30
0.0
 40
2.999999999999848
100
AcDbArc
 50
180.0
 51
270.0
  0
ARC
  5
464
330
1F
100
AcDbEntity
  8
0
  6
Continuous
 62
     7
370
    25
100
AcDbCircle
 10
122.1910379038
 20
9.4073304775
 30
0.0
 40
2.999999999999921
100
AcDbArc
 50
270.0
 51
20.0
  0
ARC
  5
465
330
1F
100
AcDbEntity
  8
0
  6
Continuous
 62
     7
370
    25
100
AcDbCircle
 10
114.1836927499
 20
31.4073304775
 30
0.0
 40
2.999999999999687
100
AcDbArc
 50
20.0
 51
90.0
  0
ARC
  5
466
330
1F
100
AcDbEntity
  8
0
  6
Continuous
 62
     7
370
    25
100
AcDbCircle
 10
70.19103790379999
 20
31.4073304775
 30
0.0
 40
2.999999999999815
100
AcDbArc
 50
90.0
 51
180.0
  0
ARC
  5
467
330
1F
100
AcDbEntity
  8
0
  6
Continuous
 62
     7
370
    25
100
AcDbCircle
 10
230.1910379038
 20
9.4073304775
 30
0.0
 40
3.000000000000056
100
AcDbArc
 50
180.0
 51
270.0
  0
ARC
  5
468
330
1F
100
AcDbEntity
  8
0
  6
Continuous
 62
     7
370
    25
100
AcDbCircle
 10
282.1910379038
 20
9.4073304775
 30
0.0
 40
2.999999999999853
100
AcDbArc
 50
270.0
 51
20.0
  0
ARC
  5
469
330
1F
100
AcDbEntity
  8
0
  6
Continuous
 62
     7
370
    25
100
AcDbCircle
 10
274.1836927499
 20
31.4073304775
 30
0.0
 40
3.000000000000013
100
AcDbArc
 50
20.0
 51
90.0
  0
ARC
  5
46A
330
1F
100
AcDbEntity
  8
0
  6
Continuous
 62
     7
370
    25
100
AcDbCircle
 10
230.1910379038
 20
31.4073304775
 30
0.0
 40
2.999999999999914
100
AcDbArc
 50
90.0
 51
180.0
  0
ARC
  5
46B
330
1F
100
AcDbEntity
  8
0
  6
Continuous
 62
     7
370
    25
100
AcDbCircle
 10
390.1910379038
 20
9.4073304775
 30
0.0
 40
3.000000000000352
100
AcDbArc
 50
180.0
 51
270.0
  0
ARC
  5
46C
330
1F
100
AcDbEntity
  8
0
  6
Continuous
 62
     7
370
    25
100
AcDbCircle
 10
442.1910379037999
 20
9.4073304775
 30
0.0
 40
3.000000000000017
100
AcDbArc
 50
270.0
 51
20.0
  0
ARC
  5
46D
330
1F
100
AcDbEntity
  8
0
  6
Continuous
 62
     7
370
    25
100
AcDbCircle
 10
434.1836927499
 20
31.4073304775
 30
0.0
 40
2.999999999999733
100
AcDbArc
 50
20.0
 51
90.0
  0
ARC
  5
46E
330
1F
100
AcDbEntity
  8
0
  6
Continuous
 62
     7
370
    25
100
AcDbCircle
 10
390.1910379038
 20
31.4073304775
 30
0.0
 40
3.000000000000231
100
AcDbArc
 50
90.0
 51
180.0
  0
ARC
  5
46F
330
1F
100
AcDbEntity
  8
0
  6
Continuous
 62
     7
370
    25
100
AcDbCircle
 10
462.8328156284999
 20
9.4073304775
 30
0.0
 40
3.000000000000001
100
AcDbArc
 50
270.0
 51
20.0
  0
ARC
  5
470
330
1F
100
AcDbEntity
  8
0
  6
Continuous
 62
     7
370
    25
100
AcDbCircle
 10
454.8254704747
 20
31.4073304775
 30
0.0
 40
2.999999999999576
100
AcDbArc
 50
20.0
 51
90.0
  0
ARC
  5
471
330
1F
100
AcDbEntity
  8
0
  6
Continuous
 62
     7
370
    25
100
AcDbCircle
 10
451.2105371095
 20
31.4073304775
 30
0.0
 40
2.999999999999861
100
AcDbArc
 50
90.0
 51
200.0
  0
ARC
  5
472
330
1F
100
AcDbEntity
  8
0
  6
Continuous
 62
     7
370
    25
100
AcDbCircle
 10
459.2178822633999
 20
9.4073304775
 30
0.0
 40
2.999999999999578
100
AcDbArc
 50
200.0
 51
270.0
  0
ARC
  5
473
330
1F
100
AcDbEntity
  8
0
  6
Continuous
 62
     7
370
    25
100
AcDbCircle
 10
302.8328156285
 20
9.4073304775
 30
0.0
 40
3.000000000000087
100
AcDbArc
 50
270.0
 51
20.0
  0
ARC
  5
474
330
1F
100
AcDbEntity
  8
0
  6
Continuous
 62
     7
370
    25
100
AcDbCircle
 10
294.8254704747
 20
31.4073304775
 30
0.0
 40
2.99999999999985
100
AcDbArc
 50
20.0
 51
90.0
  0
ARC
  5
475
330
1F
100
AcDbEntity
  8
0
  6
Continuous
 62
     7
370
    25
100
AcDbCircle
 10
291.2105371095
 20
31.4073304775
 30
0.0
 40
2.99999999999989
100
AcDbArc
 50
90.0
 51
200.0
  0
ARC
  5
476
330
1F
100
AcDbEntity
  8
0
  6
Continuous
 62
     7
370
    25
100
AcDbCircle
 10
299.2178822634
 20
9.4073304775
 30
0.0
 40
3.000000000000182
100
AcDbArc
 50
200.0
 51
270.0
  0
ARC
  5
477
330
1F
100
AcDbEntity
  8
0
  6
Continuous
 62
     7
370
    25
100
AcDbCircle
 10
142.8328156285
 20
9.4073304775
 30
0.0
 40
3.000000000000004
100
AcDbArc
 50
270.0
 51
20.0
  0
ARC
  5
478
330
1F
100
AcDbEntity
  8
0
  6
Continuous
 62
     7
370
    25
100
AcDbCircle
 10
134.8254704747
 20
31.4073304775
 30
0.0
 40
2.999999999999947
100
AcDbArc
 50
20.0
 51
90.0
  0
ARC
  5
479
330
1F
100
AcDbEntity
  8
0
  6
Continuous
 62
     7
370
    25
100
AcDbCircle
 10
131.2105371095
 20
31.4073304775
 30
0.0
 40
2.999999999999861
100
AcDbArc
 50
90.0
 51
200.0
  0
ARC
  5
47A
330
1F
100
AcDbEntity
  8
0
  6
Continuous
 62
     7
370
    25
100
AcDbCircle
 10
139.2178822634
 20
9.4073304775
 30
0.0
 40
3.000000000000241
100
AcDbArc
 50
200.0
 51
270.0
  0
ARC
  5
47B
330
1F
100
AcDbEntity
  8
0
  6
Continuous
 62
     7
370
    25
100
AcDbCircle
 10
480.7277329086
 20
20.4073304775
 30
0.0
 40
2.500000000000003
100
AcDbArc
 50
270.0
 51
90.0
  0
ARC
  5
47C
330
1F
100
AcDbEntity
  8
0
  6
Continuous
 62
     7
370
    25
100
AcDbCircle
 10
478.7277329085999
 20
20.4073304775
 30
0.0
 40
2.5
100
AcDbArc
 50
90.0
 51
270.0
  0
ARC
  5
47D
330
1F
100
AcDbEntity
  8
0
  6
Continuous
 62
     7
370
    25
100
AcDbCircle
 10
-1162.0
 20
49.3807551697
 30
0.0
 40
2.999999999999957
100
AcDbArc
 50
180.0
 51
270.0
  0
ARC
  5
47E
330
1F
100
AcDbEntity
  8
0
  6
Continuous
 62
     7
370
    25
100
AcDbCircle
 10
-1128.0
 20
49.3807551697
 30
0.0
 40
3.0
100
AcDbArc
 50
270.0
 51
0.0
  0
ARC
  5
47F
330
1F
100
AcDbEntity
  8
0
  6
Continuous
 62
     7
370
    25
100
AcDbCircle
 10
-1128.0
 20
53.3807551697
 30
0.0
 40
3.000000000000226
100
AcDbArc
 50
0.0
 51
90.0
  0
ARC
  5
480
330
1F
100
AcDbEntity
  8
0
  6
Continuous
 62
     7
370
    25
100
AcDbCircle
 10
-1162.0
 20
53.3807551697
 30
0.0
 40
3.000000000000454
100
AcDbArc
 50
90.0
 51
180.0
  0
ARC
  5
481
330
1F
100
AcDbEntity
  8
0
  6
Continuous
 62
     7
370
    25
100
AcDbCircle
 10
-927.0
 20
49.3807551697
 30
0.0
 40
2.999999999999901
100
AcDbArc
 50
180.0
 51
270.0
  0
ARC
  5
482
330
1F
100
AcDbEntity
  8
0
  6
Continuous
 62
     7
370
    25
100
AcDbCircle
 10
-893.0
 20
49.3807551697
 30
0.0
 40
2.999999999999936
100
AcDbArc
 50
270.0
 51
0.0
  0
ARC
  5
483
330
1F
100
AcDbEntity
  8
0
  6
Continuous
 62
     7
370
    25
100
AcDbCircle
 10
-893.0
 20
53.3807551697
 30
0.0
 40
3.000000000000013
100
AcDbArc
 50
0.0
 51
90.0
  0
ARC
  5
484
330
1F
100
AcDbEntity
  8
0
  6
Continuous
 62
     7
370
    25
100
AcDbCircle
 10
-927.0
 20
53.3807551697
 30
0.0
 40
3.000000000000113
100
AcDbArc
 50
90.0
 51
180.0
  0
ARC
  5
485
330
1F
100
AcDbEntity
  8
0
  6
Continuous
 62
     7
370
    25
100
AcDbCircle
 10
-692.0
 20
49.3807551697
 30
0.0
 40
3.00000000000012
100
AcDbArc
 50
180.0
 51
270.0
  0
ARC
  5
486
330
1F
100
AcDbEntity
  8
0
  6
Continuous
 62
     7
370
    25
100
AcDbCircle
 10
-658.0
 20
49.3807551697
 30
0.0
 40
3.000000000000156
100
AcDbArc
 50
270.0
 51
360.0
  0
ARC
  5
487
330
1F
100
AcDbEntity
  8
0
  6
Continuous
 62
     7
370
    25
100
AcDbCircle
 10
-658.0
 20
53.3807551697
 30
0.0
 40
3.000000000000113
100
AcDbArc
 50
0.0
 51
90.0
  0
ARC
  5
488
330
1F
100
AcDbEntity
  8
0
  6
Continuous
 62
     7
370
    25
100
AcDbCircle
 10
-692.0
 20
53.3807551697
 30
0.0
 40
3.000000000000113
100
AcDbArc
 50
90.0
 51
180.0
  0
ARC
  5
489
330
1F
100
AcDbEntity
  8
0
  6
Continuous
 62
     7
370
    25
100
AcDbCircle
 10
-457.0
 20
49.3807551697
 30
0.0
 40
3.000000000000006
100
AcDbArc
 50
180.0
 51
270.0
  0
ARC
  5
48A
330
1F
100
AcDbEntity
  8
0
  6
Continuous
 62
     7
370
    25
100
AcDbCircle
 10
-423.0
 20
49.3807551697
 30
0.0
 40
3.000000000000021
100
AcDbArc
 50
270.0
 51
0.0
  0
ARC
  5
48B
330
1F
100
AcDbEntity
  8
0
  6
Continuous
 62
     7
370
    25
100
AcDbCircle
 10
-423.0
 20
53.3807551697
 30
0.0
 40
3.0
100
AcDbArc
 50
0.0
 51
90.0
  0
ARC
  5
48C
330
1F
100
AcDbEntity
  8
0
  6
Continuous
 62
     7
370
    25
100
AcDbCircle
 10
-457.0
 20
53.3807551697
 30
0.0
 40
3.0
100
AcDbArc
 50
90.0
 51
180.0
  0
ARC
  5
48D
330
1F
100
AcDbEntity
  8
0
  6
Continuous
 62
     7
370
    25
100
AcDbCircle
 10
-222.0
 20
49.3807551697
 30
0.0
 40
3.000000000000028
100
AcDbArc
 50
180.0
 51
270.0
  0
ARC
  5
48E
330
1F
100
AcDbEntity
  8
0
  6
Continuous
 62
     7
370
    25
100
AcDbCircle
 10
-188.0
 20
49.3807551697
 30
0.0
 40
3.0
100
AcDbArc
 50
270.0
 51
0.0
  0
ARC
  5
48F
330
1F
100
AcDbEntity
  8
0
  6
Continuous
 62
     7
370
    25
100
AcDbCircle
 10
-188.0
 20
53.3807551697
 30
0.0
 40
3.0
100
AcDbArc
 50
0.0
 51
90.0
  0
ARC
  5
490
330
1F
100
AcDbEntity
  8
0
  6
Continuous
 62
     7
370
    25
100
AcDbCircle
 10
-222.0
 20
53.3807551697
 30
0.0
 40
3.000000000000085
100
AcDbArc
 50
90.0
 51
180.0
  0
ARC
  5
491
330
1F
100
AcDbEntity
  8
0
  6
Continuous
 62
     7
370
    25
100
AcDbCircle
 10
-827.0145299546001
 20
31.53
 30
0.0
 40
3.000000000000113
100
AcDbArc
 50
90.0
 51
180.0
  0
ARC
  5
492
330
1F
100
AcDbEntity
  8
0
  6
Continuous
 62
     7
370
    25
100
AcDbCircle
 10
-827.0145299546001
 20
9.529999999999999
 30
0.0
 40
3.000000000000113
100
AcDbArc
 50
180.0
 51
270.0
  0
ARC
  5
493
330
1F
100
AcDbEntity
  8
0
  6
Continuous
 62
     7
370
    25
100
AcDbCircle
 10
-775.0145299546001
 20
9.529999999999999
 30
0.0
 40
3.000000000000142
100
AcDbArc
 50
270.0
 51
20.0
  0
ARC
  5
494
330
1F
100
AcDbEntity
  8
0
  6
Continuous
 62
     7
370
    25
100
AcDbCircle
 10
-783.0218751084999
 20
31.53
 30
0.0
 40
2.999999999999881
100
AcDbArc
 50
20.0
 51
90.0
  0
ARC
  5
495
330
1F
100
AcDbEntity
  8
0
  6
Continuous
 62
     7
370
    25
100
AcDbCircle
 10
-997.4269981364001
 20
31.53
 30
0.0
 40
3.000000000000508
100
AcDbArc
 50
20.0
 51
90.0
  0
ARC
  5
496
330
1F
100
AcDbEntity
  8
0
  6
Continuous
 62
     7
370
    25
100
AcDbCircle
 10
-1000.9950307489
 20
31.53
 30
0.0
 40
2.999999999999491
100
AcDbArc
 50
90.0
 51
200.0
  0
ARC
  5
497
330
1F
100
AcDbEntity
  8
0
  6
Continuous
 62
     7
370
    25
100
AcDbCircle
 10
-992.987685595
 20
9.529999999999999
 30
0.0
 40
3.000000000000023
100
AcDbArc
 50
200.0
 51
270.0
  0
ARC
  5
498
330
1F
100
AcDbEntity
  8
0
  6
Continuous
 62
     7
370
    25
100
AcDbCircle
 10
-989.4196529825999
 20
9.529999999999999
 30
0.0
 40
2.999999999999973
100
AcDbArc
 50
270.0
 51
20.0
  0
ARC
  5
499
330
1F
100
AcDbEntity
  8
0
  6
Continuous
 62
     7
370
    25
100
AcDbCircle
 10
-1266.8990993059
 20
31.53
 30
0.0
 40
2.999999999999776
100
AcDbArc
 50
90.0
 51
180.0
  0
ARC
  5
49A
330
1F
100
AcDbEntity
  8
0
  6
Continuous
 62
     7
370
    25
100
AcDbCircle
 10
-1266.8990993059
 20
9.529999999999999
 30
0.0
 40
2.999999999999545
100
AcDbArc
 50
180.0
 51
270.0
  0
ARC
  5
49B
330
1F
100
AcDbEntity
  8
0
  6
Continuous
 62
     7
370
    25
100
AcDbCircle
 10
-1214.8990993059
 20
9.529999999999999
 30
0.0
 40
3.000000000000325
100
AcDbArc
 50
270.0
 51
20.0
  0
ARC
  5
49C
330
1F
100
AcDbEntity
  8
0
  6
Continuous
 62
     7
370
    25
100
AcDbCircle
 10
-1222.9064444597
 20
31.53
 30
0.0
 40
2.999999999999984
100
AcDbArc
 50
20.0
 51
90.0
  0
ARC
  5
49D
330
1F
100
AcDbEntity
  8
0
  6
Continuous
 62
     7
370
    25
100
AcDbCircle
 10
-1202.3115674877
 20
31.53
 30
0.0
 40
3.000000000000667
100
AcDbArc
 50
20.0
 51
90.0
  0
ARC
  5
49E
330
1F
100
AcDbEntity
  8
0
  6
Continuous
 62
     7
370
    25
100
AcDbCircle
 10
-1205.8796001001
 20
31.53
 30
0.0
 40
2.999999999999971
100
AcDbArc
 50
90.0
 51
200.0
  0
ARC
  5
49F
330
1F
100
AcDbEntity
  8
0
  6
Continuous
 62
     7
370
    25
100
AcDbCircle
 10
-1197.8722549463
 20
9.529999999999999
 30
0.0
 40
3.000000000000369
100
AcDbArc
 50
200.0
 51
270.0
  0
ARC
  5
4A0
330
1F
100
AcDbEntity
  8
0
  6
Continuous
 62
     7
370
    25
100
AcDbCircle
 10
-1194.3042223338
 20
9.529999999999999
 30
0.0
 40
2.99999999999955
100
AcDbArc
 50
270.0
 51
20.0
  0
ARC
  5
4A1
330
1F
100
AcDbEntity
  8
0
  6
Continuous
 62
     7
370
    25
100
AcDbCircle
 10
-762.4269981364
 20
31.53
 30
0.0
 40
3.00000000000005
100
AcDbArc
 50
20.0
 51
90.0
  0
ARC
  5
4A2
330
1F
100
AcDbEntity
  8
0
  6
Continuous
 62
     7
370
    25
100
AcDbCircle
 10
-765.9950307489
 20
31.53
 30
0.0
 40
2.999999999999753
100
AcDbArc
 50
90.0
 51
200.0
  0
ARC
  5
4A3
330
1F
100
AcDbEntity
  8
0
  6
Continuous
 62
     7
370
    25
100
AcDbCircle
 10
-757.987685595
 20
9.529999999999999
 30
0.0
 40
3.000000000000363
100
AcDbArc
 50
200.0
 51
270.0
  0
ARC
  5
4A4
330
1F
100
AcDbEntity
  8
0
  6
Continuous
 62
     7
370
    25
100
AcDbCircle
 10
-754.4196529825999
 20
9.529999999999999
 30
0.0
 40
3.000000000000024
100
AcDbArc
 50
270.0
 51
20.0
  0
ARC
  5
4A5
330
1F
100
AcDbEntity
  8
0
  6
Continuous
 62
     7
370
    25
100
AcDbCircle
 10
-592.0145299546
 20
31.53
 30
0.0
 40
3.000000000000245
100
AcDbArc
 50
90.0
 51
180.0
  0
ARC
  5
4A6
330
1F
100
AcDbEntity
  8
0
  6
Continuous
 62
     7
370
    25
100
AcDbCircle
 10
-592.0145299546
 20
9.529999999999999
 30
0.0
 40
3.000000000000023
100
AcDbArc
 50
180.0
 51
270.0
  0
ARC
  5
4A7
330
1F
100
AcDbEntity
  8
0
  6
Continuous
 62
     7
370
    25
100
AcDbCircle
 10
-540.0145299545999
 20
9.529999999999999
 30
0.0
 40
2.999999999999984
100
AcDbArc
 50
270.0
 51
20.0
  0
ARC
  5
4A8
330
1F
100
AcDbEntity
  8
0
  6
Continuous
 62
     7
370
    25
100
AcDbCircle
 10
-548.0218751085
 20
31.53
 30
0.0
 40
2.999999999999559
100
AcDbArc
 50
20.0
 51
90.0
  0
ARC
  5
4A9
330
1F
100
AcDbEntity
  8
0
  6
Continuous
 62
     7
370
    25
100
AcDbCircle
 10
-527.4269981364
 20
31.53
 30
0.0
 40
3.000000000000008
100
AcDbArc
 50
20.0
 51
90.0
  0
ARC
  5
4AA
330
1F
100
AcDbEntity
  8
0
  6
Continuous
 62
     7
370
    25
100
AcDbCircle
 10
-530.9950307489
 20
31.53
 30
0.0
 40
2.999999999999747
100
AcDbArc
 50
90.0
 51
200.0
  0
ARC
  5
4AB
330
1F
100
AcDbEntity
  8
0
  6
Continuous
 62
     7
370
    25
100
AcDbCircle
 10
-522.987685595
 20
9.529999999999999
 30
0.0
 40
3.000000000000178
100
AcDbArc
 50
200.0
 51
270.0
  0
ARC
  5
4AC
330
1F
100
AcDbEntity
  8
0
  6
Continuous
 62
     7
370
    25
100
AcDbCircle
 10
-519.4196529826
 20
9.529999999999999
 30
0.0
 40
2.999999999999871
100
AcDbArc
 50
270.0
 51
20.0
  0
ARC
  5
4AD
330
1F
100
AcDbEntity
  8
0
  6
Continuous
 62
     7
370
    25
100
AcDbCircle
 10
-357.0145299546
 20
31.53
 30
0.0
 40
2.999999999999896
100
AcDbArc
 50
90.0
 51
180.0
  0
ARC
  5
4AE
330
1F
100
AcDbEntity
  8
0
  6
Continuous
 62
     7
370
    25
100
AcDbCircle
 10
-357.0145299546
 20
9.529999999999999
 30
0.0
 40
2.999999999999909
100
AcDbArc
 50
180.0
 51
270.0
  0
ARC
  5
4AF
330
1F
100
AcDbEntity
  8
0
  6
Continuous
 62
     7
370
    25
100
AcDbCircle
 10
-305.0145299546
 20
9.529999999999999
 30
0.0
 40
3.000000000000173
100
AcDbArc
 50
270.0
 51
20.0
  0
ARC
  5
4B0
330
1F
100
AcDbEntity
  8
0
  6
Continuous
 62
     7
370
    25
100
AcDbCircle
 10
-313.0218751085
 20
31.53
 30
0.0
 40
2.999999999999588
100
AcDbArc
 50
20.0
 51
90.0
  0
ARC
  5
4B1
330
1F
100
AcDbEntity
  8
0
  6
Continuous
 62
     7
370
    25
100
AcDbCircle
 10
-1062.0145299546
 20
31.53
 30
0.0
 40
2.999999999999776
100
AcDbArc
 50
90.0
 51
180.0
  0
ARC
  5
4B2
330
1F
100
AcDbEntity
  8
0
  6
Continuous
 62
     7
370
    25
100
AcDbCircle
 10
-1062.0145299546
 20
9.529999999999999
 30
0.0
 40
3.0
100
AcDbArc
 50
180.0
 51
270.0
  0
ARC
  5
4B3
330
1F
100
AcDbEntity
  8
0
  6
Continuous
 62
     7
370
    25
100
AcDbCircle
 10
-1010.0145299546
 20
9.529999999999999
 30
0.0
 40
3.000000000000214
100
AcDbArc
 50
270.0
 51
20.0
  0
ARC
  5
4B4
330
1F
100
AcDbEntity
  8
0
  6
Continuous
 62
     7
370
    25
100
AcDbCircle
 10
-1018.0218751085
 20
31.53
 30
0.0
 40
2.999999999999101
100
AcDbArc
 50
20.0
 51
90.0
  0
ARC
  5
4B5
330
1F
100
AcDbEntity
  8
0
  6
Continuous
 62
     7
370
    25
100
AcDbCircle
 10
-87.37487248289999
 20
31.53
 30
0.0
 40
3.000000000000254
100
AcDbArc
 50
20.0
 51
90.0
  0
ARC
  5
4B6
330
1F
100
AcDbEntity
  8
0
  6
Continuous
 62
     7
370
    25
100
AcDbCircle
 10
-90.94290509530001
 20
31.53
 30
0.0
 40
2.999999999999837
100
AcDbArc
 50
90.0
 51
200.0
  0
ARC
  5
4B7
330
1F
100
AcDbEntity
  8
0
  6
Continuous
 62
     7
370
    25
100
AcDbCircle
 10
-82.9355599414
 20
9.529999999999999
 30
0.0
 40
2.999999999999971
100
AcDbArc
 50
200.0
 51
270.0
  0
ARC
  5
4B8
330
1F
100
AcDbEntity
  8
0
  6
Continuous
 62
     7
370
    25
100
AcDbCircle
 10
-79.367527329
 20
9.529999999999999
 30
0.0
 40
2.999999999999822
100
AcDbArc
 50
270.0
 51
20.0
  0
ARC
  5
4B9
330
1F
100
AcDbEntity
  8
0
  6
Continuous
 62
     7
370
    25
100
AcDbCircle
 10
-151.9624043011
 20
31.53
 30
0.0
 40
2.999999999999943
100
AcDbArc
 50
90.0
 51
180.0
  0
ARC
  5
4BA
330
1F
100
AcDbEntity
  8
0
  6
Continuous
 62
     7
370
    25
100
AcDbCircle
 10
-151.9624043011
 20
9.529999999999999
 30
0.0
 40
2.999999999999914
100
AcDbArc
 50
180.0
 51
270.0
  0
ARC
  5
4BB
330
1F
100
AcDbEntity
  8
0
  6
Continuous
 62
     7
370
    25
100
AcDbCircle
 10
-99.96240430110001
 20
9.529999999999999
 30
0.0
 40
3.000000000000095
100
AcDbArc
 50
270.0
 51
20.0
  0
ARC
  5
4BC
330
1F
100
AcDbEntity
  8
0
  6
Continuous
 62
     7
370
    25
100
AcDbCircle
 10
-107.9697494549
 20
31.53
 30
0.0
 40
2.999999999999502
100
AcDbArc
 50
20.0
 51
90.0
  0
ARC
  5
4BD
330
1F
100
AcDbEntity
  8
0
  6
Continuous
 62
     7
370
    25
100
AcDbCircle
 10
-292.4269981364
 20
31.53
 30
0.0
 40
3.000000000000313
100
AcDbArc
 50
20.0
 51
90.0
  0
ARC
  5
4BE
330
1F
100
AcDbEntity
  8
0
  6
Continuous
 62
     7
370
    25
100
AcDbCircle
 10
-295.9950307489
 20
31.53
 30
0.0
 40
2.999999999999787
100
AcDbArc
 50
90.0
 51
200.0
  0
ARC
  5
4BF
330
1F
100
AcDbEntity
  8
0
  6
Continuous
 62
     7
370
    25
100
AcDbCircle
 10
-287.987685595
 20
9.529999999999999
 30
0.0
 40
3.000000000000078
100
AcDbArc
 50
200.0
 51
270.0
  0
ARC
  5
4C0
330
1F
100
AcDbEntity
  8
0
  6
Continuous
 62
     7
370
    25
100
AcDbCircle
 10
-284.4196529826
 20
9.529999999999999
 30
0.0
 40
2.999999999999818
100
AcDbArc
 50
270.0
 51
20.0
  0
ARC
  5
4C1
330
1F
100
AcDbEntity
  8
0
  6
Continuous
 62
     7
370
    25
100
AcDbCircle
 10
-14.0361335457
 20
-10.2488935719
 30
0.0
 40
2.000000000004648
100
AcDbArc
 50
180.0
 51
210.9688329153
  0
ARC
  5
4C2
330
1F
100
AcDbEntity
  8
0
  6
Continuous
 62
     7
370
    25
100
AcDbCircle
 10
-14.0361335457
 20
-10.2488935719
 30
0.0
 40
2.000000000000011
100
AcDbArc
 50
222.4327688344
 51
314.1442562785
  0
ARC
  5
4C3
330
1F
100
AcDbEntity
  8
0
  6
Continuous
 62
     7
370
    25
100
AcDbCircle
 10
-14.0361335457
 20
-10.2488935719
 30
0.0
 40
1.999999999993334
100
AcDbArc
 50
325.6081922081
 51
337.0721281392
  0
ARC
  5
4C4
330
1F
100
AcDbEntity
  8
0
  6
Continuous
 62
     7
370
    25
100
AcDbCircle
 10
-14.0361335457
 20
-10.2488935719
 30
0.0
 40
1.999999999992821
100
AcDbArc
 50
348.5360640696
 51
0.0
  0
ARC
  5
4C5
330
1F
100
AcDbEntity
  8
0
  6
Continuous
 62
     7
370
    25
100
AcDbCircle
 10
-1162.0
 20
93.94361713139998
 30
0.0
 40
3.000000000000043
100
AcDbArc
 50
180.0
 51
270.0
  0
ARC
  5
4C6
330
1F
100
AcDbEntity
  8
0
  6
Continuous
 62
     7
370
    25
100
AcDbCircle
 10
-1128.0
 20
93.94361713139998
 30
0.0
 40
3.000000000000013
100
AcDbArc
 50
270.0
 51
0.0
  0
ARC
  5
4C7
330
1F
100
AcDbEntity
  8
0
  6
Continuous
 62
     7
370
    25
100
AcDbCircle
 10
-927.0
 20
93.94361713139998
 30
0.0
 40
3.000000000000113
100
AcDbArc
 50
180.0
 51
270.0
  0
ARC
  5
4C8
330
1F
100
AcDbEntity
  8
0
  6
Continuous
 62
     7
370
    25
100
AcDbCircle
 10
-893.0
 20
93.94361713139998
 30
0.0
 40
3.000000000000128
100
AcDbArc
 50
270.0
 51
360.0
  0
ARC
  5
4C9
330
1F
100
AcDbEntity
  8
0
  6
Continuous
 62
     7
370
    25
100
AcDbCircle
 10
-692.0
 20
93.94361713139998
 30
0.0
 40
3.0
100
AcDbArc
 50
180.0
 51
270.0
  0
ARC
  5
4CA
330
1F
100
AcDbEntity
  8
0
  6
Continuous
 62
     7
370
    25
100
AcDbCircle
 10
-658.0
 20
93.94361713139998
 30
0.0
 40
3.000000000000128
100
AcDbArc
 50
270.0
 51
360.0
  0
ARC
  5
4CB
330
1F
100
AcDbEntity
  8
0
  6
Continuous
 62
     7
370
    25
100
AcDbCircle
 10
-457.0
 20
93.94361713139998
 30
0.0
 40
3.0
100
AcDbArc
 50
180.0
 51
270.0
  0
ARC
  5
4CC
330
1F
100
AcDbEntity
  8
0
  6
Continuous
 62
     7
370
    25
100
AcDbCircle
 10
-423.0
 20
93.94361713139998
 30
0.0
 40
3.000000000000113
100
AcDbArc
 50
270.0
 51
360.0
  0
ARC
  5
4CD
330
1F
100
AcDbEntity
  8
0
  6
Continuous
 62
     7
370
    25
100
AcDbCircle
 10
-222.0
 20
93.94361713139998
 30
0.0
 40
3.0
100
AcDbArc
 50
180.0
 51
270.0
  0
ARC
  5
4CE
330
1F
100
AcDbEntity
  8
0
  6
Continuous
 62
     7
370
    25
100
AcDbCircle
 10
-188.0
 20
93.94361713139998
 30
0.0
 40
3.000000000000098
100
AcDbArc
 50
270.0
 51
360.0
  0
ARC
  5
516
330
1F
100
AcDbEntity
  8
0
100
AcDbCircle
 10
-1886.8277329086
 20
-34.6233403578
 30
0.0
 40
1.0
100
AcDbArc
 50
270.0
 51
90.00000000001303
  0
ARC
  5
517
330
1F
100
AcDbEntity
  8
0
100
AcDbCircle
 10
-1886.8277329086
 20
-0.3744467858999982
 30
0.0
 40
1.0
100
AcDbArc
 50
270.000000000013
 51
89.99999999998697
  0
ARC
  5
518
330
1F
100
AcDbEntity
  8
0
100
AcDbCircle
 10
-1886.8277329086
 20
40.13536520509999
 30
0.0
 40
1.0
100
AcDbArc
 50
270.0
 51
90.0
  0
ARC
  5
519
330
1F
100
AcDbEntity
  8
0
100
AcDbCircle
 10
-1886.8277329086
 20
63.3591834201
 30
0.0
 40
1.0
100
AcDbArc
 50
270.0
 51
90.00000000001303
  0
ARC
  5
51A
330
1F
100
AcDbEntity
  8
0
100
AcDbCircle
 10
-1886.8277329086
 20
83.0691703455
 30
0.0
 40
1.0
100
AcDbArc
 50
270.0
 51
90.0
  0
ARC
  5
51B
330
1F
100
AcDbEntity
  8
0
100
AcDbCircle
 10
536.8277329085999
 20
83.0691703455
 30
0.0
 40
1.0
100
AcDbArc
 50
90.0
 51
270.0
  0
ARC
  5
51C
330
1F
100
AcDbEntity
  8
0
100
AcDbCircle
 10
536.8277329085999
 20
63.3591834201
 30
0.0
 40
1.0
100
AcDbArc
 50
90.0
 51
270.0
  0
ARC
  5
51D
330
1F
100
AcDbEntity
  8
0
100
AcDbCircle
 10
536.8277329085999
 20
40.1353652051
 30
0.0
 40
1.0
100
AcDbArc
 50
90.0
 51
270.0
  0
ARC
  5
51E
330
1F
100
AcDbEntity
  8
0
100
AcDbCircle
 10
536.8277329085999
 20
-0.3744467859
 30
0.0
 40
1.0
100
AcDbArc
 50
90.0
 51
270.0
  0
ARC
  5
51F
330
1F
100
AcDbEntity
  8
0
100
AcDbCircle
 10
536.8277329085999
 20
-34.6233403578
 30
0.0
 40
1.0
100
AcDbArc
 50
90.0
 51
270.0
  0
LINE
  5
520
330
1F
100
AcDbEntity
  8
0
  6
Continuous
 62
     7
370
    25
100
AcDbLine
 10
536.8277329085999
 20
-35.62334035780001
 30
0.0
 11
536.8277329085999
 21
-48.49778714380001
 31
0.0
  0
LINE
  5
523
330
1F
100
AcDbEntity
  8
0
  6
Continuous
 62
     7
370
    25
100
AcDbLine
 10
536.8277329085999
 20
-1.3744467859
 30
0.0
 11
536.8277329085999
 21
-33.6233403578
 31
0.0
  0
LINE
  5
524
330
1F
100
AcDbEntity
  8
0
  6
Continuous
 62
     7
370
    25
100
AcDbLine
 10
536.8277329085999
 20
39.1353652051
 30
0.0
 11
536.8277329085999
 21
30.4073304775
 31
0.0
  0
LINE
  5
525
330
1F
100
AcDbEntity
  8
0
  6
Continuous
 62
     7
370
    25
100
AcDbLine
 10
536.8277329085999
 20
62.3591834201
 30
0.0
 11
536.8277329085999
 21
41.1353652051
 31
0.0
  0
LINE
  5
526
330
1F
100
AcDbEntity
  8
0
  6
Continuous
 62
     7
370
    25
100
AcDbLine
 10
536.8277329085999
 20
82.0691703455
 30
0.0
 11
536.8277329085999
 21
64.35918342010001
 31
0.0
  0
LINE
  5
528
330
1F
100
AcDbEntity
  8
0
  6
Continuous
 62
     7
370
    25
100
AcDbLine
 10
-1886.8277329086
 20
-33.6233403578
 30
0.0
 11
-1886.8277329086
 21
-1.374446785899998
 31
0.0
  0
LINE
  5
529
330
1F
100
AcDbEntity
  8
0
  6
Continuous
 62
     7
370
    25
100
AcDbLine
 10
-1886.8277329086
 20
0.6255532141000018
 30
0.0
 11
-1886.8277329086
 21
10.4073304775
 31
0.0
  0
LINE
  5
52A
330
1F
100
AcDbEntity
  8
0
  6
Continuous
 62
     7
370
    25
100
AcDbLine
 10
-1886.8277329086
 20
41.13536520509999
 30
0.0
 11
-1886.8277329086
 21
62.35918342009999
 31
0.0
  0
LINE
  5
52B
330
1F
100
AcDbEntity
  8
0
  6
Continuous
 62
     7
370
    25
100
AcDbLine
 10
-1886.8277329086
 20
64.35918342009999
 30
0.0
 11
-1886.8277329086
 21
82.0691703455
 31
0.0
  0
LINE
  5
52C
330
1F
100
AcDbEntity
  8
0
  6
Continuous
 62
     7
370
    25
100
AcDbLine
 10
-1886.8277329086
 20
84.0691703455
 30
0.0
 11
-1886.8277329086
 21
96.94361713139999
 31
0.0
  0
ENDSEC
  0
SECTION
  2
OBJECTS
  0
DICTIONARY
  5
C
330
0
100
AcDbDictionary
281
     1
  3
ACAD_CIP_PREVIOUS_PRODUCT_INFO
350
50E
  3
ACAD_COLOR
350
503
  3
ACAD_DETAILVIEWSTYLE
350
50A
  3
ACAD_GROUP
350
D
  3
ACAD_LAYOUT
350
1A
  3
ACAD_MATERIAL
350
4D1
  3
ACAD_MLEADERSTYLE
350
506
  3
ACAD_MLINESTYLE
350
17
  3
ACAD_PLOTSETTINGS
350
19
  3
ACAD_PLOTSTYLENAME
350
E
  3
ACAD_SCALELIST
350
47
  3
ACAD_SECTIONVIEWSTYLE
350
508
  3
ACAD_TABLESTYLE
350
504
  3
ACAD_VISUALSTYLE
350
4EA
  3
ACDB_RECOMPOSE_DATA
350
53C
  3
AcDbVariableDictionary
350
52F
  0
DICTIONARY
  5
52D
330
10
100
AcDbDictionary
280
     1
281
     1
  3
ADSK_XREC_LAYER_RECONCILED
360
52E
  0
DICTIONARY
  5
521
330
1F
100
AcDbDictionary
280
     1
281
     1
  3
ACAD_SORTENTS
360
522
  0
XRECORD
  5
50E
102
{ACAD_REACTORS
330
C
102
}
330
C
100
AcDbXrecord
280
     1
300
ACD
300
2019
300

  0
DICTIONARY
  5
503
102
{ACAD_REACTORS
330
C
102
}
330
C
100
AcDbDictionary
281
     1
  0
DICTIONARY
  5
50A
102
{ACAD_REACTORS
330
C
102
}
330
C
100
AcDbDictionary
281
     1
  3
Metric50
350
50B
  0
DICTIONARY
  5
D
102
{ACAD_REACTORS
330
C
102
}
330
C
100
AcDbDictionary
281
     1
  0
DICTIONARY
  5
1A
102
{ACAD_REACTORS
330
C
102
}
330
C
100
AcDbDictionary
281
     1
  3
Layout1
350
1E
  3
Layout2
350
26
  3
Model
350
22
  0
DICTIONARY
  5
4D1
102
{ACAD_REACTORS
330
C
102
}
330
C
100
AcDbDictionary
281
     1
  3
ByBlock
350
4DA
  3
ByLayer
350
4D2
  3
Global
350
4E2
  0
DICTIONARY
  5
506
102
{ACAD_REACTORS
330
C
102
}
330
C
100
AcDbDictionary
281
     1
  3
Standard
350
507
  0
DICTIONARY
  5
17
102
{ACAD_REACTORS
330
C
102
}
330
C
100
AcDbDictionary
281
     1
  3
Standard
350
18
  0
DICTIONARY
  5
19
102
{ACAD_REACTORS
330
C
102
}
330
C
100
AcDbDictionary
281
     1
  0
ACDBDICTIONARYWDFLT
  5
E
102
{ACAD_REACTORS
330
C
102
}
330
C
100
AcDbDictionary
281
     1
  3
Normal
350
F
100
AcDbDictionaryWithDefault
340
F
  0
DICTIONARY
  5
47
102
{ACAD_REACTORS
330
C
102
}
330
C
100
AcDbDictionary
281
     1
  3
A0
350
48
  3
A1
350
49
  3
A2
350
4A
  3
A3
350
4B
  3
A4
350
4C
  3
A5
350
4D
  3
A6
350
4E
  3
A7
350
4F
  3
A8
350
50
  3
A9
350
51
  3
B0
350
52
  3
B1
350
53
  3
B2
350
54
  3
B3
350
55
  3
B4
350
56
  3
B5
350
57
  3
B6
350
58
  3
B7
350
59
  3
B8
350
5A
  3
B9
350
5B
  3
C0
350
5C
  3
C1
350
5D
  3
C2
350
5E
  3
C3
350
5F
  3
C4
350
60
  3
C5
350
61
  3
C6
350
62
  3
C7
350
63
  3
C8
350
64
  3
C9
350
65
  3
D0
350
66
  3
D1
350
67
  3
D2
350
68
  0
DICTIONARY
  5
508
102
{ACAD_REACTORS
330
C
102
}
330
C
100
AcDbDictionary
281
     1
  3
Metric50
350
509
  0
DICTIONARY
  5
504
102
{ACAD_REACTORS
330
C
102
}
330
C
100
AcDbDictionary
281
     1
  3
Standard
350
505
  0
DICTIONARY
  5
4EA
102
{ACAD_REACTORS
330
C
102
}
330
C
100
AcDbDictionary
281
     1
  3
2dWireframe
350
4F0
  3
Basic
350
4EF
  3
Brighten
350
4F6
  3
ColorChange
350
4FA
  3
Conceptual
350
4F3
  3
Dim
350
4F5
  3
EdgeColorOff
350
502
  3
Facepattern
350
4F9
  3
Flat
350
4EB
  3
FlatWithEdges
350
4EC
  3
Gouraud
350
4ED
  3
GouraudWithEdges
350
4EE
  3
Hidden
350
4F2
  3
JitterOff
350
500
  3
Linepattern
350
4F8
  3
OverhangOff
350
501
  3
Realistic
350
4F4
  3
Shaded
350
4FF
  3
Shaded with edges
350
4FE
  3
Shades of Gray
350
4FB
  3
Sketchy
350
4FC
  3
Thicken
350
4F7
  3
Wireframe
350
4F1
  3
X-Ray
350
4FD
  0
XRECORD
  5
53C
102
{ACAD_REACTORS
330
C
102
}
330
C
100
AcDbXrecord
280
     1
 90
        1
330
505
  0
DICTIONARY
  5
52F
102
{ACAD_REACTORS
330
C
102
}
330
C
100
AcDbDictionary
281
     1
  3
CANNOSCALE
350
535
  3
CMLEADERSTYLE
350
531
  3
CTABLESTYLE
350
530
  3
CVIEWDETAILSTYLE
350
532
  3
CVIEWSECTIONSTYLE
350
533
  3
LAYEREVAL
350
537
  3
LAYERNOTIFY
350
538
  3
LIGHTINGUNITS
350
536
  3
MSLTSCALE
350
534
  0
XRECORD
  5
52E
102
{ACAD_REACTORS
330
52D
102
}
330
52D
100
AcDbXrecord
280
     1
290
     1
  0
SORTENTSTABLE
  5
522
102
{ACAD_REACTORS
330
521
102
}
330
521
100
AcDbSortentsTable
330
1F
331
397
  5
399
331
398
  5
39A
331
399
  5
39B
331
39A
  5
39C
331
39B
  5
3A0
331
39C
  5
3A1
331
39D
  5
3A2
331
39E
  5
3A3
331
39F
  5
3A4
331
3A0
  5
3A5
331
3A1
  5
3A6
331
3A2
  5
3A7
331
3A3
  5
3A8
331
3A4
  5
3A9
331
3A5
  5
3AA
331
3A6
  5
3AB
331
3A7
  5
3AC
331
3A8
  5
3AD
331
3A9
  5
3AE
331
3AA
  5
3AF
331
3AB
  5
3B0
331
3AC
  5
3B1
331
3AD
  5
3B2
331
3AE
  5
3B3
331
3AF
  5
3B4
331
3B0
  5
3B5
331
3B1
  5
3B6
331
3B2
  5
3B7
331
3B3
  5
3B8
331
3B4
  5
3B9
331
3B5
  5
3BA
331
3B6
  5
3BB
331
3B7
  5
3BC
331
3B8
  5
3BD
331
3B9
  5
3BE
331
3BA
  5
3BF
331
3BB
  5
3C0
331
3BC
  5
3C1
331
3BD
  5
3C2
331
3BE
  5
3C3
331
3BF
  5
3C4
331
3C0
  5
3C5
331
3C1
  5
3C6
331
3C2
  5
3C7
331
3C3
  5
3C8
331
3C4
  5
3C9
331
3C5
  5
3CA
331
3C6
  5
3CB
331
3C7
  5
3CC
331
3C8
  5
3CD
331
3C9
  5
3CE
331
3CA
  5
3CF
331
3CB
  5
3D0
331
3CC
  5
3D1
331
3CD
  5
3D2
331
3CE
  5
3D3
331
3CF
  5
3D4
331
3D0
  5
3D5
331
3D1
  5
3D6
331
3D2
  5
3D7
331
3D3
  5
3D8
331
3D4
  5
3D9
331
3D5
  5
3DA
331
3D6
  5
3DB
331
3D7
  5
3DC
331
3D8
  5
3DD
331
3D9
  5
3DE
331
3DA
  5
3DF
331
3DB
  5
3E0
331
3DC
  5
3E1
331
3DD
  5
3E2
331
3DE
  5
3E3
331
3DF
  5
3E4
331
3E0
  5
3E5
331
3E1
  5
3E6
331
3E2
  5
3E7
331
3E3
  5
3E8
331
3E4
  5
3E9
331
3E5
  5
3EA
331
3E6
  5
3EB
331
3E7
  5
3EC
331
3E8
  5
3ED
331
3E9
  5
3EE
331
3EA
  5
3EF
331
3EB
  5
3F0
331
3EC
  5
3F1
331
3ED
  5
3F2
331
3EE
  5
3F3
331
3EF
  5
3F4
331
3F0
  5
3F5
331
3F1
  5
3F6
331
3F2
  5
3F7
331
3F3
  5
3F8
331
3F4
  5
3F9
331
3F5
  5
3FA
331
3F6
  5
3FB
331
3F7
  5
3FC
331
3F8
  5
3FD
331
3F9
  5
3FE
331
3FA
  5
3FF
331
3FB
  5
400
331
3FC
  5
401
331
3FD
  5
402
331
3FE
  5
403
331
3FF
  5
404
331
400
  5
405
331
401
  5
406
331
402
  5
407
331
403
  5
408
331
404
  5
409
331
405
  5
40A
331
406
  5
40B
331
407
  5
40C
331
408
  5
40D
331
409
  5
40E
331
40A
  5
40F
331
40B
  5
410
331
40C
  5
411
331
40D
  5
412
331
40E
  5
413
331
40F
  5
414
331
410
  5
415
331
411
  5
416
331
412
  5
417
331
413
  5
418
331
414
  5
419
331
415
  5
41A
331
416
  5
41B
331
417
  5
41C
331
418
  5
41D
331
419
  5
41E
331
41A
  5
41F
331
41B
  5
420
331
41C
  5
421
331
41D
  5
422
331
41E
  5
423
331
41F
  5
424
331
420
  5
425
331
421
  5
426
331
422
  5
427
331
423
  5
428
331
424
  5
429
331
425
  5
42A
331
426
  5
42B
331
427
  5
42C
331
428
  5
42D
331
429
  5
431
331
42A
  5
432
331
42B
  5
433
331
42C
  5
434
331
42D
  5
437
331
42E
  5
438
331
42F
  5
439
331
430
  5
43A
331
431
  5
43B
331
432
  5
43C
331
433
  5
43D
331
434
  5
43E
331
435
  5
43F
331
436
  5
440
331
437
  5
441
331
438
  5
442
331
439
  5
443
331
43A
  5
444
331
43B
  5
445
331
43C
  5
446
331
43D
  5
447
331
43E
  5
448
331
43F
  5
449
331
440
  5
44A
331
441
  5
44B
331
442
  5
44C
331
443
  5
44D
331
444
  5
44E
331
445
  5
44F
331
446
  5
450
331
447
  5
451
331
448
  5
452
331
449
  5
453
331
44A
  5
454
331
44B
  5
455
331
44C
  5
456
331
44D
  5
457
331
44E
  5
458
331
44F
  5
459
331
450
  5
45A
331
451
  5
45B
331
452
  5
45C
331
453
  5
45D
331
454
  5
45E
331
455
  5
45F
331
456
  5
460
331
457
  5
461
331
458
  5
462
331
459
  5
463
331
45A
  5
464
331
45B
  5
465
331
45C
  5
466
331
45D
  5
467
331
45E
  5
468
331
45F
  5
469
331
460
  5
46A
331
461
  5
46B
331
462
  5
46C
331
463
  5
46D
331
464
  5
46E
331
465
  5
46F
331
466
  5
470
331
467
  5
471
331
468
  5
472
331
469
  5
473
331
46A
  5
474
331
46B
  5
475
331
46C
  5
476
331
46D
  5
477
331
46E
  5
478
331
46F
  5
479
331
470
  5
47A
331
471
  5
47B
331
472
  5
47C
331
473
  5
47D
331
474
  5
47E
331
475
  5
47F
331
476
  5
480
331
477
  5
481
331
478
  5
482
331
479
  5
483
331
47A
  5
484
331
47B
  5
485
331
47C
  5
486
331
47D
  5
487
331
47E
  5
488
331
47F
  5
489
331
480
  5
48A
331
481
  5
48B
331
482
  5
48C
331
483
  5
48D
331
484
  5
48E
331
485
  5
48F
331
486
  5
490
331
487
  5
491
331
488
  5
492
331
489
  5
493
331
48A
  5
494
331
48B
  5
495
331
48C
  5
496
331
48D
  5
497
331
48E
  5
498
331
48F
  5
499
331
490
  5
49A
331
491
  5
49B
331
492
  5
49C
331
493
  5
49D
331
494
  5
49E
331
495
  5
49F
331
496
  5
4A0
331
497
  5
4A1
331
498
  5
4A2
331
499
  5
4A3
331
49A
  5
4A4
331
49B
  5
4A5
331
49C
  5
4A6
331
49D
  5
4A7
331
49E
  5
4A8
331
49F
  5
4A9
331
4A0
  5
4AA
331
4A1
  5
4AB
331
4A2
  5
4AC
331
4A3
  5
4AD
331
4A4
  5
4AE
331
4A5
  5
4AF
331
4A6
  5
4B0
331
4A7
  5
4B1
331
4A8
  5
4B2
331
4A9
  5
4B3
331
4AA
  5
4B4
331
4AB
  5
4B5
331
4AC
  5
4B6
331
4AD
  5
4B7
331
4AE
  5
4B8
331
4AF
  5
4B9
331
4B0
  5
4BA
331
4B1
  5
4BB
331
4B2
  5
4BC
331
4B3
  5
4BD
331
4B4
  5
4BE
331
4B5
  5
4BF
331
4B6
  5
4C0
331
4B7
  5
4C1
331
4B8
  5
4C2
331
4B9
  5
4C3
331
4BA
  5
4C4
331
4BB
  5
4C5
331
4BC
  5
4C6
331
4BD
  5
4C7
331
4BE
  5
4C8
331
4BF
  5
4C9
331
4C0
  5
4CA
331
4C1
  5
4CB
331
4C2
  5
4CC
331
4C3
  5
4CD
331
4C4
  5
4CE
331
4C5
  5
516
331
4C6
  5
517
331
4C7
  5
518
331
4C8
  5
519
331
4C9
  5
51A
331
4CA
  5
51B
331
4CB
  5
51C
331
4CC
  5
51D
331
4CD
  5
51E
331
4CE
  5
51F
331
516
  5
520
331
517
  5
523
331
518
  5
524
331
519
  5
525
331
51A
  5
526
331
51B
  5
528
331
51C
  5
529
331
51D
  5
52A
331
51E
  5
52B
331
51F
  5
52C
331
520
  5
436
331
523
  5
435
331
524
  5
430
331
525
  5
42F
331
526
  5
42E
331
528
  5
397
331
529
  5
398
331
52A
  5
39D
331
52B
  5
39E
331
52C
  5
39F
  0
ACDBDETAILVIEWSTYLE
  5
50B
102
{ACAD_REACTORS
330
50A
102
}
330
50A
100
AcDbModelDocViewStyle
 70
     0
  3
Metric50
290
     0
300
Metric50
 90
        0
100
AcDbDetailViewStyle
 70
     0
 71
     0
 90
        3
 71
     1
340
11
 62
   256
 40
5.0
340
0
 62
   256
 40
5.0
300

 40
0.0
280
     1
 71
     2
340
16
 90
       25
 62
   256
 71
     3
340
11
 62
   256
 40
5.0
 90
        0
 40
15.0
 90
        1
300
%<\AcVar ViewDetailId>% (%<\AcVar ViewScale \f "%sn">%)
 71
     4
340
16
 90
       25
 62
   256
340
16
 90
       25
 62
   256
280
     0
  0
LAYOUT
  5
1E
102
{ACAD_REACTORS
330
1A
102
}
330
1A
100
AcDbPlotSettings
  1

  2
none_device
  4

  6

 40
0.0
 41
0.0
 42
0.0
 43
0.0
 44
0.0
 45
0.0
 46
0.0
 47
0.0
 48
0.0
 49
0.0
140
0.0
141
0.0
142
1.0
143
1.0
 70
   688
 72
     1
 73
     0
 74
     5
  7

 75
    16
147
1.0
 76
     0
 77
     2
 78
   300
148
0.0
149
0.0
100
AcDbLayout
  1
Layout1
 70
     1
 71
     1
 10
0.0
 20
0.0
 11
420.0
 21
297.0
 12
0.0
 22
0.0
 32
0.0
 14
1.000000000000000E+20
 24
1.000000000000000E+20
 34
1.000000000000000E+20
 15
-1.000000000000000E+20
 25
-1.000000000000000E+20
 35
-1.000000000000000E+20
146
0.0
 13
0.0
 23
0.0
 33
0.0
 16
1.0
 26
0.0
 36
0.0
 17
0.0
 27
1.0
 37
0.0
 76
     0
330
1B
  0
LAYOUT
  5
26
102
{ACAD_REACTORS
330
1A
102
}
330
1A
100
AcDbPlotSettings
  1

  2
none_device
  4

  6

 40
0.0
 41
0.0
 42
0.0
 43
0.0
 44
0.0
 45
0.0
 46
0.0
 47
0.0
 48
0.0
 49
0.0
140
0.0
141
0.0
142
1.0
143
1.0
 70
   688
 72
     1
 73
     0
 74
     5
  7

 75
    16
147
1.0
 76
     0
 77
     2
 78
   300
148
0.0
149
0.0
100
AcDbLayout
  1
Layout2
 70
     1
 71
     2
 10
0.0
 20
0.0
 11
0.0
 21
0.0
 12
0.0
 22
0.0
 32
0.0
 14
0.0
 24
0.0
 34
0.0
 15
0.0
 25
0.0
 35
0.0
146
0.0
 13
0.0
 23
0.0
 33
0.0
 16
1.0
 26
0.0
 36
0.0
 17
0.0
 27
1.0
 37
0.0
 76
     0
330
23
  0
LAYOUT
  5
22
102
{ACAD_REACTORS
330
1A
102
}
330
1A
100
AcDbPlotSettings
  1

  2
none_device
  4
ANSI_A_(11.00_x_8.50_Inches)
  6

 40
6.349999999999999
 41
19.05
 42
6.350005079999999
 43
19.05000254
 44
279.4
 45
215.9
 46
209.7556334475
 47
86.15812135879998
 48
0.0
 49
0.0
140
0.0
141
0.0
142
0.0044564384
143
1.0
 70
  1696
 72
     0
 73
     0
 74
     0
  7

 75
     0
147
0.0179189148
 76
     0
 77
     2
 78
   300
148
-1300.4909072572
149
0.0
100
AcDbLayout
  1
Model
 70
     1
 71
     0
 10
0.0
 20
0.0
 11
420.0
 21
297.0
 12
0.0
 22
0.0
 32
0.0
 14
-1896.8277329086
 24
-48.49778714380001
 34
0.0
 15
546.8277329085999
 25
96.94361713139999
 35
0.0
146
0.0
 13
0.0
 23
0.0
 33
0.0
 16
1.0
 26
0.0
 36
0.0
 17
0.0
 27
1.0
 37
0.0
 76
     0
330
1F
331
29
  0
MATERIAL
  5
4DA
102
{ACAD_XDICTIONARY
360
4DB
102
}
102
{ACAD_REACTORS
330
4D1
102
}
330
4D1
100
AcDbMaterial
  1
ByBlock
 72
     0
 43
0.0008202099737533
 43
0.0
 43
0.0
 43
0.0
 43
0.0
 43
0.0008202099737533
 43
0.0
 43
0.0
 43
0.0
 43
0.0
 43
1.0
 43
0.0
 43
0.0
 43
0.0
 43
0.0
 43
1.0
 77
     0
 47
0.0008202099737533
 47
0.0
 47
0.0
 47
0.0
 47
0.0
 47
0.0008202099737533
 47
0.0
 47
0.0
 47
0.0
 47
0.0
 47
1.0
 47
0.0
 47
0.0
 47
0.0
 47
0.0
 47
1.0
171
     0
 49
0.0008202099737533
 49
0.0
 49
0.0
 49
0.0
 49
0.0
 49
0.0008202099737533
 49
0.0
 49
0.0
 49
0.0
 49
0.0
 49
1.0
 49
0.0
 49
0.0
 49
0.0
 49
0.0
 49
1.0
175
     0
142
0.0008202099737533
142
0.0
142
0.0
142
0.0
142
0.0
142
0.0008202099737533
142
0.0
142
0.0
142
0.0
142
0.0
142
1.0
142
0.0
142
0.0
142
0.0
142
0.0
142
1.0
179
     0
144
0.0008202099737533
144
0.0
144
0.0
144
0.0
144
0.0
144
0.0008202099737533
144
0.0
144
0.0
144
0.0
144
0.0
144
1.0
144
0.0
144
0.0
144
0.0
144
0.0
144
1.0
147
0.0008202099737533
147
0.0
147
0.0
147
0.0
147
0.0
147
0.0008202099737533
147
0.0
147
0.0
147
0.0
147
0.0
147
1.0
147
0.0
147
0.0
147
0.0
147
0.0
147
1.0
  0
MATERIAL
  5
4D2
102
{ACAD_XDICTIONARY
360
4D3
102
}
102
{ACAD_REACTORS
330
4D1
102
}
330
4D1
100
AcDbMaterial
  1
ByLayer
 72
     0
 43
0.0008202099737533
 43
0.0
 43
0.0
 43
0.0
 43
0.0
 43
0.0008202099737533
 43
0.0
 43
0.0
 43
0.0
 43
0.0
 43
1.0
 43
0.0
 43
0.0
 43
0.0
 43
0.0
 43
1.0
 77
     0
 47
0.0008202099737533
 47
0.0
 47
0.0
 47
0.0
 47
0.0
 47
0.0008202099737533
 47
0.0
 47
0.0
 47
0.0
 47
0.0
 47
1.0
 47
0.0
 47
0.0
 47
0.0
 47
0.0
 47
1.0
171
     0
 49
0.0008202099737533
 49
0.0
 49
0.0
 49
0.0
 49
0.0
 49
0.0008202099737533
 49
0.0
 49
0.0
 49
0.0
 49
0.0
 49
1.0
 49
0.0
 49
0.0
 49
0.0
 49
0.0
 49
1.0
175
     0
142
0.0008202099737533
142
0.0
142
0.0
142
0.0
142
0.0
142
0.0008202099737533
142
0.0
142
0.0
142
0.0
142
0.0
142
1.0
142
0.0
142
0.0
142
0.0
142
0.0
142
1.0
179
     0
144
0.0008202099737533
144
0.0
144
0.0
144
0.0
144
0.0
144
0.0008202099737533
144
0.0
144
0.0
144
0.0
144
0.0
144
1.0
144
0.0
144
0.0
144
0.0
144
0.0
144
1.0
147
0.0008202099737533
147
0.0
147
0.0
147
0.0
147
0.0
147
0.0008202099737533
147
0.0
147
0.0
147
0.0
147
0.0
147
1.0
147
0.0
147
0.0
147
0.0
147
0.0
147
1.0
  0
MATERIAL
  5
4E2
102
{ACAD_XDICTIONARY
360
4E3
102
}
102
{ACAD_REACTORS
330
4D1
102
}
330
4D1
100
AcDbMaterial
  1
Global
 72
     0
 43
0.0008202099737533
 43
0.0
 43
0.0
 43
0.0
 43
0.0
 43
0.0008202099737533
 43
0.0
 43
0.0
 43
0.0
 43
0.0
 43
1.0
 43
0.0
 43
0.0
 43
0.0
 43
0.0
 43
1.0
 77
     0
 47
0.0008202099737533
 47
0.0
 47
0.0
 47
0.0
 47
0.0
 47
0.0008202099737533
 47
0.0
 47
0.0
 47
0.0
 47
0.0
 47
1.0
 47
0.0
 47
0.0
 47
0.0
 47
0.0
 47
1.0
171
     0
 49
0.0008202099737533
 49
0.0
 49
0.0
 49
0.0
 49
0.0
 49
0.0008202099737533
 49
0.0
 49
0.0
 49
0.0
 49
0.0
 49
1.0
 49
0.0
 49
0.0
 49
0.0
 49
0.0
 49
1.0
175
     0
142
0.0008202099737533
142
0.0
142
0.0
142
0.0
142
0.0
142
0.0008202099737533
142
0.0
142
0.0
142
0.0
142
0.0
142
1.0
142
0.0
142
0.0
142
0.0
142
0.0
142
1.0
179
     0
144
0.0008202099737533
144
0.0
144
0.0
144
0.0
144
0.0
144
0.0008202099737533
144
0.0
144
0.0
144
0.0
144
0.0
144
1.0
144
0.0
144
0.0
144
0.0
144
0.0
144
1.0
147
0.0008202099737533
147
0.0
147
0.0
147
0.0
147
0.0
147
0.0008202099737533
147
0.0
147
0.0
147
0.0
147
0.0
147
1.0
147
0.0
147
0.0
147
0.0
147
0.0
147
1.0
  0
MLEADERSTYLE
  5
507
102
{ACAD_REACTORS
330
506
102
}
330
506
100
AcDbMLeaderStyle
179
     2
170
     2
171
     1
172
     0
 90
        2
 40
0.0
 41
0.0
173
     1
 91
-1056964608
340
14
 92
       -2
290
     1
 42
2.0
291
     1
 43
0.36
  3
Standard
 44
4.0
300

342
11
174
     1
178
     6
175
     1
176
     0
 93
-1056964608
 45
4.0
292
     0
297
     0
 46
4.0
 94
-1056964608
 47
1.0
 49
1.0
140
1.0
293
     1
141
0.0
294
     1
177
     0
142
1.0
295
     0
296
     0
143
0.125
271
     0
272
     9
273
     9
298
     0
  0
MLINESTYLE
  5
18
102
{ACAD_REACTORS
330
17
102
}
330
17
100
AcDbMlineStyle
  2
STANDARD
 70
     0
  3

 62
   256
 51
90.0
 52
90.0
 71
     2
 49
0.5
 62
   256
  6
BYLAYER
 49
-0.5
 62
   256
  6
BYLAYER
  0
ACDBPLACEHOLDER
  5
F
102
{ACAD_REACTORS
330
E
102
}
330
E
  0
SCALE
  5
48
102
{ACAD_REACTORS
330
47
102
}
330
47
100
AcDbScale
 70
     0
300
1:1
140
1.0
141
1.0
290
     1
  0
SCALE
  5
49
102
{ACAD_REACTORS
330
47
102
}
330
47
100
AcDbScale
 70
     0
300
1:2
140
1.0
141
2.0
290
     0
  0
SCALE
  5
4A
102
{ACAD_REACTORS
330
47
102
}
330
47
100
AcDbScale
 70
     0
300
1:4
140
1.0
141
4.0
290
     0
  0
SCALE
  5
4B
102
{ACAD_REACTORS
330
47
102
}
330
47
100
AcDbScale
 70
     0
300
1:5
140
1.0
141
5.0
290
     0
  0
SCALE
  5
4C
102
{ACAD_REACTORS
330
47
102
}
330
47
100
AcDbScale
 70
     0
300
1:8
140
1.0
141
8.0
290
     0
  0
SCALE
  5
4D
102
{ACAD_REACTORS
330
47
102
}
330
47
100
AcDbScale
 70
     0
300
1:10
140
1.0
141
10.0
290
     0
  0
SCALE
  5
4E
102
{ACAD_REACTORS
330
47
102
}
330
47
100
AcDbScale
 70
     0
300
1:16
140
1.0
141
16.0
290
     0
  0
SCALE
  5
4F
102
{ACAD_REACTORS
330
47
102
}
330
47
100
AcDbScale
 70
     0
300
1:20
140
1.0
141
20.0
290
     0
  0
SCALE
  5
50
102
{ACAD_REACTORS
330
47
102
}
330
47
100
AcDbScale
 70
     0
300
1:30
140
1.0
141
30.0
290
     0
  0
SCALE
  5
51
102
{ACAD_REACTORS
330
47
102
}
330
47
100
AcDbScale
 70
     0
300
1:40
140
1.0
141
40.0
290
     0
  0
SCALE
  5
52
102
{ACAD_REACTORS
330
47
102
}
330
47
100
AcDbScale
 70
     0
300
1:50
140
1.0
141
50.0
290
     0
  0
SCALE
  5
53
102
{ACAD_REACTORS
330
47
102
}
330
47
100
AcDbScale
 70
     0
300
1:100
140
1.0
141
100.0
290
     0
  0
SCALE
  5
54
102
{ACAD_REACTORS
330
47
102
}
330
47
100
AcDbScale
 70
     0
300
2:1
140
2.0
141
1.0
290
     0
  0
SCALE
  5
55
102
{ACAD_REACTORS
330
47
102
}
330
47
100
AcDbScale
 70
     0
300
4:1
140
4.0
141
1.0
290
     0
  0
SCALE
  5
56
102
{ACAD_REACTORS
330
47
102
}
330
47
100
AcDbScale
 70
     0
300
8:1
140
8.0
141
1.0
290
     0
  0
SCALE
  5
57
102
{ACAD_REACTORS
330
47
102
}
330
47
100
AcDbScale
 70
     0
300
10:1
140
10.0
141
1.0
290
     0
  0
SCALE
  5
58
102
{ACAD_REACTORS
330
47
102
}
330
47
100
AcDbScale
 70
     0
300
100:1
140
100.0
141
1.0
290
     0
  0
SCALE
  5
59
102
{ACAD_REACTORS
330
47
102
}
330
47
100
AcDbScale
 70
     0
300
1/128" = 1'-0"
140
0.0078125
141
12.0
290
     0
  0
SCALE
  5
5A
102
{ACAD_REACTORS
330
47
102
}
330
47
100
AcDbScale
 70
     0
300
1/64" = 1'-0"
140
0.015625
141
12.0
290
     0
  0
SCALE
  5
5B
102
{ACAD_REACTORS
330
47
102
}
330
47
100
AcDbScale
 70
     0
300
1/32" = 1'-0"
140
0.03125
141
12.0
290
     0
  0
SCALE
  5
5C
102
{ACAD_REACTORS
330
47
102
}
330
47
100
AcDbScale
 70
     0
300
1/16" = 1'-0"
140
0.0625
141
12.0
290
     0
  0
SCALE
  5
5D
102
{ACAD_REACTORS
330
47
102
}
330
47
100
AcDbScale
 70
     0
300
3/32" = 1'-0"
140
0.09375
141
12.0
290
     0
  0
SCALE
  5
5E
102
{ACAD_REACTORS
330
47
102
}
330
47
100
AcDbScale
 70
     0
300
1/8" = 1'-0"
140
0.125
141
12.0
290
     0
  0
SCALE
  5
5F
102
{ACAD_REACTORS
330
47
102
}
330
47
100
AcDbScale
 70
     0
300
3/16" = 1'-0"
140
0.1875
141
12.0
290
     0
  0
SCALE
  5
60
102
{ACAD_REACTORS
330
47
102
}
330
47
100
AcDbScale
 70
     0
300
1/4" = 1'-0"
140
0.25
141
12.0
290
     0
  0
SCALE
  5
61
102
{ACAD_REACTORS
330
47
102
}
330
47
100
AcDbScale
 70
     0
300
3/8" = 1'-0"
140
0.375
141
12.0
290
     0
  0
SCALE
  5
62
102
{ACAD_REACTORS
330
47
102
}
330
47
100
AcDbScale
 70
     0
300
1/2" = 1'-0"
140
0.5
141
12.0
290
     0
  0
SCALE
  5
63
102
{ACAD_REACTORS
330
47
102
}
330
47
100
AcDbScale
 70
     0
300
3/4" = 1'-0"
140
0.75
141
12.0
290
     0
  0
SCALE
  5
64
102
{ACAD_REACTORS
330
47
102
}
330
47
100
AcDbScale
 70
     0
300
1" = 1'-0"
140
1.0
141
12.0
290
     0
  0
SCALE
  5
65
102
{ACAD_REACTORS
330
47
102
}
330
47
100
AcDbScale
 70
     0
300
1-1/2" = 1'-0"
140
1.5
141
12.0
290
     0
  0
SCALE
  5
66
102
{ACAD_REACTORS
330
47
102
}
330
47
100
AcDbScale
 70
     0
300
3" = 1'-0"
140
3.0
141
12.0
290
     0
  0
SCALE
  5
67
102
{ACAD_REACTORS
330
47
102
}
330
47
100
AcDbScale
 70
     0
300
6" = 1'-0"
140
6.0
141
12.0
290
     0
  0
SCALE
  5
68
102
{ACAD_REACTORS
330
47
102
}
330
47
100
AcDbScale
 70
     0
300
1'-0" = 1'-0"
140
12.0
141
12.0
290
     0
  0
ACDBSECTIONVIEWSTYLE
  5
509
102
{ACAD_REACTORS
330
508
102
}
330
508
100
AcDbModelDocViewStyle
 70
     0
  3
Metric50
290
     0
300
Metric50
 90
        0
100
AcDbSectionViewStyle
 70
     0
 71
     0
 90
      102
 71
     1
340
11
 62
   256
 40
5.0
340
0
340
0
 62
   256
 40
5.0
300
I, O, Q, S, X, Z
 40
10.0
 90
        0
 40
2.5
 90
        0
 71
     2
340
16
 90
       25
 62
   256
340
16
 90
       50
 62
   256
 40
5.0
 40
2.5
 40
5.0
 71
     3
340
11
 62
   256
 40
5.0
 90
        0
 40
15.0
 90
        1
300
%<\AcVar ViewSectionStartId>%-%<\AcVar ViewSectionEndId>% (%<\AcVar ViewScale \f "%sn">%)
 71
     4
 62
   256
 62
   257
300
ANSI31
 40
1.0
 90
        0
290
     0
290
     0
 90
        6
 40
0.0
 40
1.570796326794896
 40
0.2617993877991494
 40
1.308996938995747
 40
-0.2617993877991494
 40
1.832595714594046
  0
TABLESTYLE
  5
505
102
{ACAD_XDICTIONARY
360
53A
102
}
102
{ACAD_REACTORS
330
504
102
}
330
504
100
AcDbTableStyle
280
     0
  3
Standard
 70
     0
 71
     0
 40
1.5
 41
1.5
280
     0
281
     0
  7
Standard
140
4.5
170
     2
 62
     0
 63
     7
283
     0
 90
      512
 91
        0
  1

274
    -2
284
     1
 64
     0
275
    -2
285
     1
 65
     0
276
    -2
286
     1
 66
     0
277
    -2
287
     1
 67
     0
278
    -2
288
     1
 68
     0
279
    -2
289
     1
 69
     0
  7
Standard
140
6.0
170
     5
 62
     0
 63
     7
283
     0
 90
      512
 91
        0
  1

274
    -2
284
     1
 64
     0
275
    -2
285
     1
 65
     0
276
    -2
286
     1
 66
     0
277
    -2
287
     1
 67
     0
278
    -2
288
     1
 68
     0
279
    -2
289
     1
 69
     0
  7
Standard
140
4.5
170
     5
 62
     0
 63
     7
283
     0
 90
      512
 91
        0
  1

274
    -2
284
     1
 64
     0
275
    -2
285
     1
 65
     0
276
    -2
286
     1
 66
     0
277
    -2
287
     1
 67
     0
278
    -2
288
     1
 68
     0
279
    -2
289
     1
 69
     0
  0
VISUALSTYLE
  5
4F0
102
{ACAD_REACTORS
330
4EA
102
}
330
4EA
100
AcDbVisualStyle
  2
2dWireframe
 70
     4
177
     3
291
     0
 70
    58
 90
        0
176
     1
 90
        2
176
     1
 90
        0
176
     1
 90
        0
176
     1
 40
0.6
176
     1
 40
30.0
176
     1
 62
     7
420
 16777215
176
     1
 90
        1
176
     1
 90
        4
176
     1
 62
     7
176
     1
 62
   257
176
     1
 90
        1
176
     1
 90
        1
176
     1
 40
1.0
176
     1
 90
        0
176
     1
 62
   257
176
     1
 40
1.0
176
     1
 90
        1
176
     1
 90
        6
176
     1
 90
        2
176
     1
 62
     7
176
     1
 90
        5
176
     1
 90
        0
176
     1
 90
        0
176
     1
290
     0
176
     1
 90
        1
176
     1
 40
0.0
176
     1
 90
        0
176
     1
290
     1
176
     1
290
     1
176
     1
290
     0
176
     1
290
     0
176
     1
290
     0
176
     1
290
     0
176
     1
290
     0
176
     1
290
     0
176
     1
290
     0
176
     1
 90
       50
176
     1
 40
0.0
176
     1
 40
1.0
176
     1
 90
        0
176
     1
 62
    18
420
        0
176
     1
 90
       50
176
     1
 90
        3
176
     1
 62
     5
420
      255
176
     1
290
     0
176
     1
 90
       50
176
     1
 90
       50
176
     1
 90
       50
176
     1
290
     0
176
     1
 90
       50
176
     1
 62
   256
176
     0
 40
1.0
176
     0
 90
        2
176
     1
  1
strokes_ogs.tif
176
     1
290
     0
176
     1
 40
1.0
176
     1
 40
1.0
176
     1
  0
VISUALSTYLE
  5
4EF
102
{ACAD_REACTORS
330
4EA
102
}
330
4EA
100
AcDbVisualStyle
  2
Basic
 70
     7
177
     3
291
     1
 70
    58
 90
        1
176
     1
 90
        0
176
     1
 90
        1
176
     1
 90
        0
176
     1
 40
0.6
176
     1
 40
30.0
176
     1
 62
     7
420
 16777215
176
     1
 90
        0
176
     1
 90
        4
176
     1
 62
     7
176
     1
 62
   257
176
     1
 90
        1
176
     1
 90
        1
176
     1
 40
1.0
176
     1
 90
        8
176
     1
 62
     7
176
     1
 40
1.0
176
     1
 90
        1
176
     1
 90
        6
176
     1
 90
        2
176
     1
 62
     7
176
     1
 90
        5
176
     1
 90
        0
176
     1
 90
        0
176
     1
290
     0
176
     1
 90
        1
176
     1
 40
0.0
176
     1
 90
        0
176
     1
290
     0
176
     1
290
     1
176
     1
290
     1
176
     1
290
     0
176
     1
290
     0
176
     1
290
     0
176
     1
290
     0
176
     1
290
     0
176
     1
290
     0
176
     1
 90
       50
176
     1
 40
0.0
176
     1
 40
1.0
176
     1
 90
        0
176
     1
 62
    18
420
        0
176
     1
 90
       50
176
     1
 90
        3
176
     1
 62
     5
420
      255
176
     1
290
     0
176
     1
 90
       50
176
     1
 90
       50
176
     1
 90
       50
176
     1
290
     0
176
     1
 90
       50
176
     1
 62
   256
176
     0
 40
1.0
176
     0
 90
        2
176
     1
  1
strokes_ogs.tif
176
     1
290
     0
176
     1
 40
1.0
176
     1
 40
1.0
176
     1
  0
VISUALSTYLE
  5
4F6
102
{ACAD_REACTORS
330
4EA
102
}
330
4EA
100
AcDbVisualStyle
  2
Brighten
 70
    12
177
     3
291
     1
 70
    58
 90
        2
176
     1
 90
        2
176
     1
 90
        0
176
     1
 90
        0
176
     1
 40
0.6
176
     1
 40
30.0
176
     1
 62
     7
420
 16777215
176
     1
 90
        1
176
     1
 90
        4
176
     1
 62
     7
176
     1
 62
   257
176
     1
 90
        1
176
     1
 90
        1
176
     1
 40
1.0
176
     1
 90
        8
176
     1
 62
     7
176
     1
 40
1.0
176
     1
 90
        1
176
     1
 90
        6
176
     1
 90
        2
176
     1
 62
     7
176
     1
 90
        5
176
     1
 90
        0
176
     1
 90
        0
176
     1
290
     0
176
     1
 90
        1
176
     1
 40
50.0
176
     1
 90
        0
176
     1
290
     0
176
     1
290
     1
176
     1
290
     1
176
     1
290
     0
176
     1
290
     0
176
     1
290
     0
176
     1
290
     0
176
     1
290
     0
176
     1
290
     0
176
     1
 90
       50
176
     1
 40
0.0
176
     1
 40
1.0
176
     1
 90
        0
176
     1
 62
    18
420
        0
176
     1
 90
       50
176
     1
 90
        3
176
     1
 62
     5
420
      255
176
     1
290
     0
176
     1
 90
       50
176
     1
 90
       50
176
     1
 90
       50
176
     1
290
     0
176
     1
 90
       50
176
     1
 62
   256
176
     0
 40
1.0
176
     0
 90
        2
176
     1
  1
strokes_ogs.tif
176
     1
290
     0
176
     1
 40
1.0
176
     1
 40
1.0
176
     1
  0
VISUALSTYLE
  5
4FA
102
{ACAD_REACTORS
330
4EA
102
}
330
4EA
100
AcDbVisualStyle
  2
ColorChange
 70
    16
177
     3
291
     1
 70
    58
 90
        2
176
     1
 90
        2
176
     1
 90
        3
176
     1
 90
        0
176
     1
 40
0.6
176
     1
 40
30.0
176
     1
 62
     8
420
  8421504
176
     1
 90
        1
176
     1
 90
        4
176
     1
 62
     7
176
     1
 62
   257
176
     1
 90
        1
176
     1
 90
        1
176
     1
 40
1.0
176
     1
 90
        8
176
     1
 62
     8
420
  8421504
176
     1
 40
1.0
176
     1
 90
        1
176
     1
 90
        6
176
     1
 90
        2
176
     1
 62
     7
176
     1
 90
        5
176
     1
 90
        0
176
     1
 90
        0
176
     1
290
     0
176
     1
 90
        1
176
     1
 40
0.0
176
     1
 90
        0
176
     1
290
     0
176
     1
290
     1
176
     1
290
     1
176
     1
290
     0
176
     1
290
     0
176
     1
290
     0
176
     1
290
     0
176
     1
290
     0
176
     1
290
     0
176
     1
 90
       50
176
     1
 40
0.0
176
     1
 40
1.0
176
     1
 90
        0
176
     1
 62
    18
420
        0
176
     1
 90
       50
176
     1
 90
        3
176
     1
 62
     5
420
      255
176
     1
290
     0
176
     1
 90
       50
176
     1
 90
       50
176
     1
 90
       50
176
     1
290
     0
176
     1
 90
       50
176
     1
 62
   256
176
     0
 40
1.0
176
     0
 90
        2
176
     1
  1
strokes_ogs.tif
176
     1
290
     0
176
     1
 40
1.0
176
     1
 40
1.0
176
     1
  0
VISUALSTYLE
  5
4F3
102
{ACAD_REACTORS
330
4EA
102
}
330
4EA
100
AcDbVisualStyle
  2
Conceptual
 70
     9
177
     3
291
     0
 70
    58
 90
        3
176
     1
 90
        2
176
     1
 90
        0
176
     1
 90
        0
176
     1
 40
0.6
176
     1
 40
30.0
176
     1
 62
     7
420
 16777215
176
     1
 90
        2
176
     1
 90
        2
176
     1
 62
     7
176
     1
 62
   257
176
     1
 90
        1
176
     1
 90
        1
176
     1
 40
179.0
176
     1
 90
        8
176
     1
 62
     7
176
     1
 40
1.0
176
     1
 90
        1
176
     1
 90
        6
176
     1
 90
        2
176
     1
 62
     7
176
     1
 90
        3
176
     1
 90
        0
176
     1
 90
        0
176
     1
290
     0
176
     1
 90
        1
176
     1
 40
0.0
176
     1
 90
        0
176
     1
290
     0
176
     1
290
     1
176
     1
290
     1
176
     1
290
     0
176
     1
290
     0
176
     1
290
     0
176
     1
290
     0
176
     1
290
     0
176
     1
290
     0
176
     1
 90
       50
176
     1
 40
0.0
176
     1
 40
1.0
176
     1
 90
        0
176
     1
 62
    18
420
        0
176
     1
 90
       50
176
     1
 90
        3
176
     1
 62
     5
420
      255
176
     1
290
     0
176
     1
 90
       50
176
     1
 90
       50
176
     1
 90
       50
176
     1
290
     0
176
     1
 90
       50
176
     1
 62
   256
176
     0
 40
1.0
176
     0
 90
        2
176
     1
  1
strokes_ogs.tif
176
     1
290
     0
176
     1
 40
1.0
176
     1
 40
1.0
176
     1
  0
VISUALSTYLE
  5
4F5
102
{ACAD_REACTORS
330
4EA
102
}
330
4EA
100
AcDbVisualStyle
  2
Dim
 70
    11
177
     3
291
     1
 70
    58
 90
        2
176
     1
 90
        2
176
     1
 90
        0
176
     1
 90
        0
176
     1
 40
0.6
176
     1
 40
30.0
176
     1
 62
     7
420
 16777215
176
     1
 90
        1
176
     1
 90
        4
176
     1
 62
     7
176
     1
 62
   257
176
     1
 90
        1
176
     1
 90
        1
176
     1
 40
1.0
176
     1
 90
        8
176
     1
 62
     7
176
     1
 40
1.0
176
     1
 90
        1
176
     1
 90
        6
176
     1
 90
        2
176
     1
 62
     7
176
     1
 90
        5
176
     1
 90
        0
176
     1
 90
        0
176
     1
290
     0
176
     1
 90
        1
176
     1
 40
-50.0
176
     1
 90
        0
176
     1
290
     0
176
     1
290
     1
176
     1
290
     1
176
     1
290
     0
176
     1
290
     0
176
     1
290
     0
176
     1
290
     0
176
     1
290
     0
176
     1
290
     0
176
     1
 90
       50
176
     1
 40
0.0
176
     1
 40
1.0
176
     1
 90
        0
176
     1
 62
    18
420
        0
176
     1
 90
       50
176
     1
 90
        3
176
     1
 62
     5
420
      255
176
     1
290
     0
176
     1
 90
       50
176
     1
 90
       50
176
     1
 90
       50
176
     1
290
     0
176
     1
 90
       50
176
     1
 62
   256
176
     0
 40
1.0
176
     0
 90
        2
176
     1
  1
strokes_ogs.tif
176
     1
290
     0
176
     1
 40
1.0
176
     1
 40
1.0
176
     1
  0
VISUALSTYLE
  5
502
102
{ACAD_REACTORS
330
4EA
102
}
330
4EA
100
AcDbVisualStyle
  2
EdgeColorOff
 70
    22
177
     3
291
     1
 70
    58
 90
        2
176
     0
 90
        2
176
     0
 90
        0
176
     0
 90
        0
176
     0
 40
0.6
176
     0
 40
30.0
176
     0
 62
     7
420
 16777215
176
     0
 90
        1
176
     0
 90
        4
176
     0
 62
     7
176
     0
 62
   257
176
     0
 90
        1
176
     0
 90
        1
176
     0
 40
1.0
176
     0
 90
        8
176
     2
 62
     7
176
     0
 40
1.0
176
     0
 90
        1
176
     0
 90
        6
176
     0
 90
        2
176
     0
 62
     7
176
     0
 90
        5
176
     0
 90
        0
176
     0
 90
        0
176
     0
290
     0
176
     0
 90
        1
176
     0
 40
0.0
176
     0
 90
        0
176
     0
290
     0
176
     1
290
     1
176
     1
290
     1
176
     1
290
     0
176
     1
290
     0
176
     1
290
     0
176
     1
290
     0
176
     1
290
     0
176
     1
290
     0
176
     1
 90
       50
176
     0
 40
0.0
176
     0
 40
1.0
176
     0
 90
        0
176
     0
 62
    18
420
        0
176
     0
 90
       50
176
     0
 90
        3
176
     0
 62
     5
420
      255
176
     0
290
     0
176
     1
 90
       50
176
     0
 90
       50
176
     0
 90
       50
176
     0
290
     0
176
     1
 90
       50
176
     0
 62
   256
176
     0
 40
1.0
176
     0
 90
        2
176
     0
  1
strokes_ogs.tif
176
     0
290
     0
176
     1
 40
1.0
176
     0
 40
1.0
176
     0
  0
VISUALSTYLE
  5
4F9
102
{ACAD_REACTORS
330
4EA
102
}
330
4EA
100
AcDbVisualStyle
  2
Facepattern
 70
    15
177
     3
291
     1
 70
    58
 90
        2
176
     1
 90
        2
176
     1
 90
        0
176
     1
 90
        0
176
     1
 40
0.6
176
     1
 40
30.0
176
     1
 62
     7
420
 16777215
176
     1
 90
        1
176
     1
 90
        4
176
     1
 62
     7
176
     1
 62
   257
176
     1
 90
        1
176
     1
 90
        1
176
     1
 40
1.0
176
     1
 90
        8
176
     1
 62
     7
176
     1
 40
1.0
176
     1
 90
        1
176
     1
 90
        6
176
     1
 90
        2
176
     1
 62
     7
176
     1
 90
        5
176
     1
 90
        0
176
     1
 90
        0
176
     1
290
     0
176
     1
 90
        1
176
     1
 40
0.0
176
     1
 90
        0
176
     1
290
     0
176
     1
290
     1
176
     1
290
     1
176
     1
290
     0
176
     1
290
     0
176
     1
290
     0
176
     1
290
     0
176
     1
290
     0
176
     1
290
     0
176
     1
 90
       50
176
     1
 40
0.0
176
     1
 40
1.0
176
     1
 90
        0
176
     1
 62
    18
420
        0
176
     1
 90
       50
176
     1
 90
        3
176
     1
 62
     5
420
      255
176
     1
290
     0
176
     1
 90
       50
176
     1
 90
       50
176
     1
 90
       50
176
     1
290
     0
176
     1
 90
       50
176
     1
 62
   256
176
     0
 40
1.0
176
     0
 90
        2
176
     1
  1
strokes_ogs.tif
176
     1
290
     0
176
     1
 40
1.0
176
     1
 40
1.0
176
     1
  0
VISUALSTYLE
  5
4EB
102
{ACAD_REACTORS
330
4EA
102
}
330
4EA
100
AcDbVisualStyle
  2
Flat
 70
     0
177
     3
291
     1
 70
    58
 90
        2
176
     1
 90
        1
176
     1
 90
        1
176
     1
 90
        2
176
     1
 40
0.6
176
     1
 40
30.0
176
     1
 62
     7
420
 16777215
176
     1
 90
        0
176
     1
 90
        0
176
     1
 62
     7
176
     1
 62
   257
176
     1
 90
        1
176
     1
 90
        1
176
     1
 40
1.0
176
     1
 90
        8
176
     1
 62
     7
176
     1
 40
1.0
176
     1
 90
        1
176
     1
 90
        6
176
     1
 90
        2
176
     1
 62
     7
176
     1
 90
        5
176
     1
 90
        0
176
     1
 90
        0
176
     1
290
     0
176
     1
 90
       13
176
     1
 40
0.0
176
     1
 90
        0
176
     1
290
     0
176
     1
290
     1
176
     1
290
     1
176
     1
290
     0
176
     1
290
     0
176
     1
290
     0
176
     1
290
     0
176
     1
290
     0
176
     1
290
     0
176
     1
 90
       50
176
     1
 40
0.0
176
     1
 40
1.0
176
     1
 90
        0
176
     1
 62
    18
420
        0
176
     1
 90
       50
176
     1
 90
        3
176
     1
 62
     5
420
      255
176
     1
290
     0
176
     1
 90
       50
176
     1
 90
       50
176
     1
 90
       50
176
     1
290
     0
176
     1
 90
       50
176
     1
 62
   256
176
     0
 40
1.0
176
     0
 90
        2
176
     1
  1
strokes_ogs.tif
176
     1
290
     0
176
     1
 40
1.0
176
     1
 40
1.0
176
     1
  0
VISUALSTYLE
  5
4EC
102
{ACAD_REACTORS
330
4EA
102
}
330
4EA
100
AcDbVisualStyle
  2
FlatWithEdges
 70
     1
177
     3
291
     1
 70
    58
 90
        2
176
     1
 90
        1
176
     1
 90
        1
176
     1
 90
        2
176
     1
 40
0.6
176
     1
 40
30.0
176
     1
 62
     7
420
 16777215
176
     1
 90
        1
176
     1
 90
        0
176
     1
 62
     7
176
     1
 62
   257
176
     1
 90
        1
176
     1
 90
        1
176
     1
 40
1.0
176
     1
 90
        0
176
     1
 62
   257
176
     1
 40
1.0
176
     1
 90
        1
176
     1
 90
        6
176
     1
 90
        2
176
     1
 62
     7
176
     1
 90
        5
176
     1
 90
        0
176
     1
 90
        0
176
     1
290
     0
176
     1
 90
       13
176
     1
 40
0.0
176
     1
 90
        0
176
     1
290
     0
176
     1
290
     1
176
     1
290
     1
176
     1
290
     0
176
     1
290
     0
176
     1
290
     0
176
     1
290
     0
176
     1
290
     0
176
     1
290
     0
176
     1
 90
       50
176
     1
 40
0.0
176
     1
 40
1.0
176
     1
 90
        0
176
     1
 62
    18
420
        0
176
     1
 90
       50
176
     1
 90
        3
176
     1
 62
     5
420
      255
176
     1
290
     0
176
     1
 90
       50
176
     1
 90
       50
176
     1
 90
       50
176
     1
290
     0
176
     1
 90
       50
176
     1
 62
   256
176
     0
 40
1.0
176
     0
 90
        2
176
     1
  1
strokes_ogs.tif
176
     1
290
     0
176
     1
 40
1.0
176
     1
 40
1.0
176
     1
  0
VISUALSTYLE
  5
4ED
102
{ACAD_REACTORS
330
4EA
102
}
330
4EA
100
AcDbVisualStyle
  2
Gouraud
 70
     2
177
     3
291
     1
 70
    58
 90
        2
176
     1
 90
        2
176
     1
 90
        1
176
     1
 90
        2
176
     1
 40
0.6
176
     1
 40
30.0
176
     1
 62
     7
420
 16777215
176
     1
 90
        0
176
     1
 90
        0
176
     1
 62
     7
176
     1
 62
   257
176
     1
 90
        1
176
     1
 90
        1
176
     1
 40
1.0
176
     1
 90
        0
176
     1
 62
     7
176
     1
 40
1.0
176
     1
 90
        1
176
     1
 90
        6
176
     1
 90
        2
176
     1
 62
     7
176
     1
 90
        5
176
     1
 90
        0
176
     1
 90
        0
176
     1
290
     0
176
     1
 90
       13
176
     1
 40
0.0
176
     1
 90
        0
176
     1
290
     0
176
     1
290
     1
176
     1
290
     1
176
     1
290
     0
176
     1
290
     0
176
     1
290
     0
176
     1
290
     0
176
     1
290
     0
176
     1
290
     0
176
     1
 90
       50
176
     1
 40
0.0
176
     1
 40
1.0
176
     1
 90
        0
176
     1
 62
    18
420
        0
176
     1
 90
       50
176
     1
 90
        3
176
     1
 62
     5
420
      255
176
     1
290
     0
176
     1
 90
       50
176
     1
 90
       50
176
     1
 90
       50
176
     1
290
     0
176
     1
 90
       50
176
     1
 62
   256
176
     0
 40
1.0
176
     0
 90
        2
176
     1
  1
strokes_ogs.tif
176
     1
290
     0
176
     1
 40
1.0
176
     1
 40
1.0
176
     1
  0
VISUALSTYLE
  5
4EE
102
{ACAD_REACTORS
330
4EA
102
}
330
4EA
100
AcDbVisualStyle
  2
GouraudWithEdges
 70
     3
177
     3
291
     1
 70
    58
 90
        2
176
     1
 90
        2
176
     1
 90
        1
176
     1
 90
        2
176
     1
 40
0.6
176
     1
 40
30.0
176
     1
 62
     7
420
 16777215
176
     1
 90
        1
176
     1
 90
        0
176
     1
 62
     7
176
     1
 62
   257
176
     1
 90
        1
176
     1
 90
        1
176
     1
 40
1.0
176
     1
 90
        0
176
     1
 62
   257
176
     1
 40
1.0
176
     1
 90
        1
176
     1
 90
        6
176
     1
 90
        2
176
     1
 62
     7
176
     1
 90
        5
176
     1
 90
        0
176
     1
 90
        0
176
     1
290
     0
176
     1
 90
       13
176
     1
 40
0.0
176
     1
 90
        0
176
     1
290
     0
176
     1
290
     1
176
     1
290
     1
176
     1
290
     0
176
     1
290
     0
176
     1
290
     0
176
     1
290
     0
176
     1
290
     0
176
     1
290
     0
176
     1
 90
       50
176
     1
 40
0.0
176
     1
 40
1.0
176
     1
 90
        0
176
     1
 62
    18
420
        0
176
     1
 90
       50
176
     1
 90
        3
176
     1
 62
     5
420
      255
176
     1
290
     0
176
     1
 90
       50
176
     1
 90
       50
176
     1
 90
       50
176
     1
290
     0
176
     1
 90
       50
176
     1
 62
   256
176
     0
 40
1.0
176
     0
 90
        2
176
     1
  1
strokes_ogs.tif
176
     1
290
     0
176
     1
 40
1.0
176
     1
 40
1.0
176
     1
  0
VISUALSTYLE
  5
4F2
102
{ACAD_REACTORS
330
4EA
102
}
330
4EA
100
AcDbVisualStyle
  2
Hidden
 70
     6
177
     3
291
     0
 70
    58
 90
        1
176
     1
 90
        2
176
     1
 90
        2
176
     1
 90
        0
176
     1
 40
0.6
176
     1
 40
30.0
176
     1
 62
     7
420
 16777215
176
     1
 90
        2
176
     1
 90
        2
176
     1
 62
     7
176
     1
 62
   257
176
     1
 90
        2
176
     1
 90
        1
176
     1
 40
40.0
176
     1
 90
        0
176
     1
 62
   257
176
     1
 40
1.0
176
     1
 90
        1
176
     1
 90
        6
176
     1
 90
        2
176
     1
 62
     7
176
     1
 90
        3
176
     1
 90
        0
176
     1
 90
        0
176
     1
290
     0
176
     1
 90
        1
176
     1
 40
0.0
176
     1
 90
        0
176
     1
290
     0
176
     1
290
     1
176
     1
290
     1
176
     1
290
     0
176
     1
290
     0
176
     1
290
     0
176
     1
290
     0
176
     1
290
     0
176
     1
290
     0
176
     1
 90
       50
176
     1
 40
0.0
176
     1
 40
1.0
176
     1
 90
        0
176
     1
 62
    18
420
        0
176
     1
 90
       50
176
     1
 90
        3
176
     1
 62
     5
420
      255
176
     1
290
     0
176
     1
 90
       50
176
     1
 90
       50
176
     1
 90
       50
176
     1
290
     0
176
     1
 90
       50
176
     1
 62
   256
176
     0
 40
1.0
176
     0
 90
        2
176
     1
  1
strokes_ogs.tif
176
     1
290
     0
176
     1
 40
1.0
176
     1
 40
1.0
176
     1
  0
VISUALSTYLE
  5
500
102
{ACAD_REACTORS
330
4EA
102
}
330
4EA
100
AcDbVisualStyle
  2
JitterOff
 70
    20
177
     3
291
     1
 70
    58
 90
        2
176
     0
 90
        2
176
     0
 90
        0
176
     0
 90
        0
176
     0
 40
0.6
176
     0
 40
30.0
176
     0
 62
     7
420
 16777215
176
     0
 90
        1
176
     0
 90
        4
176
     0
 62
     7
176
     0
 62
   257
176
     0
 90
        1
176
     0
 90
        1
176
     0
 40
1.0
176
     0
 90
       10
176
     2
 62
     7
176
     0
 40
1.0
176
     0
 90
        1
176
     0
 90
        6
176
     0
 90
        2
176
     0
 62
     7
176
     0
 90
        5
176
     0
 90
        0
176
     0
 90
        0
176
     0
290
     0
176
     0
 90
        1
176
     0
 40
0.0
176
     0
 90
        0
176
     0
290
     0
176
     1
290
     1
176
     1
290
     1
176
     1
290
     0
176
     1
290
     0
176
     1
290
     0
176
     1
290
     0
176
     1
290
     0
176
     1
290
     0
176
     1
 90
       50
176
     0
 40
0.0
176
     0
 40
1.0
176
     0
 90
        0
176
     0
 62
    18
420
        0
176
     0
 90
       50
176
     0
 90
        3
176
     0
 62
     5
420
      255
176
     0
290
     0
176
     1
 90
       50
176
     0
 90
       50
176
     0
 90
       50
176
     0
290
     0
176
     1
 90
       50
176
     0
 62
   256
176
     0
 40
1.0
176
     0
 90
        2
176
     0
  1
strokes_ogs.tif
176
     0
290
     0
176
     1
 40
1.0
176
     0
 40
1.0
176
     0
  0
VISUALSTYLE
  5
4F8
102
{ACAD_REACTORS
330
4EA
102
}
330
4EA
100
AcDbVisualStyle
  2
Linepattern
 70
    14
177
     3
291
     1
 70
    58
 90
        2
176
     1
 90
        2
176
     1
 90
        0
176
     1
 90
        0
176
     1
 40
0.6
176
     1
 40
30.0
176
     1
 62
     7
420
 16777215
176
     1
 90
        1
176
     1
 90
        4
176
     1
 62
     7
176
     1
 62
   257
176
     1
 90
        7
176
     1
 90
        7
176
     1
 40
1.0
176
     1
 90
        8
176
     1
 62
     7
176
     1
 40
1.0
176
     1
 90
        1
176
     1
 90
        6
176
     1
 90
        2
176
     1
 62
     7
176
     1
 90
        5
176
     1
 90
        0
176
     1
 90
        0
176
     1
290
     0
176
     1
 90
        1
176
     1
 40
0.0
176
     1
 90
        0
176
     1
290
     0
176
     1
290
     1
176
     1
290
     1
176
     1
290
     0
176
     1
290
     0
176
     1
290
     0
176
     1
290
     0
176
     1
290
     0
176
     1
290
     0
176
     1
 90
       50
176
     1
 40
0.0
176
     1
 40
1.0
176
     1
 90
        0
176
     1
 62
    18
420
        0
176
     1
 90
       50
176
     1
 90
        3
176
     1
 62
     5
420
      255
176
     1
290
     0
176
     1
 90
       50
176
     1
 90
       50
176
     1
 90
       50
176
     1
290
     0
176
     1
 90
       50
176
     1
 62
   256
176
     0
 40
1.0
176
     0
 90
        2
176
     1
  1
strokes_ogs.tif
176
     1
290
     0
176
     1
 40
1.0
176
     1
 40
1.0
176
     1
  0
VISUALSTYLE
  5
501
102
{ACAD_REACTORS
330
4EA
102
}
330
4EA
100
AcDbVisualStyle
  2
OverhangOff
 70
    21
177
     3
291
     1
 70
    58
 90
        2
176
     0
 90
        2
176
     0
 90
        0
176
     0
 90
        0
176
     0
 40
0.6
176
     0
 40
30.0
176
     0
 62
     7
420
 16777215
176
     0
 90
        1
176
     0
 90
        4
176
     0
 62
     7
176
     0
 62
   257
176
     0
 90
        1
176
     0
 90
        1
176
     0
 40
1.0
176
     0
 90
        9
176
     2
 62
     7
176
     0
 40
1.0
176
     0
 90
        1
176
     0
 90
        6
176
     0
 90
        2
176
     0
 62
     7
176
     0
 90
        5
176
     0
 90
        0
176
     0
 90
        0
176
     0
290
     0
176
     0
 90
        1
176
     0
 40
0.0
176
     0
 90
        0
176
     0
290
     0
176
     1
290
     1
176
     1
290
     1
176
     1
290
     0
176
     1
290
     0
176
     1
290
     0
176
     1
290
     0
176
     1
290
     0
176
     1
290
     0
176
     1
 90
       50
176
     0
 40
0.0
176
     0
 40
1.0
176
     0
 90
        0
176
     0
 62
    18
420
        0
176
     0
 90
       50
176
     0
 90
        3
176
     0
 62
     5
420
      255
176
     0
290
     0
176
     1
 90
       50
176
     0
 90
       50
176
     0
 90
       50
176
     0
290
     0
176
     1
 90
       50
176
     0
 62
   256
176
     0
 40
1.0
176
     0
 90
        2
176
     0
  1
strokes_ogs.tif
176
     0
290
     0
176
     1
 40
1.0
176
     0
 40
1.0
176
     0
  0
VISUALSTYLE
  5
4F4
102
{ACAD_REACTORS
330
4EA
102
}
330
4EA
100
AcDbVisualStyle
  2
Realistic
 70
     8
177
     3
291
     0
 70
    58
 90
        2
176
     1
 90
        3
176
     1
 90
        0
176
     1
 90
        2
176
     1
 40
0.6
176
     1
 40
30.0
176
     1
 62
     7
420
 16777215
176
     1
 90
        0
176
     1
 90
        0
176
     1
 62
     7
176
     1
 62
   257
176
     1
 90
        1
176
     1
 90
        1
176
     1
 40
1.0
176
     1
 90
        8
176
     1
 62
   257
176
     1
 40
1.0
176
     1
 90
        1
176
     1
 90
        6
176
     1
 90
        2
176
     1
 62
     7
176
     1
 90
        3
176
     1
 90
        0
176
     1
 90
        0
176
     1
290
     0
176
     1
 90
       13
176
     1
 40
0.0
176
     1
 90
        0
176
     1
290
     0
176
     1
290
     1
176
     1
290
     1
176
     1
290
     0
176
     1
290
     0
176
     1
290
     0
176
     1
290
     0
176
     1
290
     0
176
     1
290
     0
176
     1
 90
       50
176
     1
 40
0.0
176
     1
 40
1.0
176
     1
 90
        0
176
     1
 62
    18
420
        0
176
     1
 90
       50
176
     1
 90
        3
176
     1
 62
     5
420
      255
176
     1
290
     0
176
     1
 90
       50
176
     1
 90
       50
176
     1
 90
       50
176
     1
290
     0
176
     1
 90
       50
176
     1
 62
   256
176
     0
 40
1.0
176
     0
 90
        2
176
     1
  1
strokes_ogs.tif
176
     1
290
     0
176
     1
 40
1.0
176
     1
 40
1.0
176
     1
  0
VISUALSTYLE
  5
4FF
102
{ACAD_REACTORS
330
4EA
102
}
330
4EA
100
AcDbVisualStyle
  2
Shaded
 70
    27
177
     3
291
     0
 70
    58
 90
        2
176
     1
 90
        2
176
     1
 90
        1
176
     1
 90
        2
176
     1
 40
0.6
176
     1
 40
30.0
176
     1
 62
     7
420
 16777215
176
     1
 90
        0
176
     1
 90
        4
176
     1
 62
     7
176
     1
 62
   257
176
     1
 90
        1
176
     1
 90
        1
176
     1
 40
1.0
176
     1
 90
        8
176
     1
 62
   257
176
     1
 40
1.0
176
     1
 90
        1
176
     1
 90
        6
176
     1
 90
        2
176
     1
 62
     8
420
  7895160
176
     1
 90
        3
176
     1
 90
        0
176
     1
 90
        0
176
     1
290
     0
176
     1
 90
        5
176
     1
 40
0.0
176
     1
 90
        0
176
     1
290
     0
176
     1
290
     1
176
     1
290
     1
176
     1
290
     0
176
     1
290
     0
176
     1
290
     0
176
     1
290
     0
176
     1
290
     0
176
     1
290
     0
176
     1
 90
       50
176
     1
 40
0.0
176
     1
 40
1.0
176
     1
 90
        0
176
     1
 62
    18
420
        0
176
     1
 90
       50
176
     1
 90
        3
176
     1
 62
     5
420
      255
176
     1
290
     0
176
     1
 90
       50
176
     1
 90
       50
176
     1
 90
       50
176
     1
290
     0
176
     1
 90
       50
176
     1
 62
   256
176
     0
 40
1.0
176
     0
 90
        2
176
     1
  1
strokes_ogs.tif
176
     1
290
     0
176
     1
 40
1.0
176
     1
 40
1.0
176
     1
  0
VISUALSTYLE
  5
4FE
102
{ACAD_REACTORS
330
4EA
102
}
330
4EA
100
AcDbVisualStyle
  2
Shaded with edges
 70
    26
177
     3
291
     0
 70
    58
 90
        2
176
     1
 90
        2
176
     1
 90
        1
176
     1
 90
        2
176
     1
 40
0.6
176
     1
 40
30.0
176
     1
 62
     7
420
 16777215
176
     1
 90
        1
176
     1
 90
        2
176
     1
 62
     7
176
     1
 62
   257
176
     1
 90
        2
176
     1
 90
        1
176
     1
 40
1.0
176
     1
 90
        8
176
     1
 62
   257
176
     1
 40
1.0
176
     1
 90
        1
176
     1
 90
        6
176
     1
 90
        2
176
     1
 62
     7
176
     1
 90
        3
176
     1
 90
        0
176
     1
 90
        0
176
     1
290
     0
176
     1
 90
        5
176
     1
 40
0.0
176
     1
 90
        0
176
     1
290
     0
176
     1
290
     1
176
     1
290
     1
176
     1
290
     0
176
     1
290
     0
176
     1
290
     0
176
     1
290
     0
176
     1
290
     0
176
     1
290
     0
176
     1
 90
       50
176
     1
 40
0.0
176
     1
 40
1.0
176
     1
 90
        0
176
     1
 62
    18
420
        0
176
     1
 90
       50
176
     1
 90
        3
176
     1
 62
     5
420
      255
176
     1
290
     0
176
     1
 90
       50
176
     1
 90
       50
176
     1
 90
       50
176
     1
290
     0
176
     1
 90
       50
176
     1
 62
   256
176
     0
 40
1.0
176
     0
 90
        2
176
     1
  1
strokes_ogs.tif
176
     1
290
     0
176
     1
 40
1.0
176
     1
 40
1.0
176
     1
  0
VISUALSTYLE
  5
4FB
102
{ACAD_REACTORS
330
4EA
102
}
330
4EA
100
AcDbVisualStyle
  2
Shades of Gray
 70
    23
177
     3
291
     0
 70
    58
 90
        2
176
     1
 90
        2
176
     1
 90
        3
176
     1
 90
        0
176
     1
 40
0.6
176
     1
 40
30.0
176
     1
 62
     7
420
 16777215
176
     1
 90
        2
176
     1
 90
        2
176
     1
 62
     7
176
     1
 62
     7
176
     1
 90
        1
176
     1
 90
        1
176
     1
 40
40.0
176
     1
 90
        8
176
     1
 62
     7
176
     1
 40
1.0
176
     1
 90
        1
176
     1
 90
        6
176
     1
 90
        2
176
     1
 62
     7
176
     1
 90
        3
176
     1
 90
        0
176
     1
 90
        0
176
     1
290
     0
176
     1
 90
        1
176
     1
 40
0.0
176
     1
 90
        0
176
     1
290
     0
176
     1
290
     1
176
     1
290
     1
176
     1
290
     0
176
     1
290
     0
176
     1
290
     0
176
     1
290
     0
176
     1
290
     0
176
     1
290
     0
176
     1
 90
       50
176
     1
 40
0.0
176
     1
 40
1.0
176
     1
 90
        0
176
     1
 62
    18
420
        0
176
     1
 90
       50
176
     1
 90
        3
176
     1
 62
     5
420
      255
176
     1
290
     0
176
     1
 90
       50
176
     1
 90
       50
176
     1
 90
       50
176
     1
290
     0
176
     1
 90
       50
176
     1
 62
   256
176
     0
 40
1.0
176
     0
 90
        2
176
     1
  1
strokes_ogs.tif
176
     1
290
     0
176
     1
 40
1.0
176
     1
 40
1.0
176
     1
  0
VISUALSTYLE
  5
4FC
102
{ACAD_REACTORS
330
4EA
102
}
330
4EA
100
AcDbVisualStyle
  2
Sketchy
 70
    24
177
     3
291
     0
 70
    58
 90
        1
176
     1
 90
        2
176
     1
 90
        2
176
     1
 90
        0
176
     1
 40
0.6
176
     1
 40
30.0
176
     1
 62
     7
420
 16777215
176
     1
 90
        2
176
     1
 90
        2
176
     1
 62
     7
176
     1
 62
     7
176
     1
 90
        1
176
     1
 90
        1
176
     1
 40
40.0
176
     1
 90
       11
176
     1
 62
     7
176
     1
 40
1.0
176
     1
 90
        1
176
     1
 90
        6
176
     1
 90
        2
176
     1
 62
     7
176
     1
 90
        6
176
     1
 90
        0
176
     1
 90
        0
176
     1
290
     0
176
     1
 90
        1
176
     1
 40
0.0
176
     1
 90
        0
176
     1
290
     0
176
     1
290
     1
176
     1
290
     1
176
     1
290
     0
176
     1
290
     0
176
     1
290
     0
176
     1
290
     0
176
     1
290
     0
176
     1
290
     0
176
     1
 90
       50
176
     1
 40
0.0
176
     1
 40
1.0
176
     1
 90
        0
176
     1
 62
    18
420
        0
176
     1
 90
       50
176
     1
 90
        3
176
     1
 62
     5
420
      255
176
     1
290
     0
176
     1
 90
       50
176
     1
 90
       50
176
     1
 90
       50
176
     1
290
     0
176
     1
 90
       50
176
     1
 62
   256
176
     0
 40
1.0
176
     0
 90
        2
176
     1
  1
strokes_ogs.tif
176
     1
290
     0
176
     1
 40
1.0
176
     1
 40
1.0
176
     1
  0
VISUALSTYLE
  5
4F7
102
{ACAD_REACTORS
330
4EA
102
}
330
4EA
100
AcDbVisualStyle
  2
Thicken
 70
    13
177
     3
291
     1
 70
    58
 90
        2
176
     1
 90
        2
176
     1
 90
        0
176
     1
 90
        0
176
     1
 40
0.6
176
     1
 40
30.0
176
     1
 62
     7
420
 16777215
176
     1
 90
        1
176
     1
 90
        4
176
     1
 62
     7
176
     1
 62
   257
176
     1
 90
        1
176
     1
 90
        1
176
     1
 40
1.0
176
     1
 90
       12
176
     1
 62
     7
176
     1
 40
1.0
176
     1
 90
        1
176
     1
 90
        6
176
     1
 90
        2
176
     1
 62
     7
176
     1
 90
        5
176
     1
 90
        0
176
     1
 90
        0
176
     1
290
     0
176
     1
 90
        1
176
     1
 40
0.0
176
     1
 90
        0
176
     1
290
     0
176
     1
290
     1
176
     1
290
     1
176
     1
290
     0
176
     1
290
     0
176
     1
290
     0
176
     1
290
     0
176
     1
290
     0
176
     1
290
     0
176
     1
 90
       50
176
     1
 40
0.0
176
     1
 40
1.0
176
     1
 90
        0
176
     1
 62
    18
420
        0
176
     1
 90
       50
176
     1
 90
        3
176
     1
 62
     5
420
      255
176
     1
290
     0
176
     1
 90
       50
176
     1
 90
       50
176
     1
 90
       50
176
     1
290
     0
176
     1
 90
       50
176
     1
 62
   256
176
     0
 40
1.0
176
     0
 90
        2
176
     1
  1
strokes_ogs.tif
176
     1
290
     0
176
     1
 40
1.0
176
     1
 40
1.0
176
     1
  0
VISUALSTYLE
  5
4F1
102
{ACAD_REACTORS
330
4EA
102
}
330
4EA
100
AcDbVisualStyle
  2
Wireframe
 70
     5
177
     3
291
     0
 70
    58
 90
        0
176
     1
 90
        2
176
     1
 90
        0
176
     1
 90
        0
176
     1
 40
0.6
176
     1
 40
30.0
176
     1
 62
     7
420
 16777215
176
     1
 90
        1
176
     1
 90
        4
176
     1
 62
     7
176
     1
 62
   257
176
     1
 90
        1
176
     1
 90
        1
176
     1
 40
1.0
176
     1
 90
        0
176
     1
 62
   257
176
     1
 40
1.0
176
     1
 90
        1
176
     1
 90
        6
176
     1
 90
        2
176
     1
 62
     7
176
     1
 90
        3
176
     1
 90
        0
176
     1
 90
        0
176
     1
290
     0
176
     1
 90
        1
176
     1
 40
0.0
176
     1
 90
        0
176
     1
290
     0
176
     1
290
     1
176
     1
290
     1
176
     1
290
     0
176
     1
290
     0
176
     1
290
     0
176
     1
290
     0
176
     1
290
     0
176
     1
290
     0
176
     1
 90
       50
176
     1
 40
0.0
176
     1
 40
1.0
176
     1
 90
        0
176
     1
 62
    18
420
        0
176
     1
 90
       50
176
     1
 90
        3
176
     1
 62
     5
420
      255
176
     1
290
     0
176
     1
 90
       50
176
     1
 90
       50
176
     1
 90
       50
176
     1
290
     0
176
     1
 90
       50
176
     1
 62
   256
176
     0
 40
1.0
176
     0
 90
        2
176
     1
  1
strokes_ogs.tif
176
     1
290
     0
176
     1
 40
1.0
176
     1
 40
1.0
176
     1
  0
VISUALSTYLE
  5
4FD
102
{ACAD_REACTORS
330
4EA
102
}
330
4EA
100
AcDbVisualStyle
  2
X-Ray
 70
    25
177
     3
291
     0
 70
    58
 90
        2
176
     1
 90
        2
176
     1
 90
        1
176
     1
 90
        1
176
     1
 40
0.5
176
     1
 40
30.0
176
     1
 62
     7
420
 16777215
176
     1
 90
        1
176
     1
 90
        0
176
     1
 62
     7
176
     1
 62
   257
176
     1
 90
        1
176
     1
 90
        1
176
     1
 40
1.0
176
     1
 90
        8
176
     1
 62
     7
176
     1
 40
1.0
176
     1
 90
        1
176
     1
 90
        6
176
     1
 90
        2
176
     1
 62
     7
176
     1
 90
        3
176
     1
 90
        0
176
     1
 90
        0
176
     1
290
     0
176
     1
 90
       13
176
     1
 40
0.0
176
     1
 90
        0
176
     1
290
     0
176
     1
290
     1
176
     1
290
     1
176
     1
290
     0
176
     1
290
     0
176
     1
290
     0
176
     1
290
     0
176
     1
290
     0
176
     1
290
     0
176
     1
 90
       50
176
     1
 40
0.0
176
     1
 40
1.0
176
     1
 90
        0
176
     1
 62
    18
420
        0
176
     1
 90
       50
176
     1
 90
        3
176
     1
 62
     5
420
      255
176
     1
290
     0
176
     1
 90
       50
176
     1
 90
       50
176
     1
 90
       50
176
     1
290
     0
176
     1
 90
       50
176
     1
 62
   256
176
     0
 40
1.0
176
     0
 90
        2
176
     1
  1
strokes_ogs.tif
176
     1
290
     0
176
     1
 40
1.0
176
     1
 40
1.0
176
     1
  0
DICTIONARYVAR
  5
535
102
{ACAD_REACTORS
330
52F
102
}
330
52F
100
DictionaryVariables
280
     0
  1
1:1
  0
DICTIONARYVAR
  5
531
102
{ACAD_REACTORS
330
52F
102
}
330
52F
100
DictionaryVariables
280
     0
  1
STANDARD
  0
DICTIONARYVAR
  5
530
102
{ACAD_REACTORS
330
52F
102
}
330
52F
100
DictionaryVariables
280
     0
  1
STANDARD
  0
DICTIONARYVAR
  5
532
102
{ACAD_REACTORS
330
52F
102
}
330
52F
100
DictionaryVariables
280
     0
  1
Metric50
  0
DICTIONARYVAR
  5
533
102
{ACAD_REACTORS
330
52F
102
}
330
52F
100
DictionaryVariables
280
     0
  1
Metric50
  0
DICTIONARYVAR
  5
537
102
{ACAD_REACTORS
330
52F
102
}
330
52F
100
DictionaryVariables
280
     0
  1
1
  0
DICTIONARYVAR
  5
538
102
{ACAD_REACTORS
330
52F
102
}
330
52F
100
DictionaryVariables
280
     0
  1
15
  0
DICTIONARYVAR
  5
536
102
{ACAD_REACTORS
330
52F
102
}
330
52F
100
DictionaryVariables
280
     0
  1
0
  0
DICTIONARYVAR
  5
534
102
{ACAD_REACTORS
330
52F
102
}
330
52F
100
DictionaryVariables
280
     0
  1
0
  0
DICTIONARY
  5
4DB
330
4DA
100
AcDbDictionary
280
     1
281
     1
  3
BUMPTILE
360
4DD
  3
DIFFUSETILE
360
4DC
  3
OPACITYTILE
360
4E0
  3
REFLECTIONTILE
360
4DF
  3
REFRACTIONTILE
360
4E1
  3
SPECULARTILE
360
4DE
  0
DICTIONARY
  5
4D3
330
4D2
100
AcDbDictionary
280
     1
281
     1
  3
BUMPTILE
360
4D5
  3
DIFFUSETILE
360
4D4
  3
OPACITYTILE
360
4D8
  3
REFLECTIONTILE
360
4D7
  3
REFRACTIONTILE
360
4D9
  3
SPECULARTILE
360
4D6
  0
DICTIONARY
  5
4E3
330
4E2
100
AcDbDictionary
280
     1
281
     1
  3
BUMPTILE
360
4E5
  3
DIFFUSETILE
360
4E4
  3
OPACITYTILE
360
4E8
  3
REFLECTIONTILE
360
4E7
  3
REFRACTIONTILE
360
4E9
  3
SPECULARTILE
360
4E6
  0
DICTIONARY
  5
53A
330
505
100
AcDbDictionary
280
     1
281
     1
  3
ACAD_ROUNDTRIP_2008_TABLESTYLE_CELLSTYLEMAP
360
53B
  0
XRECORD
  5
4DD
102
{ACAD_REACTORS
330
4DB
102
}
330
4DB
100
AcDbXrecord
280
     1
270
     1
271
     1
  0
XRECORD
  5
4DC
102
{ACAD_REACTORS
330
4DB
102
}
330
4DB
100
AcDbXrecord
280
     1
270
     1
271
     1
  0
XRECORD
  5
4E0
102
{ACAD_REACTORS
330
4DB
102
}
330
4DB
100
AcDbXrecord
280
     1
270
     1
271
     1
  0
XRECORD
  5
4DF
102
{ACAD_REACTORS
330
4DB
102
}
330
4DB
100
AcDbXrecord
280
     1
270
     1
271
     1
  0
XRECORD
  5
4E1
102
{ACAD_REACTORS
330
4DB
102
}
330
4DB
100
AcDbXrecord
280
     1
270
     1
271
     1
  0
XRECORD
  5
4DE
102
{ACAD_REACTORS
330
4DB
102
}
330
4DB
100
AcDbXrecord
280
     1
270
     1
271
     1
  0
XRECORD
  5
4D5
102
{ACAD_REACTORS
330
4D3
102
}
330
4D3
100
AcDbXrecord
280
     1
270
     1
271
     1
  0
XRECORD
  5
4D4
102
{ACAD_REACTORS
330
4D3
102
}
330
4D3
100
AcDbXrecord
280
     1
270
     1
271
     1
  0
XRECORD
  5
4D8
102
{ACAD_REACTORS
330
4D3
102
}
330
4D3
100
AcDbXrecord
280
     1
270
     1
271
     1
  0
XRECORD
  5
4D7
102
{ACAD_REACTORS
330
4D3
102
}
330
4D3
100
AcDbXrecord
280
     1
270
     1
271
     1
  0
XRECORD
  5
4D9
102
{ACAD_REACTORS
330
4D3
102
}
330
4D3
100
AcDbXrecord
280
     1
270
     1
271
     1
  0
XRECORD
  5
4D6
102
{ACAD_REACTORS
330
4D3
102
}
330
4D3
100
AcDbXrecord
280
     1
270
     1
271
     1
  0
XRECORD
  5
4E5
102
{ACAD_REACTORS
330
4E3
102
}
330
4E3
100
AcDbXrecord
280
     1
270
     1
271
     1
  0
XRECORD
  5
4E4
102
{ACAD_REACTORS
330
4E3
102
}
330
4E3
100
AcDbXrecord
280
     1
270
     1
271
     1
  0
XRECORD
  5
4E8
102
{ACAD_REACTORS
330
4E3
102
}
330
4E3
100
AcDbXrecord
280
     1
270
     1
271
     1
  0
XRECORD
  5
4E7
102
{ACAD_REACTORS
330
4E3
102
}
330
4E3
100
AcDbXrecord
280
     1
270
     1
271
     1
  0
XRECORD
  5
4E9
102
{ACAD_REACTORS
330
4E3
102
}
330
4E3
100
AcDbXrecord
280
     1
270
     1
271
     1
  0
XRECORD
  5
4E6
102
{ACAD_REACTORS
330
4E3
102
}
330
4E3
100
AcDbXrecord
280
     1
270
     1
271
     1
  0
CELLSTYLEMAP
  5
53B
102
{ACAD_REACTORS
330
53A
102
}
330
53A
100
AcDbCellStyleMap
 90
        3
300
CELLSTYLE
  1
TABLEFORMAT_BEGIN
 90
        5
170
     1
 91
        0
 92
    32768
 62
   257
 93
        1
300
CONTENTFORMAT
  1
CONTENTFORMAT_BEGIN
 90
        0
 91
        0
 92
      512
 93
        0
300

 40
0.0
140
1.0
 94
        5
 62
     0
340
11
144
6.0
309
CONTENTFORMAT_END
171
     1
301
MARGIN
  1
CELLMARGIN_BEGIN
 40
1.5
 40
1.5
 40
1.5
 40
1.5
 40
4.5
 40
4.5
309
CELLMARGIN_END
 94
        6
 95
        1
302
GRIDFORMAT
  1
GRIDFORMAT_BEGIN
 90
        0
 91
        1
 62
     0
 92
       -2
340
0
 93
        0
 40
1.125
309
GRIDFORMAT_END
 95
        2
302
GRIDFORMAT
  1
GRIDFORMAT_BEGIN
 90
        0
 91
        1
 62
     0
 92
       -2
340
0
 93
        0
 40
1.125
309
GRIDFORMAT_END
 95
        4
302
GRIDFORMAT
  1
GRIDFORMAT_BEGIN
 90
        0
 91
        1
 62
     0
 92
       -2
340
0
 93
        0
 40
1.125
309
GRIDFORMAT_END
 95
        8
302
GRIDFORMAT
  1
GRIDFORMAT_BEGIN
 90
        0
 91
        1
 62
     0
 92
       -2
340
0
 93
        0
 40
1.125
309
GRIDFORMAT_END
 95
       16
302
GRIDFORMAT
  1
GRIDFORMAT_BEGIN
 90
        0
 91
        1
 62
     0
 92
       -2
340
0
 93
        0
 40
1.125
309
GRIDFORMAT_END
 95
       32
302
GRIDFORMAT
  1
GRIDFORMAT_BEGIN
 90
        0
 91
        1
 62
     0
 92
       -2
340
0
 93
        0
 40
1.125
309
GRIDFORMAT_END
309
TABLEFORMAT_END
  1
CELLSTYLE_BEGIN
 90
        1
 91
        1
300
_TITLE
309
CELLSTYLE_END
300
CELLSTYLE
  1
TABLEFORMAT_BEGIN
 90
        5
170
     1
 91
        0
 92
        0
 62
   257
 93
        1
300
CONTENTFORMAT
  1
CONTENTFORMAT_BEGIN
 90
        0
 91
        0
 92
      512
 93
        0
300

 40
0.0
140
1.0
 94
        5
 62
     0
340
11
144
4.5
309
CONTENTFORMAT_END
171
     1
301
MARGIN
  1
CELLMARGIN_BEGIN
 40
1.5
 40
1.5
 40
1.5
 40
1.5
 40
4.5
 40
4.5
309
CELLMARGIN_END
 94
        6
 95
        1
302
GRIDFORMAT
  1
GRIDFORMAT_BEGIN
 90
        0
 91
        1
 62
     0
 92
       -2
340
0
 93
        0
 40
1.125
309
GRIDFORMAT_END
 95
        2
302
GRIDFORMAT
  1
GRIDFORMAT_BEGIN
 90
        0
 91
        1
 62
     0
 92
       -2
340
0
 93
        0
 40
1.125
309
GRIDFORMAT_END
 95
        4
302
GRIDFORMAT
  1
GRIDFORMAT_BEGIN
 90
        0
 91
        1
 62
     0
 92
       -2
340
0
 93
        0
 40
1.125
309
GRIDFORMAT_END
 95
        8
302
GRIDFORMAT
  1
GRIDFORMAT_BEGIN
 90
        0
 91
        1
 62
     0
 92
       -2
340
0
 93
        0
 40
1.125
309
GRIDFORMAT_END
 95
       16
302
GRIDFORMAT
  1
GRIDFORMAT_BEGIN
 90
        0
 91
        1
 62
     0
 92
       -2
340
0
 93
        0
 40
1.125
309
GRIDFORMAT_END
 95
       32
302
GRIDFORMAT
  1
GRIDFORMAT_BEGIN
 90
        0
 91
        1
 62
     0
 92
       -2
340
0
 93
        0
 40
1.125
309
GRIDFORMAT_END
309
TABLEFORMAT_END
  1
CELLSTYLE_BEGIN
 90
        2
 91
        1
300
_HEADER
309
CELLSTYLE_END
300
CELLSTYLE
  1
TABLEFORMAT_BEGIN
 90
        5
170
     1
 91
        0
 92
        0
 62
   257
 93
        1
300
CONTENTFORMAT
  1
CONTENTFORMAT_BEGIN
 90
        0
 91
        0
 92
      512
 93
        0
300

 40
0.0
140
1.0
 94
        2
 62
     0
340
11
144
4.5
309
CONTENTFORMAT_END
171
     1
301
MARGIN
  1
CELLMARGIN_BEGIN
 40
1.5
 40
1.5
 40
1.5
 40
1.5
 40
4.5
 40
4.5
309
CELLMARGIN_END
 94
        6
 95
        1
302
GRIDFORMAT
  1
GRIDFORMAT_BEGIN
 90
        0
 91
        1
 62
     0
 92
       -2
340
0
 93
        0
 40
1.125
309
GRIDFORMAT_END
 95
        2
302
GRIDFORMAT
  1
GRIDFORMAT_BEGIN
 90
        0
 91
        1
 62
     0
 92
       -2
340
0
 93
        0
 40
1.125
309
GRIDFORMAT_END
 95
        4
302
GRIDFORMAT
  1
GRIDFORMAT_BEGIN
 90
        0
 91
        1
 62
     0
 92
       -2
340
0
 93
        0
 40
1.125
309
GRIDFORMAT_END
 95
        8
302
GRIDFORMAT
  1
GRIDFORMAT_BEGIN
 90
        0
 91
        1
 62
     0
 92
       -2
340
0
 93
        0
 40
1.125
309
GRIDFORMAT_END
 95
       16
302
GRIDFORMAT
  1
GRIDFORMAT_BEGIN
 90
        0
 91
        1
 62
     0
 92
       -2
340
0
 93
        0
 40
1.125
309
GRIDFORMAT_END
 95
       32
302
GRIDFORMAT
  1
GRIDFORMAT_BEGIN
 90
        0
 91
        1
 62
     0
 92
       -2
340
0
 93
        0
 40
1.125
309
GRIDFORMAT_END
309
TABLEFORMAT_END
  1
CELLSTYLE_BEGIN
 90
        3
 91
        2
300
_DATA
309
CELLSTYLE_END
  0
ENDSEC
  0
EOF
