  0
SECTION
  2
HEADER
  9
$ACADVER
  1
AC1018
  9
$ACADMAINTVER
 70
     0
  9
$DWGCODEPAGE
  3
ANSI_1252
  9
$LASTSAVEDBY
  1
User
  9
$INSBASE
 10
0.0
 20
0.0
 30
0.0
  9
$EXTMIN
 10
-0.5
 20
-0.5
 30
-0.5
  9
$EXTMAX
 10
5.0
 20
5.0
 30
5.0
  9
$LIMMIN
 10
-0.5
 20
-0.5
  9
$LIMMAX
 10
5.0
 20
5.0
  9
$ORTHOMODE
 70
     0
  9
$REGENMODE
 70
     1
  9
$FILLMODE
 70
     1
  9
$QTEXTMODE
 70
     0
  9
$MIRRTEXT
 70
     1
  9
$LTSCALE
 40
1.0
  9
$ATTMODE
 70
     1
  9
$TEXTSIZE
 40
0.2
  9
$TRACEWID
 40
0.05
  9
$TEXTSTYLE
  7
Standard
  9
$CLAYER
  8
0
  9
$CELTYPE
  6
ByLayer
  9
$CECOLOR
 62
   256
  9
$CELTSCALE
 40
1.0
  9
$DISPSILH
 70
     0
  9
$DIMSCALE
 40
1.0
  9
$DIMASZ
 40
0.18
  9
$DIMEXO
 40
0.0625
  9
$DIMDLI
 40
0.38
  9
$DIMRND
 40
0.0
  9
$DIMDLE
 40
0.0
  9
$DIMEXE
 40
0.18
  9
$DIMTP
 40
0.0
  9
$DIMTM
 40
0.0
  9
$DIMTXT
 40
0.18
  9
$DIMCEN
 40
0.09
  9
$DIMTSZ
 40
0.0
  9
$DIMTOL
 70
     0
  9
$DIMLIM
 70
     0
  9
$DIMTIH
 70
     1
  9
$DIMTOH
 70
     1
  9
$DIMSE1
 70
     0
  9
$DIMSE2
 70
     0
  9
$DIMTAD
 70
     0
  9
$DIMZIN
 70
     0
  9
$DIMBLK
  1

  9
$DIMASO
 70
     1
  9
$DIMSHO
 70
     1
  9
$DIMPOST
  1

  9
$DIMAPOST
  1

  9
$DIMALT
 70
     0
  9
$DIMALTD
 70
     2
  9
$DIMALTF
 40
25.4
  9
$DIMLFAC
 40
1.0
  9
$DIMTOFL
 70
     0
  9
$DIMTVP
 40
0.0
  9
$DIMTIX
 70
     0
  9
$DIMSOXD
 70
     0
  9
$DIMSAH
 70
     0
  9
$DIMBLK1
  1

  9
$DIMBLK2
  1

  9
$DIMSTYLE
  2
Standard
  9
$DIMCLRD
 70
     0
  9
$DIMCLRE
 70
     0
  9
$DIMCLRT
 70
     0
  9
$DIMTFAC
 40
1.0
  9
$DIMGAP
 40
0.09
  9
$DIMJUST
 70
     0
  9
$DIMSD1
 70
     0
  9
$DIMSD2
 70
     0
  9
$DIMTOLJ
 70
     1
  9
$DIMTZIN
 70
     0
  9
$DIMALTZ
 70
     0
  9
$DIMALTTZ
 70
     0
  9
$DIMUPT
 70
     0
  9
$DIMDEC
 70
     4
  9
$DIMTDEC
 70
     4
  9
$DIMALTU
 70
     2
  9
$DIMALTTD
 70
     2
  9
$DIMTXSTY
  7
Standard
  9
$DIMAUNIT
 70
     0
  9
$DIMADEC
 70
     0
  9
$DIMALTRND
 40
0.0
  9
$DIMAZIN
 70
     0
  9
$DIMDSEP
 70
    46
  9
$DIMATFIT
 70
     3
  9
$DIMFRAC
 70
     0
  9
$DIMLDRBLK
  1

  9
$DIMLUNIT
 70
     2
  9
$DIMLWD
 70
    -2
  9
$DIMLWE
 70
    -2
  9
$DIMTMOVE
 70
     0
  9
$LUNITS
 70
     2
  9
$LUPREC
 70
     4
  9
$SKETCHINC
 40
0.1
  9
$FILLETRAD
 40
0.5
  9
$AUNITS
 70
     0
  9
$AUPREC
 70
     0
  9
$MENU
  1
.
  9
$ELEVATION
 40
0.0
  9
$PELEVATION
 40
0.0
  9
$THICKNESS
 40
0.0
  9
$LIMCHECK
 70
     0
  9
$CHAMFERA
 40
0.0
  9
$CHAMFERB
 40
0.0
  9
$CHAMFERC
 40
0.0
  9
$CHAMFERD
 40
0.0
  9
$SKPOLY
 70
     0
  9
$TDCREATE
 40
2459058.684912118
  9
$TDUCREATE
 40
2459058.601578785
  9
$TDUPDATE
 40
2459058.684912269
  9
$TDUUPDATE
 40
2459058.601578935
  9
$TDINDWG
 40
0.0000000116
  9
$TDUSRTIMER
 40
0.0000000116
  9
$USRTIMER
 70
     1
  9
$ANGBASE
 50
0.0
  9
$ANGDIR
 70
     0
  9
$PDMODE
 70
     0
  9
$PDSIZE
 40
0.0
  9
$PLINEWID
 40
0.0
  9
$SPLFRAME
 70
     0
  9
$SPLINETYPE
 70
     6
  9
$SPLINESEGS
 70
     8
  9
$HANDSEED
  5
191
  9
$SURFTAB1
 70
     6
  9
$SURFTAB2
 70
     6
  9
$SURFTYPE
 70
     6
  9
$SURFU
 70
     6
  9
$SURFV
 70
     6
  9
$UCSBASE
  2

  9
$UCSNAME
  2

  9
$UCSORG
 10
0.0
 20
0.0
 30
0.0
  9
$UCSXDIR
 10
1.0
 20
0.0
 30
0.0
  9
$UCSYDIR
 10
0.0
 20
1.0
 30
0.0
  9
$UCSORTHOREF
  2

  9
$UCSORTHOVIEW
 70
     0
  9
$UCSORGTOP
 10
0.0
 20
0.0
 30
0.0
  9
$UCSORGBOTTOM
 10
0.0
 20
0.0
 30
0.0
  9
$UCSORGLEFT
 10
0.0
 20
0.0
 30
0.0
  9
$UCSORGRIGHT
 10
0.0
 20
0.0
 30
0.0
  9
$UCSORGFRONT
 10
0.0
 20
0.0
 30
0.0
  9
$UCSORGBACK
 10
0.0
 20
0.0
 30
0.0
  9
$PUCSBASE
  2

  9
$PUCSNAME
  2

  9
$PUCSORG
 10
0.0
 20
0.0
 30
0.0
  9
$PUCSXDIR
 10
1.0
 20
0.0
 30
0.0
  9
$PUCSYDIR
 10
0.0
 20
1.0
 30
0.0
  9
$PUCSORTHOREF
  2

  9
$PUCSORTHOVIEW
 70
     0
  9
$PUCSORGTOP
 10
0.0
 20
0.0
 30
0.0
  9
$PUCSORGBOTTOM
 10
0.0
 20
0.0
 30
0.0
  9
$PUCSORGLEFT
 10
0.0
 20
0.0
 30
0.0
  9
$PUCSORGRIGHT
 10
0.0
 20
0.0
 30
0.0
  9
$PUCSORGFRONT
 10
0.0
 20
0.0
 30
0.0
  9
$PUCSORGBACK
 10
0.0
 20
0.0
 30
0.0
  9
$USERI1
 70
     0
  9
$USERI2
 70
     0
  9
$USERI3
 70
     0
  9
$USERI4
 70
     0
  9
$USERI5
 70
     0
  9
$USERR1
 40
0.0
  9
$USERR2
 40
0.0
  9
$USERR3
 40
0.0
  9
$USERR4
 40
0.0
  9
$USERR5
 40
0.0
  9
$WORLDVIEW
 70
     1
  9
$SHADEDGE
 70
     3
  9
$SHADEDIF
 70
    70
  9
$TILEMODE
 70
     1
  9
$MAXACTVP
 70
    64
  9
$PINSBASE
 10
0.0
 20
0.0
 30
0.0
  9
$PLIMCHECK
 70
     0
  9
$PEXTMIN
 10
-0.5
 20
-0.5
 30
-0.5
  9
$PEXTMAX
 10
5.0
 20
5.0
 30
5.0
  9
$PLIMMIN
 10
-0.5
 20
-0.5
  9
$PLIMMAX
 10
5.0
 20
5.0
  9
$UNITMODE
 70
     0
  9
$VISRETAIN
 70
     1
  9
$PLINEGEN
 70
     0
  9
$PSLTSCALE
 70
     1
  9
$TREEDEPTH
 70
  3020
  9
$CMLSTYLE
  2
Standard
  9
$CMLJUST
 70
     0
  9
$CMLSCALE
 40
1.0
  9
$PROXYGRAPHICS
 70
     1
  9
$MEASUREMENT
 70
     1
  9
$CELWEIGHT
370
    70
  9
$ENDCAPS
280
     0
  9
$JOINSTYLE
280
     0
  9
$LWDISPLAY
290
     1
  9
$INSUNITS
 70
     4
  9
$HYPERLINKBASE
  1

  9
$STYLESHEET
  1

  9
$XEDIT
290
     1
  9
$CEPSNTYPE
380
     0
  9
$PSTYLEMODE
290
     1
  9
$FINGERPRINTGUID
  2
{84d2a7bb-ec8d-4cff-a016-a554e9a539dd}
  9
$VERSIONGUID
  2
{FAEB1C32-E019-11D5-929B-00C0DF256EC4}
  9
$EXTNAMES
290
     1
  9
$PSVPSCALE
 40
0.0
  9
$OLESTARTUP
290
     0
  9
$SORTENTS
280
   127
  9
$INDEXCTL
280
     0
  9
$HIDETEXT
280
     1
  9
$XCLIPFRAME
290
     0
  9
$HALOGAP
280
     0
  9
$OBSCOLOR
 70
   257
  9
$OBSLTYPE
280
     0
  9
$INTERSECTIONDISPLAY
280
     0
  9
$INTERSECTIONCOLOR
 70
   257
  9
$DIMASSOC
280
     2
  9
$PROJECTNAME
  1

  0
ENDSEC
  0
SECTION
  2
CLASSES
  0
CLASS
  1
ACDBDICTIONARYWDFLT
  2
AcDbDictionaryWithDefault
  3
ObjectDBX Classes
 90
        0
 91
        3
280
     0
281
     0
  0
CLASS
  1
VISUALSTYLE
  2
AcDbVisualStyle
  3
ObjectDBX Classes
 90
     4095
 91
        3
280
     0
281
     0
  0
CLASS
  1
MATERIAL
  2
AcDbMaterial
  3
ObjectDBX Classes
 90
     1153
 91
        3
280
     0
281
     0
  0
CLASS
  1
SCALE
  2
AcDbScale
  3
ObjectDBX Classes
 90
     1153
 91
        3
280
     0
281
     0
  0
CLASS
  1
TABLESTYLE
  2
AcDbTableStyle
  3
ObjectDBX Classes
 90
     4095
 91
        3
280
     0
281
     0
  0
CLASS
  1
MLEADERSTYLE
  2
AcDbMLeaderStyle
  3
ACDB_MLEADERSTYLE_CLASS
 90
     4095
 91
        3
280
     0
281
     0
  0
CLASS
  1
SUN
  2
AcDbSun
  3
SCENEOE
 90
     1153
 91
        3
280
     0
281
     0
  0
CLASS
  1
DICTIONARYVAR
  2
AcDbDictionaryVar
  3
ObjectDBX Classes
 90
        0
 91
        3
280
     0
281
     0
  0
CLASS
  1
CELLSTYLEMAP
  2
AcDbCellStyleMap
  3
ObjectDBX Classes
 90
     1152
 91
        3
280
     0
281
     0
  0
ENDSEC
  0
SECTION
  2
TABLES
  0
TABLE
  2
VPORT
  5
8
102
{ACAD_XDICTIONARY
360
14A
102
}
330
0
100
AcDbSymbolTable
 70
    16
  0
VPORT
  5
29
330
8
100
AcDbSymbolTableRecord
100
AcDbViewportTableRecord
  2
*Active
 70
     0
 10
0.0
 20
0.0
 11
1.0
 21
1.0
 12
55.19865
 22
-17.420037
 13
0.0
 23
0.0
 14
0.5
 24
0.5
 15
0.5
 25
0.5
 16
0.0
 26
0.0
 36
1.0
 17
0.0
 27
0.0
 37
0.0
 40
254.0
 41
0.069908
 42
50.0
 43
206.62004
 44
-206.62004
 50
0.0
 51
0.0
 71
     0
 72
   100
 73
     1
 74
     3
 75
     0
 76
     0
 77
     0
 78
     0
281
     0
 65
     1
110
0.0
120
0.0
130
0.0
111
1.0
121
0.0
131
0.0
112
0.0
122
1.0
132
0.0
 79
     0
146
0.0
  0
VPORT
  5
13B
330
8
100
AcDbSymbolTableRecord
100
AcDbViewportTableRecord
  2
L1
 70
     0
 10
0.0
 20
0.0
 11
1.0
 21
1.0
 12
55.19865
 22
-17.420037
 13
0.0
 23
0.0
 14
0.5
 24
0.5
 15
0.5
 25
0.5
 16
0.0
 26
0.0
 36
1.0
 17
0.0
 27
0.0
 37
0.0
 40
254.0
 41
0.069908
 42
50.0
 43
206.62004
 44
-206.62004
 50
0.0
 51
0.0
 71
     0
 72
   100
 73
     1
 74
     3
 75
     0
 76
     0
 77
     0
 78
     0
281
     0
 65
     1
110
0.0
120
0.0
130
0.0
111
1.0
121
0.0
131
0.0
112
0.0
122
1.0
132
0.0
 79
     0
146
0.0
  0
VPORT
  5
13C
330
8
100
AcDbSymbolTableRecord
100
AcDbViewportTableRecord
  2
L2
 70
     0
 10
0.0
 20
0.0
 11
0.5
 21
1.0
 12
0.0
 22
0.0
 13
0.0
 23
0.0
 14
0.5
 24
0.5
 15
0.5
 25
0.5
 16
0.0
 26
-1.0
 36
0.0
 17
0.0
 27
0.0
 37
0.0
 40
1658.409162
 41
0.010707
 42
50.0
 43
855.40636
 44
-855.40636
 50
0.0
 51
0.0
 71
     0
 72
   100
 73
     1
 74
     3
 75
     0
 76
     0
 77
     0
 78
     0
281
     0
 65
     1
110
0.0
120
0.0
130
0.0
111
1.0
121
0.0
131
0.0
112
0.0
122
1.0
132
0.0
 79
     0
146
0.0
  0
VPORT
  5
13D
330
8
100
AcDbSymbolTableRecord
100
AcDbViewportTableRecord
  2
L2
 70
     0
 10
0.5
 20
0.0
 11
1.0
 21
1.0
 12
0.0
 22
0.0
 13
0.0
 23
0.0
 14
0.5
 24
0.5
 15
0.5
 25
0.5
 16
1.0
 26
0.0
 36
0.0
 17
0.0
 27
0.0
 37
0.0
 40
1658.409162
 41
0.010707
 42
50.0
 43
838.873791
 44
-838.873791
 50
0.0
 51
0.0
 71
     0
 72
   100
 73
     1
 74
     3
 75
     0
 76
     0
 77
     0
 78
     0
281
     0
 65
     1
110
0.0
120
0.0
130
0.0
111
1.0
121
0.0
131
0.0
112
0.0
122
1.0
132
0.0
 79
     0
146
0.0
  0
VPORT
  5
13E
330
8
100
AcDbSymbolTableRecord
100
AcDbViewportTableRecord
  2
L3
 70
     0
 10
0.0
 20
0.5
 11
1.0
 21
1.0
 12
55.19865
 22
-17.420037
 13
0.0
 23
0.0
 14
0.5
 24
0.5
 15
0.5
 25
0.5
 16
0.0
 26
0.0
 36
1.0
 17
0.0
 27
0.0
 37
0.0
 40
254.0
 41
0.069908
 42
50.0
 43
206.62004
 44
-206.62004
 50
0.0
 51
0.0
 71
     0
 72
   100
 73
     1
 74
     3
 75
     0
 76
     0
 77
     0
 78
     0
281
     0
 65
     1
110
0.0
120
0.0
130
0.0
111
1.0
121
0.0
131
0.0
112
0.0
122
1.0
132
0.0
 79
     0
146
0.0
  0
VPORT
  5
13F
330
8
100
AcDbSymbolTableRecord
100
AcDbViewportTableRecord
  2
L3
 70
     0
 10
0.0
 20
0.0
 11
1.0
 21
0.5
 12
0.0
 22
0.0
 13
0.0
 23
0.0
 14
0.5
 24
0.5
 15
0.5
 25
0.5
 16
0.0
 26
-1.0
 36
0.0
 17
0.0
 27
0.0
 37
0.0
 40
1658.409162
 41
0.010707
 42
50.0
 43
855.40636
 44
-855.40636
 50
0.0
 51
0.0
 71
     0
 72
   100
 73
     1
 74
     3
 75
     0
 76
     0
 77
     0
 78
     0
281
     0
 65
     1
110
0.0
120
0.0
130
0.0
111
1.0
121
0.0
131
0.0
112
0.0
122
1.0
132
0.0
 79
     0
146
0.0
  0
VPORT
  5
140
330
8
100
AcDbSymbolTableRecord
100
AcDbViewportTableRecord
  2
L4
 70
     0
 10
0.0
 20
0.5
 11
0.5
 21
1.0
 12
55.19865
 22
-17.420037
 13
0.0
 23
0.0
 14
0.5
 24
0.5
 15
0.5
 25
0.5
 16
0.0
 26
0.0
 36
1.0
 17
0.0
 27
0.0
 37
0.0
 40
254.0
 41
0.069908
 42
50.0
 43
206.62004
 44
-206.62004
 50
0.0
 51
0.0
 71
     0
 72
   100
 73
     1
 74
     3
 75
     0
 76
     0
 77
     0
 78
     0
281
     0
 65
     1
110
0.0
120
0.0
130
0.0
111
1.0
121
0.0
131
0.0
112
0.0
122
1.0
132
0.0
 79
     0
146
0.0
  0
VPORT
  5
141
330
8
100
AcDbSymbolTableRecord
100
AcDbViewportTableRecord
  2
L4
 70
     0
 10
0.0
 20
0.0
 11
0.5
 21
0.5
 12
0.0
 22
0.0
 13
0.0
 23
0.0
 14
0.5
 24
0.5
 15
0.5
 25
0.5
 16
0.0
 26
-1.0
 36
0.0
 17
0.0
 27
0.0
 37
0.0
 40
1658.409162
 41
0.010707
 42
50.0
 43
855.40636
 44
-855.40636
 50
0.0
 51
0.0
 71
     0
 72
   100
 73
     1
 74
     3
 75
     0
 76
     0
 77
     0
 78
     0
281
     0
 65
     1
110
0.0
120
0.0
130
0.0
111
1.0
121
0.0
131
0.0
112
0.0
122
1.0
132
0.0
 79
     0
146
0.0
  0
VPORT
  5
142
330
8
100
AcDbSymbolTableRecord
100
AcDbViewportTableRecord
  2
L4
 70
     0
 10
0.5
 20
0.0
 11
1.0
 21
0.5
 12
0.0
 22
0.0
 13
0.0
 23
0.0
 14
0.5
 24
0.5
 15
0.5
 25
0.5
 16
1.0
 26
0.0
 36
0.0
 17
0.0
 27
0.0
 37
0.0
 40
1658.409162
 41
0.010707
 42
50.0
 43
838.873791
 44
-838.873791
 50
0.0
 51
0.0
 71
     0
 72
   100
 73
     1
 74
     3
 75
     0
 76
     0
 77
     0
 78
     0
281
     0
 65
     1
110
0.0
120
0.0
130
0.0
111
1.0
121
0.0
131
0.0
112
0.0
122
1.0
132
0.0
 79
     0
146
0.0
  0
VPORT
  5
143
330
8
100
AcDbSymbolTableRecord
100
AcDbViewportTableRecord
  2
L4
 70
     0
 10
0.5
 20
0.5
 11
1.0
 21
1.0
 12
0.0
 22
0.0
 13
0.0
 23
0.0
 14
0.5
 24
0.5
 15
0.5
 25
0.5
 16
0.5773502691896258
 26
-0.5773502691896258
 36
0.5773502691896258
 17
0.0
 27
0.0
 37
0.0
 40
1629.322121
 41
0.010898
 42
50.0
 43
848.816281
 44
-848.816281
 50
0.0
 51
0.0
 71
     0
 72
   100
 73
     1
 74
     3
 75
     0
 76
     0
 77
     0
 78
     0
281
     0
 65
     1
110
0.0
120
0.0
130
0.0
111
1.0
121
0.0
131
0.0
112
0.0
122
1.0
132
0.0
 79
     0
146
0.0
  0
VPORT
  5
144
330
8
100
AcDbSymbolTableRecord
100
AcDbViewportTableRecord
  2
L6
 70
     0
 10
0.0
 20
0.5
 11
0.333333
 21
1.0
 12
0.0
 22
0.0
 13
0.0
 23
0.0
 14
0.5
 24
0.5
 15
0.5
 25
0.5
 16
0.7188730927569433
 26
-0.5850486126764433
 36
0.3754192287502549
 17
0.0
 27
0.0
 37
0.0
 40
1719.645312
 41
0.010326
 42
50.0
 43
890.342823
 44
-890.342823
 50
0.0
 51
0.0
 71
     0
 72
   100
 73
     1
 74
     3
 75
     0
 76
     0
 77
     0
 78
     0
281
     0
 65
     1
110
0.0
120
0.0
130
0.0
111
1.0
121
0.0
131
0.0
112
0.0
122
1.0
132
0.0
 79
     0
146
0.0
  0
VPORT
  5
145
330
8
100
AcDbSymbolTableRecord
100
AcDbViewportTableRecord
  2
L6
 70
     0
 10
0.0
 20
0.0
 11
0.333333
 21
0.5
 12
0.0
 22
0.0
 13
0.0
 23
0.0
 14
0.5
 24
0.5
 15
0.5
 25
0.5
 16
-1.0
 26
0.0
 36
0.0
 17
0.0
 27
0.0
 37
0.0
 40
1658.409162
 41
0.010707
 42
50.0
 43
838.873791
 44
-838.873791
 50
0.0
 51
0.0
 71
     0
 72
   100
 73
     1
 74
     3
 75
     0
 76
     0
 77
     0
 78
     0
281
     0
 65
     1
110
0.0
120
0.0
130
0.0
111
1.0
121
0.0
131
0.0
112
0.0
122
1.0
132
0.0
 79
     0
146
0.0
  0
VPORT
  5
146
330
8
100
AcDbSymbolTableRecord
100
AcDbViewportTableRecord
  2
L6
 70
     0
 10
0.333333
 20
0.5
 11
0.666667
 21
1.0
 12
55.19865
 22
-17.420037
 13
0.0
 23
0.0
 14
0.5
 24
0.5
 15
0.5
 25
0.5
 16
0.0
 26
0.0
 36
1.0
 17
0.0
 27
0.0
 37
0.0
 40
254.0
 41
0.069908
 42
50.0
 43
206.62004
 44
-206.62004
 50
0.0
 51
0.0
 71
     0
 72
   100
 73
     1
 74
     3
 75
     0
 76
     0
 77
     0
 78
     0
281
     0
 65
     1
110
0.0
120
0.0
130
0.0
111
1.0
121
0.0
131
0.0
112
0.0
122
1.0
132
0.0
 79
     0
146
0.0
  0
VPORT
  5
147
330
8
100
AcDbSymbolTableRecord
100
AcDbViewportTableRecord
  2
L6
 70
     0
 10
0.333333
 20
0.0
 11
0.666667
 21
0.5
 12
0.0
 22
0.0
 13
0.0
 23
0.0
 14
0.5
 24
0.5
 15
0.5
 25
0.5
 16
0.0
 26
-1.0
 36
0.0
 17
0.0
 27
0.0
 37
0.0
 40
1658.409162
 41
0.010707
 42
50.0
 43
855.40636
 44
-855.40636
 50
0.0
 51
0.0
 71
     0
 72
   100
 73
     1
 74
     3
 75
     0
 76
     0
 77
     0
 78
     0
281
     0
 65
     1
110
0.0
120
0.0
130
0.0
111
1.0
121
0.0
131
0.0
112
0.0
122
1.0
132
0.0
 79
     0
146
0.0
  0
VPORT
  5
148
330
8
100
AcDbSymbolTableRecord
100
AcDbViewportTableRecord
  2
L6
 70
     0
 10
0.666667
 20
0.5
 11
1.0
 21
1.0
 12
0.0
 22
0.0
 13
0.0
 23
0.0
 14
0.5
 24
0.5
 15
0.5
 25
0.5
 16
0.5773502691896258
 26
-0.5773502691896258
 36
0.5773502691896258
 17
0.0
 27
0.0
 37
0.0
 40
1629.322121
 41
0.010898
 42
50.0
 43
848.816281
 44
-848.816281
 50
0.0
 51
0.0
 71
     0
 72
   100
 73
     1
 74
     3
 75
     0
 76
     0
 77
     0
 78
     0
281
     0
 65
     1
110
0.0
120
0.0
130
0.0
111
1.0
121
0.0
131
0.0
112
0.0
122
1.0
132
0.0
 79
     0
146
0.0
  0
VPORT
  5
149
330
8
100
AcDbSymbolTableRecord
100
AcDbViewportTableRecord
  2
L6
 70
     0
 10
0.666667
 20
0.0
 11
1.0
 21
0.5
 12
0.0
 22
0.0
 13
0.0
 23
0.0
 14
0.5
 24
0.5
 15
0.5
 25
0.5
 16
1.0
 26
0.0
 36
0.0
 17
0.0
 27
0.0
 37
0.0
 40
1658.409162
 41
0.010707
 42
50.0
 43
838.873791
 44
-838.873791
 50
0.0
 51
0.0
 71
     0
 72
   100
 73
     1
 74
     3
 75
     0
 76
     0
 77
     0
 78
     0
281
     0
 65
     1
110
0.0
120
0.0
130
0.0
111
1.0
121
0.0
131
0.0
112
0.0
122
1.0
132
0.0
 79
     0
146
0.0
  0
ENDTAB
  0
TABLE
  2
LTYPE
  5
5
330
0
100
AcDbSymbolTable
 70
    10
  0
LTYPE
  5
14
330
5
100
AcDbSymbolTableRecord
100
AcDbLinetypeTableRecord
  2
ByBlock
 70
     0
  3

 72
    65
 73
     0
 40
0.0
  0
LTYPE
  5
15
330
5
100
AcDbSymbolTableRecord
100
AcDbLinetypeTableRecord
  2
ByLayer
 70
     0
  3

 72
    65
 73
     0
 40
0.0
  0
LTYPE
  5
16
330
5
100
AcDbSymbolTableRecord
100
AcDbLinetypeTableRecord
  2
Continuous
 70
     0
  3
Solid line
 72
    65
 73
     0
 40
0.0
  0
LTYPE
  5
6E
330
5
100
AcDbSymbolTableRecord
100
AcDbLinetypeTableRecord
  2
ACAD_ISO04W100
 70
     0
  3
ISO long-dash dot ____ . ____ . ____ . ____ . _
 72
    65
 73
     4
 40
30.0
 49
24.0
 74
     4
 75
     0
340
0
 46
0.0
 50
0.0
 44
0.0
 45
0.0
 49
-3.0
 74
     4
 75
     0
340
0
 46
0.0
 50
0.0
 44
0.0
 45
0.0
 49
0.0
 74
     4
 75
     0
340
0
 46
0.0
 50
0.0
 44
0.0
 45
0.0
 49
-3.0
 74
     4
 75
     0
340
0
 46
0.0
 50
0.0
 44
0.0
 45
0.0
  0
LTYPE
  5
6F
330
5
100
AcDbSymbolTableRecord
100
AcDbLinetypeTableRecord
  2
ACAD_ISO05W100
 70
     0
  3
ISO long-dash double-dot ____ .. ____ .. ____ . 
 72
    65
 73
     6
 40
33.0
 49
24.0
 74
     4
 75
     0
340
0
 46
0.0
 50
0.0
 44
0.0
 45
0.0
 49
-3.0
 74
     4
 75
     0
340
0
 46
0.0
 50
0.0
 44
0.0
 45
0.0
 49
0.0
 74
     4
 75
     0
340
0
 46
0.0
 50
0.0
 44
0.0
 45
0.0
 49
-3.0
 74
     4
 75
     0
340
0
 46
0.0
 50
0.0
 44
0.0
 45
0.0
 49
0.0
 74
     4
 75
     0
340
0
 46
0.0
 50
0.0
 44
0.0
 45
0.0
 49
-3.0
 74
     4
 75
     0
340
0
 46
0.0
 50
0.0
 44
0.0
 45
0.0
  0
LTYPE
  5
70
330
5
100
AcDbSymbolTableRecord
100
AcDbLinetypeTableRecord
  2
ACAD_ISO06W100
 70
     0
  3
ISO long-dash triple-dot ____ ... ____ ... ____
 72
    65
 73
     8
 40
36.0
 49
24.0
 74
     4
 75
     0
340
0
 46
0.0
 50
0.0
 44
0.0
 45
0.0
 49
-3.0
 74
     4
 75
     0
340
0
 46
0.0
 50
0.0
 44
0.0
 45
0.0
 49
0.0
 74
     4
 75
     0
340
0
 46
0.0
 50
0.0
 44
0.0
 45
0.0
 49
-3.0
 74
     4
 75
     0
340
0
 46
0.0
 50
0.0
 44
0.0
 45
0.0
 49
0.0
 74
     4
 75
     0
340
0
 46
0.0
 50
0.0
 44
0.0
 45
0.0
 49
-3.0
 74
     4
 75
     0
340
0
 46
0.0
 50
0.0
 44
0.0
 45
0.0
 49
0.0
 74
     4
 75
     0
340
0
 46
0.0
 50
0.0
 44
0.0
 45
0.0
 49
-3.0
 74
     4
 75
     0
340
0
 46
0.0
 50
0.0
 44
0.0
 45
0.0
  0
LTYPE
  5
71
330
5
100
AcDbSymbolTableRecord
100
AcDbLinetypeTableRecord
  2
ACAD_ISO09W100
 70
     0
  3
ISO long-dash double-short-dash ____ __ __ ____
 72
    65
 73
     6
 40
45.0
 49
24.0
 74
     4
 75
     0
340
0
 46
0.0
 50
0.0
 44
0.0
 45
0.0
 49
-3.0
 74
     4
 75
     0
340
0
 46
0.0
 50
0.0
 44
0.0
 45
0.0
 49
6.0
 74
     4
 75
     0
340
0
 46
0.0
 50
0.0
 44
0.0
 45
0.0
 49
-3.0
 74
     4
 75
     0
340
0
 46
0.0
 50
0.0
 44
0.0
 45
0.0
 49
6.0
 74
     4
 75
     0
340
0
 46
0.0
 50
0.0
 44
0.0
 45
0.0
 49
-3.0
 74
     4
 75
     0
340
0
 46
0.0
 50
0.0
 44
0.0
 45
0.0
  0
LTYPE
  5
72
330
5
100
AcDbSymbolTableRecord
100
AcDbLinetypeTableRecord
  2
CENTER
 70
     0
  3
____ _ ____ _ ____ _ ____
 72
    65
 73
     4
 40
47.4
 49
22.0
 74
     4
 75
     0
340
0
 46
0.0
 50
0.0
 44
0.0
 45
0.0
 49
-8.5
 74
     4
 75
     0
340
0
 46
0.0
 50
0.0
 44
0.0
 45
0.0
 49
8.5
 74
     4
 75
     0
340
0
 46
0.0
 50
0.0
 44
0.0
 45
0.0
 49
-8.5
 74
     4
 75
     0
340
0
 46
0.0
 50
0.0
 44
0.0
 45
0.0
  0
LTYPE
  5
73
330
5
100
AcDbSymbolTableRecord
100
AcDbLinetypeTableRecord
  2
DASHDOT
 70
     0
  3
_._._._._._._._._._._._._._._._.
 72
    65
 73
     4
 40
70.0
 49
31.0
 74
     4
 75
     0
340
0
 46
0.0
 50
0.0
 44
0.0
 45
0.0
 49
-13.0
 74
     4
 75
     0
340
0
 46
0.0
 50
0.0
 44
0.0
 45
0.0
 49
13.0
 74
     4
 75
     0
340
0
 46
0.0
 50
0.0
 44
0.0
 45
0.0
 49
-13.0
 74
     4
 75
     0
340
0
 46
0.0
 50
0.0
 44
0.0
 45
0.0
  0
LTYPE
  5
74
330
5
100
AcDbSymbolTableRecord
100
AcDbLinetypeTableRecord
  2
DASHED
 70
     0
  3
__ __ __ __ __ __ __ __ __
 72
    65
 73
     2
 40
25.72
 49
12.86
 74
     4
 75
     0
340
0
 46
0.0
 50
0.0
 44
0.0
 45
0.0
 49
-12.86
 74
     4
 75
     0
340
0
 46
0.0
 50
0.0
 44
0.0
 45
0.0
  0
LTYPE
  5
75
330
5
100
AcDbSymbolTableRecord
100
AcDbLinetypeTableRecord
  2
DOT
 70
     0
  3
.........................
 72
    65
 73
     2
 40
10.0
 49
0.0
 74
     4
 75
     0
340
0
 46
0.0
 50
0.0
 44
0.0
 45
0.0
 49
-10.0
 74
     4
 75
     0
340
0
 46
0.0
 50
0.0
 44
0.0
 45
0.0
  0
LTYPE
  5
76
330
5
100
AcDbSymbolTableRecord
100
AcDbLinetypeTableRecord
  2
PHANTOM
 70
     0
  3
____ _ _ ____ _ _ _____ _ _ ____
 72
    65
 73
     6
 40
50.5
 49
18.0
 74
     4
 75
     0
340
0
 46
0.0
 50
0.0
 44
0.0
 45
0.0
 49
-6.5
 74
     4
 75
     0
340
0
 46
0.0
 50
0.0
 44
0.0
 45
0.0
 49
6.5
 74
     4
 75
     0
340
0
 46
0.0
 50
0.0
 44
0.0
 45
0.0
 49
-6.5
 74
     4
 75
     0
340
0
 46
0.0
 50
0.0
 44
0.0
 45
0.0
 49
6.5
 74
     4
 75
     0
340
0
 46
0.0
 50
0.0
 44
0.0
 45
0.0
 49
-6.5
 74
     4
 75
     0
340
0
 46
0.0
 50
0.0
 44
0.0
 45
0.0
  0
ENDTAB
  0
TABLE
  2
LAYER
  5
2
330
0
100
AcDbSymbolTable
 70
     2
  0
LAYER
  5
10
330
2
100
AcDbSymbolTableRecord
100
AcDbLayerTableRecord
  2
0
 70
     0
 62
     7
  6
Continuous
370
    -3
390
F
  0
LAYER
  5
78
330
2
100
AcDbSymbolTableRecord
100
AcDbLayerTableRecord
  2
1
 70
     0
 62
     7
420
 16777215
  6
Continuous
370
    -3
390
F
  0
ENDTAB
  0
TABLE
  2
STYLE
  5
3
330
0
100
AcDbSymbolTable
 70
     1
  0
STYLE
  5
11
330
3
100
AcDbSymbolTableRecord
100
AcDbTextStyleTableRecord
  2
Standard
 70
     0
 40
0.0
 41
1.0
 50
0.0
 71
     0
 42
0.2
  3
txt
  4

  0
ENDTAB
  0
TABLE
  2
VIEW
  5
6
330
0
100
AcDbSymbolTable
 70
     8
  0
VIEW
  5
133
330
6
100
AcDbSymbolTableRecord
100
AcDbViewTableRecord
  2
Top
 70
     0
 40
254.0
 10
55.19865
 20
-17.420037
 41
420.189501
 11
0.0
 21
0.0
 31
1.0
 12
0.0
 22
0.0
 32
0.0
 42
50.0
 43
206.62004
 44
-206.62004
 50
0.0
 71
     0
281
     0
 72
     0
  0
VIEW
  5
134
330
6
100
AcDbSymbolTableRecord
100
AcDbViewTableRecord
  2
Front
 70
     0
 40
1658.409162
 10
0.0
 20
0.0
 41
420.189501
 11
0.0
 21
-1.0
 31
0.0
 12
0.0
 22
0.0
 32
0.0
 42
50.0
 43
855.40636
 44
-855.40636
 50
0.0
 71
     0
281
     0
 72
     0
  0
VIEW
  5
135
330
6
100
AcDbSymbolTableRecord
100
AcDbViewTableRecord
  2
Right
 70
     0
 40
1658.409162
 10
0.0
 20
0.0
 41
254.0
 11
1.0
 21
0.0
 31
0.0
 12
0.0
 22
0.0
 32
0.0
 42
50.0
 43
838.873791
 44
-838.873791
 50
0.0
 71
     0
281
     0
 72
     0
  0
VIEW
  5
136
330
6
100
AcDbSymbolTableRecord
100
AcDbViewTableRecord
  2
Back
 70
     0
 40
1658.409162
 10
0.0
 20
0.0
 41
420.189501
 11
0.0
 21
1.0
 31
0.0
 12
0.0
 22
0.0
 32
0.0
 42
50.0
 43
855.40636
 44
-855.40636
 50
0.0
 71
     0
281
     0
 72
     0
  0
VIEW
  5
137
330
6
100
AcDbSymbolTableRecord
100
AcDbViewTableRecord
  2
Bottom
 70
     0
 40
254.0
 10
0.0
 20
0.0
 41
420.189501
 11
0.0
 21
0.0
 31
-1.0
 12
0.0
 22
0.0
 32
0.0
 42
50.0
 43
829.204581
 44
-829.204581
 50
180.0
 71
     0
281
     0
 72
     0
  0
VIEW
  5
138
330
6
100
AcDbSymbolTableRecord
100
AcDbViewTableRecord
  2
Left
 70
     0
 40
1658.409162
 10
0.0
 20
0.0
 41
254.0
 11
-1.0
 21
0.0
 31
0.0
 12
0.0
 22
0.0
 32
0.0
 42
50.0
 43
838.873791
 44
-838.873791
 50
0.0
 71
     0
281
     0
 72
     0
  0
VIEW
  5
139
330
6
100
AcDbSymbolTableRecord
100
AcDbViewTableRecord
  2
Isometric
 70
     0
 40
1629.322121
 10
0.0
 20
0.0
 41
476.723968
 11
0.5773502691896258
 21
-0.5773502691896258
 31
0.5773502691896258
 12
0.0
 22
0.0
 32
0.0
 42
50.0
 43
848.816281
 44
-848.816281
 50
0.0
 71
     0
281
     0
 72
     0
  0
VIEW
  5
13A
330
6
100
AcDbSymbolTableRecord
100
AcDbViewTableRecord
  2
Trimetric
 70
     0
 40
1719.645312
 10
0.0
 20
0.0
 41
462.23519
 11
0.7188730927569433
 21
-0.5850486126764433
 31
0.3754192287502549
 12
0.0
 22
0.0
 32
0.0
 42
50.0
 43
890.342823
 44
-890.342823
 50
0.0
 71
     0
281
     0
 72
     0
  0
ENDTAB
  0
TABLE
  2
UCS
  5
7
330
0
100
AcDbSymbolTable
 70
     0
  0
ENDTAB
  0
TABLE
  2
APPID
  5
9
330
0
100
AcDbSymbolTable
 70
     2
  0
APPID
  5
12
330
9
100
AcDbSymbolTableRecord
100
AcDbRegAppTableRecord
  2
ACAD
 70
     0
  0
APPID
  5
189
330
9
100
AcDbSymbolTableRecord
100
AcDbRegAppTableRecord
  2
ACAD_MLEADERVER
 70
     0
  0
ENDTAB
  0
TABLE
  2
DIMSTYLE
  5
A
330
0
100
AcDbSymbolTable
 70
     1
100
AcDbDimStyleTable
  0
DIMSTYLE
105
27
330
A
100
AcDbSymbolTableRecord
100
AcDbDimStyleTableRecord
  2
Standard
 70
     0
178
     0
340
11
  0
ENDTAB
  0
TABLE
  2
BLOCK_RECORD
  5
1
330
0
100
AcDbSymbolTable
 70
     1
  0
BLOCK_RECORD
  5
1F
330
1
100
AcDbSymbolTableRecord
100
AcDbBlockTableRecord
  2
*Model_Space
340
22
  0
BLOCK_RECORD
  5
1B
330
1
100
AcDbSymbolTableRecord
100
AcDbBlockTableRecord
  2
*Paper_Space
340
1E
  0
BLOCK_RECORD
  5
23
330
1
100
AcDbSymbolTableRecord
100
AcDbBlockTableRecord
  2
*Paper_Space0
340
26
  0
ENDTAB
  0
ENDSEC
  0
SECTION
  2
BLOCKS
  0
BLOCK
  5
20
330
1F
100
AcDbEntity
  8
0
100
AcDbBlockBegin
  2
*Model_Space
 70
     0
 10
0.0
 20
0.0
 30
0.0
  3
*Model_Space
  1

  0
ENDBLK
  5
21
330
1F
100
AcDbEntity
  8
0
100
AcDbBlockEnd
  0
BLOCK
  5
1C
330
1B
100
AcDbEntity
 67
     1
  8
0
100
AcDbBlockBegin
  2
*Paper_Space
 70
     0
 10
0.0
 20
0.0
 30
0.0
  3
*Paper_Space
  1

  0
ENDBLK
  5
1D
330
1B
100
AcDbEntity
 67
     1
  8
0
100
AcDbBlockEnd
  0
BLOCK
  5
24
330
23
100
AcDbEntity
  8
0
100
AcDbBlockBegin
  2
*Paper_Space0
 70
     0
 10
0.0
 20
0.0
 30
0.0
  3
*Paper_Space0
  1

  0
ENDBLK
  5
25
330
23
100
AcDbEntity
  8
0
100
AcDbBlockEnd
  0
ENDSEC
  0
SECTION
  2
ENTITIES
  0
LINE
  5
77
330
1F
100
AcDbEntity
  8
1
  6
Continuous
 62
   150
370
    18
100
AcDbLine
 10
33.634344
 20
-9.012041
 30
0.0
 11
33.634344
 21
-15.284901
 31
0.0
  0
LINE
  5
79
330
1F
100
AcDbEntity
  8
1
  6
Continuous
 62
   150
370
    18
100
AcDbLine
 10
31.734344
 20
-15.309183
 30
0.0
 11
31.734344
 21
-9.011564
 31
0.0
  0
LINE
  5
7A
330
1F
100
AcDbEntity
  8
1
  6
Continuous
 62
   150
370
    18
100
AcDbLine
 10
51.767042
 20
-15.292783
 30
0.0
 11
51.767042
 21
-9.006294
 31
0.0
  0
LINE
  5
7B
330
1F
100
AcDbEntity
  8
1
  6
Continuous
 62
   150
370
    18
100
AcDbLine
 10
53.667042
 20
-9.001179
 30
0.0
 11
53.667042
 21
-15.323398
 31
0.0
  0
LINE
  5
7C
330
1F
100
AcDbEntity
  8
1
  6
Continuous
 62
   150
370
    18
100
AcDbLine
 10
92.772557
 20
-9.02403
 30
0.0
 11
92.772557
 21
-15.093643
 31
0.0
  0
LINE
  5
7D
330
1F
100
AcDbEntity
  8
1
  6
Continuous
 62
   150
370
    18
100
AcDbLine
 10
90.872557
 20
-15.052898
 30
0.0
 11
90.872557
 21
-9.015217
 31
0.0
  0
LINE
  5
7E
330
1F
100
AcDbEntity
  8
1
  6
Continuous
 62
   150
370
    18
100
AcDbLine
 10
72.780598
 20
-19.535336
 30
0.0
 11
72.780598
 21
-25.620669
 31
0.0
  0
LINE
  5
7F
330
1F
100
AcDbEntity
  8
1
  6
Continuous
 62
   150
370
    18
100
AcDbLine
 10
70.880598
 20
-15.063004
 30
0.0
 11
70.880598
 21
-9.007524
 31
0.0
  0
LINE
  5
80
330
1F
100
AcDbEntity
  8
1
  6
Continuous
 62
   150
370
    18
100
AcDbLine
 10
72.780598
 20
-8.98752
 30
0.0
 11
72.780598
 21
-15.074929
 31
0.0
  0
LINE
  5
81
330
1F
100
AcDbEntity
  8
1
  6
Continuous
 62
   150
370
    18
100
AcDbLine
 10
70.880598
 20
-25.621742
 30
0.0
 11
70.880598
 21
-19.549058
 31
0.0
  0
LINE
  5
82
330
1F
100
AcDbEntity
  8
1
  6
Continuous
 62
   150
370
    18
100
AcDbLine
 10
77.464177
 20
-31.312026
 30
0.0
 11
78.915458
 21
-31.312026
 31
0.0
  0
LINE
  5
83
330
1F
100
AcDbEntity
  8
1
  6
Continuous
 62
   150
370
    18
100
AcDbLine
 10
77.2621
 20
-32.125439
 30
0.0
 11
77.464177
 21
-31.312026
 31
0.0
  0
LINE
  5
84
330
1F
100
AcDbEntity
  8
1
  6
Continuous
 62
   150
370
    18
100
AcDbLine
 10
79.117535
 20
-32.125439
 30
0.0
 11
77.2621
 21
-32.125439
 31
0.0
  0
LINE
  5
85
330
1F
100
AcDbEntity
  8
1
  6
Continuous
 62
   150
370
    18
100
AcDbLine
 10
79.321025
 20
-32.940074
 30
0.0
 11
79.117535
 21
-32.125439
 31
0.0
  0
LINE
  5
86
330
1F
100
AcDbEntity
  8
1
  6
Continuous
 62
   150
370
    18
100
AcDbLine
 10
80.734152
 20
-32.940074
 30
0.0
 11
79.321025
 21
-32.940074
 31
0.0
  0
LINE
  5
87
330
1F
100
AcDbEntity
  8
1
  6
Continuous
 62
   150
370
    18
100
AcDbLine
 10
79.321025
 20
-27.240074
 30
0.0
 11
80.734152
 21
-32.940074
 31
0.0
  0
LINE
  5
88
330
1F
100
AcDbEntity
  8
1
  6
Continuous
 62
   150
370
    18
100
AcDbLine
 10
78.473149
 20
-27.240074
 30
0.0
 11
79.321025
 21
-27.240074
 31
0.0
  0
LINE
  5
89
330
1F
100
AcDbEntity
  8
1
  6
Continuous
 62
   150
370
    18
100
AcDbLine
 10
78.190524
 20
-28.380807
 30
0.0
 11
78.473149
 21
-27.240074
 31
0.0
  0
LINE
  5
8A
330
1F
100
AcDbEntity
  8
1
  6
Continuous
 62
   150
370
    18
100
AcDbLine
 10
78.915458
 20
-31.312026
 30
0.0
 11
78.190524
 21
-28.380807
 31
0.0
  0
LINE
  5
8B
330
1F
100
AcDbEntity
  8
1
  6
Continuous
 62
   150
370
    18
100
AcDbLine
 10
76.494772
 20
-32.940074
 30
0.0
 11
77.907899
 21
-27.240074
 31
0.0
  0
LINE
  5
8C
330
1F
100
AcDbEntity
  8
1
  6
Continuous
 62
   150
370
    18
100
AcDbLine
 10
77.907899
 20
-27.240074
 30
0.0
 11
76.494772
 21
-27.240074
 31
0.0
  0
LINE
  5
8D
330
1F
100
AcDbEntity
  8
1
  6
Continuous
 62
   150
370
    18
100
AcDbLine
 10
76.494772
 20
-27.240074
 30
0.0
 11
75.081645
 21
-32.940074
 31
0.0
  0
LINE
  5
8E
330
1F
100
AcDbEntity
  8
1
  6
Continuous
 62
   150
370
    18
100
AcDbLine
 10
75.081645
 20
-32.940074
 30
0.0
 11
76.494772
 21
-32.940074
 31
0.0
  0
LINE
  5
8F
330
1F
100
AcDbEntity
  8
1
  6
Continuous
 62
   150
370
    18
100
AcDbLine
 10
74.373669
 20
-32.940074
 30
0.0
 11
72.960542
 21
-32.940074
 31
0.0
  0
LINE
  5
90
330
1F
100
AcDbEntity
  8
1
  6
Continuous
 62
   150
370
    18
100
AcDbLine
 10
74.373669
 20
-27.240074
 30
0.0
 11
74.373669
 21
-32.940074
 31
0.0
  0
LINE
  5
91
330
1F
100
AcDbEntity
  8
1
  6
Continuous
 62
   150
370
    18
100
AcDbLine
 10
72.960542
 20
-27.240074
 30
0.0
 11
74.373669
 21
-27.240074
 31
0.0
  0
LINE
  5
92
330
1F
100
AcDbEntity
  8
1
  6
Continuous
 62
   150
370
    18
100
AcDbLine
 10
72.960542
 20
-32.940074
 30
0.0
 11
72.960542
 21
-27.240074
 31
0.0
  0
LINE
  5
93
330
1F
100
AcDbEntity
  8
1
  6
Continuous
 62
   150
370
    18
100
AcDbLine
 10
68.721162
 20
-28.054709
 30
0.0
 11
68.721162
 21
-27.240074
 31
0.0
  0
LINE
  5
94
330
1F
100
AcDbEntity
  8
1
  6
Continuous
 62
   150
370
    18
100
AcDbLine
 10
70.237447
 20
-30.4693
 30
0.0
 11
72.017987
 21
-32.940074
 31
0.0
  0
LINE
  5
95
330
1F
100
AcDbEntity
  8
1
  6
Continuous
 62
   150
370
    18
100
AcDbLine
 10
72.017987
 20
-32.940074
 30
0.0
 11
70.463547
 21
-32.940074
 31
0.0
  0
LINE
  5
96
330
1F
100
AcDbEntity
  8
1
  6
Continuous
 62
   150
370
    18
100
AcDbLine
 10
70.463547
 20
-32.940074
 30
0.0
 11
68.721162
 21
-30.497391
 31
0.0
  0
LINE
  5
97
330
1F
100
AcDbEntity
  8
1
  6
Continuous
 62
   150
370
    18
100
AcDbLine
 10
68.721162
 20
-30.497391
 30
0.0
 11
68.721162
 21
-29.682757
 31
0.0
  0
LINE
  5
98
330
1F
100
AcDbEntity
  8
1
  6
Continuous
 62
   150
370
    18
100
AcDbLine
 10
68.249178
 20
-27.240074
 30
0.0
 11
68.249178
 21
-32.940074
 31
0.0
  0
LINE
  5
99
330
1F
100
AcDbEntity
  8
1
  6
Continuous
 62
   150
370
    18
100
AcDbLine
 10
66.836051
 20
-27.240074
 30
0.0
 11
68.249178
 21
-27.240074
 31
0.0
  0
LINE
  5
9A
330
1F
100
AcDbEntity
  8
1
  6
Continuous
 62
   150
370
    18
100
AcDbLine
 10
66.836051
 20
-32.940074
 30
0.0
 11
66.836051
 21
-27.240074
 31
0.0
  0
LINE
  5
9B
330
1F
100
AcDbEntity
  8
1
  6
Continuous
 62
   150
370
    18
100
AcDbLine
 10
68.249178
 20
-32.940074
 30
0.0
 11
66.836051
 21
-32.940074
 31
0.0
  0
LINE
  5
9C
330
1F
100
AcDbEntity
  8
1
  6
Continuous
 62
   150
370
    18
100
AcDbLine
 10
63.537813
 20
-27.240074
 30
0.0
 11
63.537813
 21
-28.054709
 31
0.0
  0
LINE
  5
9D
330
1F
100
AcDbEntity
  8
1
  6
Continuous
 62
   150
370
    18
100
AcDbLine
 10
63.537813
 20
-32.125439
 30
0.0
 11
63.537813
 21
-32.940074
 31
0.0
  0
LINE
  5
9E
330
1F
100
AcDbEntity
  8
1
  6
Continuous
 62
   150
370
    18
100
AcDbLine
 10
63.067242
 20
-32.940074
 30
0.0
 11
63.067242
 21
-32.125439
 31
0.0
  0
LINE
  5
9F
330
1F
100
AcDbEntity
  8
1
  6
Continuous
 62
   150
370
    18
100
AcDbLine
 10
63.067242
 20
-28.054709
 30
0.0
 11
63.067242
 21
-27.240074
 31
0.0
  0
LINE
  5
A0
330
1F
100
AcDbEntity
  8
1
  6
Continuous
 62
   150
370
    18
100
AcDbLine
 10
56.944164
 20
-32.125439
 30
0.0
 11
59.770418
 21
-32.125439
 31
0.0
  0
LINE
  5
A1
330
1F
100
AcDbEntity
  8
1
  6
Continuous
 62
   150
370
    18
100
AcDbLine
 10
56.944164
 20
-32.940074
 30
0.0
 11
56.944164
 21
-32.125439
 31
0.0
  0
LINE
  5
A2
330
1F
100
AcDbEntity
  8
1
  6
Continuous
 62
   150
370
    18
100
AcDbLine
 10
59.770418
 20
-32.940074
 30
0.0
 11
56.944164
 21
-32.940074
 31
0.0
  0
LINE
  5
A3
330
1F
100
AcDbEntity
  8
1
  6
Continuous
 62
   150
370
    18
100
AcDbLine
 10
59.770418
 20
-32.125439
 30
0.0
 11
59.770418
 21
-32.940074
 31
0.0
  0
LINE
  5
A4
330
1F
100
AcDbEntity
  8
1
  6
Continuous
 62
   150
370
    18
100
AcDbLine
 10
55.059053
 20
-27.240074
 30
0.0
 11
55.059053
 21
-32.940074
 31
0.0
  0
LINE
  5
A5
330
1F
100
AcDbEntity
  8
1
  6
Continuous
 62
   150
370
    18
100
AcDbLine
 10
56.47218
 20
-27.240074
 30
0.0
 11
55.059053
 21
-27.240074
 31
0.0
  0
LINE
  5
A6
330
1F
100
AcDbEntity
  8
1
  6
Continuous
 62
   150
370
    18
100
AcDbLine
 10
56.47218
 20
-32.940074
 30
0.0
 11
56.47218
 21
-27.240074
 31
0.0
  0
LINE
  5
A7
330
1F
100
AcDbEntity
  8
1
  6
Continuous
 62
   150
370
    18
100
AcDbLine
 10
55.059053
 20
-32.940074
 30
0.0
 11
56.47218
 21
-32.940074
 31
0.0
  0
LINE
  5
A8
330
1F
100
AcDbEntity
  8
1
  6
Continuous
 62
   150
370
    18
100
AcDbLine
 10
43.243901
 20
-27.240074
 30
0.0
 11
43.243901
 21
-28.054709
 31
0.0
  0
LINE
  5
A9
330
1F
100
AcDbEntity
  8
1
  6
Continuous
 62
   150
370
    18
100
AcDbLine
 10
43.243901
 20
-32.125439
 30
0.0
 11
43.243901
 21
-32.940074
 31
0.0
  0
LINE
  5
AA
330
1F
100
AcDbEntity
  8
1
  6
Continuous
 62
   150
370
    18
100
AcDbLine
 10
51.290244
 20
-27.240074
 30
0.0
 11
51.290244
 21
-28.054709
 31
0.0
  0
LINE
  5
AB
330
1F
100
AcDbEntity
  8
1
  6
Continuous
 62
   150
370
    18
100
AcDbLine
 10
51.290244
 20
-32.125439
 30
0.0
 11
51.290244
 21
-32.940074
 31
0.0
  0
LINE
  5
AC
330
1F
100
AcDbEntity
  8
1
  6
Continuous
 62
   150
370
    18
100
AcDbLine
 10
52.703371
 20
-28.869343
 30
0.0
 11
54.116498
 21
-28.869343
 31
0.0
  0
LINE
  5
AD
330
1F
100
AcDbEntity
  8
1
  6
Continuous
 62
   150
370
    18
100
AcDbLine
 10
51.760816
 20
-27.240074
 30
0.0
 11
51.760816
 21
-28.054709
 31
0.0
  0
LINE
  5
AE
330
1F
100
AcDbEntity
  8
1
  6
Continuous
 62
   150
370
    18
100
AcDbLine
 10
51.290244
 20
-29.682757
 30
0.0
 11
54.116498
 21
-29.682757
 31
0.0
  0
LINE
  5
AF
330
1F
100
AcDbEntity
  8
1
  6
Continuous
 62
   150
370
    18
100
AcDbLine
 10
51.290244
 20
-30.497391
 30
0.0
 11
51.290244
 21
-29.682757
 31
0.0
  0
LINE
  5
B0
330
1F
100
AcDbEntity
  8
1
  6
Continuous
 62
   150
370
    18
100
AcDbLine
 10
52.703371
 20
-30.497391
 30
0.0
 11
51.290244
 21
-30.497391
 31
0.0
  0
LINE
  5
B1
330
1F
100
AcDbEntity
  8
1
  6
Continuous
 62
   150
370
    18
100
AcDbLine
 10
51.760816
 20
-32.940074
 30
0.0
 11
51.760816
 21
-32.125439
 31
0.0
  0
LINE
  5
B2
330
1F
100
AcDbEntity
  8
1
  6
Continuous
 62
   150
370
    18
100
AcDbLine
 10
39.005934
 20
-29.682757
 30
0.0
 11
39.005934
 21
-30.497391
 31
0.0
  0
LINE
  5
B3
330
1F
100
AcDbEntity
  8
1
  6
Continuous
 62
   150
370
    18
100
AcDbLine
 10
36.650252
 20
-29.682757
 30
0.0
 11
39.005934
 21
-29.682757
 31
0.0
  0
LINE
  5
B4
330
1F
100
AcDbEntity
  8
1
  6
Continuous
 62
   150
370
    18
100
AcDbLine
 10
36.650252
 20
-30.497391
 30
0.0
 11
36.650252
 21
-29.682757
 31
0.0
  0
LINE
  5
B5
330
1F
100
AcDbEntity
  8
1
  6
Continuous
 62
   150
370
    18
100
AcDbLine
 10
39.005934
 20
-30.497391
 30
0.0
 11
36.650252
 21
-30.497391
 31
0.0
  0
LINE
  5
B6
330
1F
100
AcDbEntity
  8
1
  6
Continuous
 62
   150
370
    18
100
AcDbLine
 10
36.650252
 20
-27.240074
 30
0.0
 11
36.650252
 21
-28.054709
 31
0.0
  0
LINE
  5
B7
330
1F
100
AcDbEntity
  8
1
  6
Continuous
 62
   150
370
    18
100
AcDbLine
 10
39.476505
 20
-27.240074
 30
0.0
 11
36.650252
 21
-27.240074
 31
0.0
  0
LINE
  5
B8
330
1F
100
AcDbEntity
  8
1
  6
Continuous
 62
   150
370
    18
100
AcDbLine
 10
39.476505
 20
-28.054709
 30
0.0
 11
39.476505
 21
-27.240074
 31
0.0
  0
LINE
  5
B9
330
1F
100
AcDbEntity
  8
1
  6
Continuous
 62
   150
370
    18
100
AcDbLine
 10
36.650252
 20
-28.054709
 30
0.0
 11
39.476505
 21
-28.054709
 31
0.0
  0
LINE
  5
BA
330
1F
100
AcDbEntity
  8
1
  6
Continuous
 62
   150
370
    18
100
AcDbLine
 10
36.650252
 20
-32.125439
 30
0.0
 11
39.476505
 21
-32.125439
 31
0.0
  0
LINE
  5
BB
330
1F
100
AcDbEntity
  8
1
  6
Continuous
 62
   150
370
    18
100
AcDbLine
 10
36.650252
 20
-32.940074
 30
0.0
 11
36.650252
 21
-32.125439
 31
0.0
  0
LINE
  5
BC
330
1F
100
AcDbEntity
  8
1
  6
Continuous
 62
   150
370
    18
100
AcDbLine
 10
39.476505
 20
-32.940074
 30
0.0
 11
36.650252
 21
-32.940074
 31
0.0
  0
LINE
  5
BD
330
1F
100
AcDbEntity
  8
1
  6
Continuous
 62
   150
370
    18
100
AcDbLine
 10
39.476505
 20
-32.125439
 30
0.0
 11
39.476505
 21
-32.940074
 31
0.0
  0
LINE
  5
BE
330
1F
100
AcDbEntity
  8
1
  6
Continuous
 62
   150
370
    18
100
AcDbLine
 10
42.77333
 20
-32.940074
 30
0.0
 11
42.77333
 21
-32.125439
 31
0.0
  0
LINE
  5
BF
330
1F
100
AcDbEntity
  8
1
  6
Continuous
 62
   150
370
    18
100
AcDbLine
 10
42.77333
 20
-28.054709
 30
0.0
 11
42.77333
 21
-27.240074
 31
0.0
  0
LINE
  5
C0
330
1F
100
AcDbEntity
  8
1
  6
Continuous
 62
   150
370
    18
100
AcDbLine
 10
36.178268
 20
-27.240074
 30
0.0
 11
36.178268
 21
-32.940074
 31
0.0
  0
LINE
  5
C1
330
1F
100
AcDbEntity
  8
1
  6
Continuous
 62
   150
370
    18
100
AcDbLine
 10
34.765141
 20
-27.240074
 30
0.0
 11
36.178268
 21
-27.240074
 31
0.0
  0
LINE
  5
C2
330
1F
100
AcDbEntity
  8
1
  6
Continuous
 62
   150
370
    18
100
AcDbLine
 10
34.765141
 20
-32.940074
 30
0.0
 11
34.765141
 21
-27.240074
 31
0.0
  0
LINE
  5
C3
330
1F
100
AcDbEntity
  8
1
  6
Continuous
 62
   150
370
    18
100
AcDbLine
 10
36.178268
 20
-32.940074
 30
0.0
 11
34.765141
 21
-32.940074
 31
0.0
  0
LINE
  5
C4
330
1F
100
AcDbEntity
  8
1
  6
Continuous
 62
   150
370
    18
100
AcDbLine
 10
30.525761
 20
-32.940074
 30
0.0
 11
30.525761
 21
-32.125439
 31
0.0
  0
LINE
  5
C5
330
1F
100
AcDbEntity
  8
1
  6
Continuous
 62
   150
370
    18
100
AcDbLine
 10
30.525761
 20
-28.054709
 30
0.0
 11
30.525761
 21
-27.240074
 31
0.0
  0
LINE
  5
C6
330
1F
100
AcDbEntity
  8
1
  6
Continuous
 62
   150
370
    18
100
AcDbLine
 10
30.053777
 20
-27.240074
 30
0.0
 11
30.053777
 21
-32.940074
 31
0.0
  0
LINE
  5
C7
330
1F
100
AcDbEntity
  8
1
  6
Continuous
 62
   150
370
    18
100
AcDbLine
 10
28.64065
 20
-27.240074
 30
0.0
 11
30.053777
 21
-27.240074
 31
0.0
  0
LINE
  5
C8
330
1F
100
AcDbEntity
  8
1
  6
Continuous
 62
   150
370
    18
100
AcDbLine
 10
28.64065
 20
-32.940074
 30
0.0
 11
28.64065
 21
-27.240074
 31
0.0
  0
LINE
  5
C9
330
1F
100
AcDbEntity
  8
1
  6
Continuous
 62
   150
370
    18
100
AcDbLine
 10
30.053777
 20
-32.940074
 30
0.0
 11
28.64065
 21
-32.940074
 31
0.0
  0
LINE
  5
CA
330
1F
100
AcDbEntity
  8
1
  6
Continuous
 62
   150
370
    18
100
AcDbLine
 10
25.305671
 20
-32.940074
 30
0.0
 11
23.892544
 21
-32.940074
 31
0.0
  0
LINE
  5
CB
330
1F
100
AcDbEntity
  8
1
  6
Continuous
 62
   150
370
    18
100
AcDbLine
 10
25.305671
 20
-27.240074
 30
0.0
 11
25.305671
 21
-32.940074
 31
0.0
  0
LINE
  5
CC
330
1F
100
AcDbEntity
  8
1
  6
Continuous
 62
   150
370
    18
100
AcDbLine
 10
23.892544
 20
-27.240074
 30
0.0
 11
25.305671
 21
-27.240074
 31
0.0
  0
LINE
  5
CD
330
1F
100
AcDbEntity
  8
1
  6
Continuous
 62
   150
370
    18
100
AcDbLine
 10
23.892544
 20
-32.940074
 30
0.0
 11
23.892544
 21
-27.240074
 31
0.0
  0
LINE
  5
CE
330
1F
100
AcDbEntity
  8
1
  6
Continuous
 62
   150
370
    18
100
AcDbLine
 10
20.125149
 20
-32.125439
 30
0.0
 11
22.951402
 21
-32.125439
 31
0.0
  0
LINE
  5
CF
330
1F
100
AcDbEntity
  8
1
  6
Continuous
 62
   150
370
    18
100
AcDbLine
 10
20.125149
 20
-32.940074
 30
0.0
 11
20.125149
 21
-32.125439
 31
0.0
  0
LINE
  5
D0
330
1F
100
AcDbEntity
  8
1
  6
Continuous
 62
   150
370
    18
100
AcDbLine
 10
22.951402
 20
-32.940074
 30
0.0
 11
20.125149
 21
-32.940074
 31
0.0
  0
LINE
  5
D1
330
1F
100
AcDbEntity
  8
1
  6
Continuous
 62
   150
370
    18
100
AcDbLine
 10
22.951402
 20
-32.125439
 30
0.0
 11
22.951402
 21
-32.940074
 31
0.0
  0
LINE
  5
D2
330
1F
100
AcDbEntity
  8
1
  6
Continuous
 62
   150
370
    18
100
AcDbLine
 10
18.240038
 20
-27.240074
 30
0.0
 11
18.240038
 21
-32.940074
 31
0.0
  0
LINE
  5
D3
330
1F
100
AcDbEntity
  8
1
  6
Continuous
 62
   150
370
    18
100
AcDbLine
 10
19.653164
 20
-27.240074
 30
0.0
 11
18.240038
 21
-27.240074
 31
0.0
  0
LINE
  5
D4
330
1F
100
AcDbEntity
  8
1
  6
Continuous
 62
   150
370
    18
100
AcDbLine
 10
19.653164
 20
-32.940074
 30
0.0
 11
19.653164
 21
-27.240074
 31
0.0
  0
LINE
  5
D5
330
1F
100
AcDbEntity
  8
1
  6
Continuous
 62
   150
370
    18
100
AcDbLine
 10
18.240038
 20
-32.940074
 30
0.0
 11
19.653164
 21
-32.940074
 31
0.0
  0
LINE
  5
D6
330
1F
100
AcDbEntity
  8
1
  6
Continuous
 62
   150
370
    18
100
AcDbLine
 10
14.9418
 20
-27.240074
 30
0.0
 11
14.9418
 21
-28.054709
 31
0.0
  0
LINE
  5
D7
330
1F
100
AcDbEntity
  8
1
  6
Continuous
 62
   150
370
    18
100
AcDbLine
 10
14.9418
 20
-32.125439
 30
0.0
 11
14.9418
 21
-32.940074
 31
0.0
  0
LINE
  5
D8
330
1F
100
AcDbEntity
  8
1
  6
Continuous
 62
   150
370
    18
100
AcDbLine
 10
14.471229
 20
-32.940074
 30
0.0
 11
14.471229
 21
-32.125439
 31
0.0
  0
LINE
  5
D9
330
1F
100
AcDbEntity
  8
1
  6
Continuous
 62
   150
370
    18
100
AcDbLine
 10
14.471229
 20
-28.054709
 30
0.0
 11
14.471229
 21
-27.240074
 31
0.0
  0
LINE
  5
DA
330
1F
100
AcDbEntity
  8
1
  6
Continuous
 62
   150
370
    18
100
AcDbLine
 10
8.817309
 20
-32.125439
 30
0.0
 11
8.817309
 21
-32.940074
 31
0.0
  0
LINE
  5
DB
330
1F
100
AcDbEntity
  8
1
  6
Continuous
 62
   150
370
    18
100
AcDbLine
 10
8.817309
 20
-29.682757
 30
0.0
 11
8.817309
 21
-30.497391
 31
0.0
  0
LINE
  5
DC
330
1F
100
AcDbEntity
  8
1
  6
Continuous
 62
   150
370
    18
100
AcDbLine
 10
8.817309
 20
-28.054709
 30
0.0
 11
8.817309
 21
-27.240074
 31
0.0
  0
LINE
  5
DD
330
1F
100
AcDbEntity
  8
1
  6
Continuous
 62
   150
370
    18
100
AcDbLine
 10
11.172991
 20
-28.869343
 30
0.0
 11
9.759864
 21
-28.869343
 31
0.0
  0
LINE
  5
DE
330
1F
100
AcDbEntity
  8
1
  6
Continuous
 62
   150
370
    18
100
AcDbLine
 10
8.346738
 20
-32.125439
 30
0.0
 11
8.346738
 21
-32.940074
 31
0.0
  0
LINE
  5
DF
330
1F
100
AcDbEntity
  8
1
  6
Continuous
 62
   150
370
    18
100
AcDbLine
 10
5.991055
 20
-31.312026
 30
0.0
 11
7.404182
 21
-31.312026
 31
0.0
  0
LINE
  5
E0
330
1F
100
AcDbEntity
  8
1
  6
Continuous
 62
   150
370
    18
100
AcDbLine
 10
8.346738
 20
-29.682757
 30
0.0
 11
8.346738
 21
-30.497391
 31
0.0
  0
LINE
  5
E1
330
1F
100
AcDbEntity
  8
1
  6
Continuous
 62
   150
370
    18
100
AcDbLine
 10
8.346738
 20
-27.240074
 30
0.0
 11
8.346738
 21
-28.054709
 31
0.0
  0
LINE
  5
E2
330
1F
100
AcDbEntity
  8
1
  6
Continuous
 62
   150
370
    18
100
AcDbLine
 10
5.991055
 20
-25.340074
 30
0.0
 11
12.339778
 21
-25.340074
 31
0.0
  0
LINE
  5
E3
330
1F
100
AcDbEntity
  8
1
  6
Continuous
 62
   150
370
    18
100
AcDbLine
 10
5.991055
 20
-3.375398
 30
0.0
 11
5.991055
 21
-25.340074
 31
0.0
  0
LINE
  5
E4
330
1F
100
AcDbEntity
  8
1
  6
Continuous
 62
   150
370
    18
100
AcDbLine
 10
12.339778
 20
-3.375398
 30
0.0
 11
5.991055
 21
-3.375398
 31
0.0
  0
LINE
  5
E5
330
1F
100
AcDbEntity
  8
1
  6
Continuous
 62
   150
370
    18
100
AcDbLine
 10
12.339778
 20
-25.340074
 30
0.0
 11
12.339778
 21
-3.375398
 31
0.0
  0
LINE
  5
E6
330
1F
100
AcDbEntity
  8
1
  6
Continuous
 62
   150
370
    18
100
AcDbLine
 10
23.57605
 20
-25.340074
 30
0.0
 11
18.958334
 21
-15.134947
 31
0.0
  0
LINE
  5
E7
330
1F
100
AcDbEntity
  8
1
  6
Continuous
 62
   150
370
    18
100
AcDbLine
 10
16.550198
 20
-25.340074
 30
0.0
 11
23.57605
 21
-25.340074
 31
0.0
  0
LINE
  5
E8
330
1F
100
AcDbEntity
  8
1
  6
Continuous
 62
   150
370
    18
100
AcDbLine
 10
12.579064
 20
-14.864613
 30
0.0
 11
16.550198
 21
-25.340074
 31
0.0
  0
LINE
  5
E9
330
1F
100
AcDbEntity
  8
1
  6
Continuous
 62
   150
370
    18
100
AcDbLine
 10
15.460682
 20
-9.293792
 30
0.0
 11
12.579064
 21
-14.864613
 31
0.0
  0
LINE
  5
EA
330
1F
100
AcDbEntity
  8
1
  6
Continuous
 62
   150
370
    18
100
AcDbLine
 10
22.063964
 20
-9.293792
 30
0.0
 11
15.460682
 21
-9.293792
 31
0.0
  0
LINE
  5
EB
330
1F
100
AcDbEntity
  8
1
  6
Continuous
 62
   150
370
    18
100
AcDbLine
 10
18.958334
 20
-15.134947
 30
0.0
 11
22.063964
 21
-9.293792
 31
0.0
  0
LINE
  5
EC
330
1F
100
AcDbEntity
  8
1
  6
Continuous
 62
   150
370
    18
100
AcDbLine
 10
35.112702
 20
-25.340074
 30
0.0
 11
41.461425
 21
-25.340074
 31
0.0
  0
LINE
  5
ED
330
1F
100
AcDbEntity
  8
1
  6
Continuous
 62
   150
370
    18
100
AcDbLine
 10
34.130101
 20
-25.547652
 30
0.0
 11
34.130101
 21
-19.320304
 31
0.0
  0
LINE
  5
EE
330
1F
100
AcDbEntity
  8
1
  6
Continuous
 62
   150
370
    18
100
AcDbLine
 10
45.162725
 20
-25.340074
 30
0.0
 11
51.511448
 21
-25.340074
 31
0.0
  0
LINE
  5
EF
330
1F
100
AcDbEntity
  8
1
  6
Continuous
 62
   150
370
    18
100
AcDbLine
 10
53.904311
 20
-25.340074
 30
0.0
 11
60.253033
 21
-25.340074
 31
0.0
  0
LINE
  5
F0
330
1F
100
AcDbEntity
  8
1
  6
Continuous
 62
   150
370
    18
100
AcDbLine
 10
90.31146
 20
-18.934112
 30
0.0
 11
90.31146
 21
-25.566962
 31
0.0
  0
LINE
  5
F1
330
1F
100
AcDbEntity
  8
1
  6
Continuous
 62
   150
370
    18
100
AcDbLine
 10
82.99541
 20
-31.277778
 30
0.0
 11
89.344133
 21
-31.277778
 31
0.0
  0
LINE
  5
F2
330
1F
100
AcDbEntity
  8
1
  6
Continuous
 62
   150
370
    18
100
AcDbLine
 10
103.477296
 20
-25.340074
 30
0.0
 11
109.826019
 21
-25.340074
 31
0.0
  0
LINE
  5
F3
330
1F
100
AcDbEntity
  8
1
  6
Continuous
 62
   150
370
    18
100
AcDbLine
 10
103.477296
 20
-9.293792
 30
0.0
 11
103.477296
 21
-25.340074
 31
0.0
  0
LINE
  5
F4
330
1F
100
AcDbEntity
  8
1
  6
Continuous
 62
   150
370
    18
100
AcDbLine
 10
109.826019
 20
-9.293792
 30
0.0
 11
103.477296
 21
-9.293792
 31
0.0
  0
LINE
  5
F5
330
1F
100
AcDbEntity
  8
1
  6
Continuous
 62
   150
370
    18
100
AcDbLine
 10
109.826019
 20
-25.340074
 30
0.0
 11
109.826019
 21
-9.293792
 31
0.0
  0
LINE
  5
F6
330
1F
100
AcDbEntity
  8
1
  6
Continuous
 62
   163
370
    18
100
AcDbLine
 10
0.0
 20
0.0
 30
0.0
 11
115.546383
 21
0.0
 31
0.0
  0
LINE
  5
F7
330
1F
100
AcDbEntity
  8
1
  6
Continuous
 62
   163
370
    18
100
AcDbLine
 10
115.546383
 20
-34.840074
 30
0.0
 11
-5.138181
 21
-34.840074
 31
0.0
  0
LINE
  5
F8
330
1F
100
AcDbEntity
  8
1
  6
Continuous
 62
   163
370
    18
100
AcDbLine
 10
-7.944883
 20
-31.495177
 30
0.0
 11
-2.806702
 21
-2.355103
 31
0.0
  0
LINE
  5
F9
330
1F
100
AcDbEntity
  8
1
  6
Continuous
 62
   163
370
    18
100
AcDbLine
 10
118.396383
 20
-31.990074
 30
0.0
 11
118.396383
 21
-2.85
 31
0.0
  0
CIRCLE
  5
FA
330
1F
100
AcDbEntity
  8
1
  6
Continuous
 62
   150
370
    18
100
AcDbCircle
 10
114.596383
 20
-17.420037
 30
0.0
 40
2.45
  0
CIRCLE
  5
FB
330
1F
100
AcDbEntity
  8
1
  6
Continuous
 62
   150
370
    18
100
AcDbCircle
 10
-1.604435
 20
-17.420037
 30
0.0
 40
2.45
  0
ARC
  5
FC
330
1F
100
AcDbEntity
  8
1
  6
Continuous
 62
   150
370
    18
100
AcDbCircle
 10
91.804654
 20
-17.470656
 30
0.0
 40
2.566520861797617
100
AcDbArc
 50
47.478526
 51
67.844187
  0
ARC
  5
FD
330
1F
100
AcDbEntity
  8
1
  6
Continuous
 62
   150
370
    18
100
AcDbCircle
 10
71.787575
 20
-17.306031
 30
0.0
 40
2.419458173709227
100
AcDbArc
 50
112.016153
 51
247.983847
  0
ARC
  5
FE
330
1F
100
AcDbEntity
  8
1
  6
Continuous
 62
   150
370
    18
100
AcDbCircle
 10
71.851728
 20
-17.305132
 30
0.0
 40
2.41590707466231
100
AcDbArc
 50
292.611501
 51
67.388499
  0
ARC
  5
FF
330
1F
100
AcDbEntity
  8
1
  6
Continuous
 62
   150
370
    18
100
AcDbCircle
 10
72.343752
 20
-17.304094
 30
0.0
 40
8.328039654106068
100
AcDbArc
 50
273.006816
 51
86.993184
  0
ARC
  5
100
330
1F
100
AcDbEntity
  8
1
  6
Continuous
 62
   150
370
    18
100
AcDbCircle
 10
32.755908
 20
-17.686349
 30
0.0
 40
2.587375647578302
100
AcDbArc
 50
113.255122
 51
133.540204
  0
ARC
  5
101
330
1F
100
AcDbEntity
  8
1
  6
Continuous
 62
   150
370
    18
100
AcDbCircle
 10
71.278535
 20
-17.314633
 30
0.0
 40
8.316634766549694
100
AcDbArc
 50
92.742558
 51
267.257442
  0
ARC
  5
102
330
1F
100
AcDbEntity
  8
1
  6
Continuous
 62
   150
370
    18
100
AcDbCircle
 10
91.88918
 20
-17.153157
 30
0.0
 40
2.379285729488645
100
AcDbArc
 50
228.462791
 51
314.76707
  0
ARC
  5
103
330
1F
100
AcDbEntity
  8
1
  6
Continuous
 62
   150
370
    18
100
AcDbCircle
 10
92.059085
 20
-17.222376
 30
0.0
 40
2.211658848628435
100
AcDbArc
 50
312.904531
 51
47.989338
  0
ARC
  5
104
330
1F
100
AcDbEntity
  8
1
  6
Continuous
 62
   163
370
    18
100
AcDbCircle
 10
115.546383
 20
-2.85
 30
0.0
 40
2.849999999999992
100
AcDbArc
 50
0.0
 51
90.0
  0
ARC
  5
105
330
1F
100
AcDbEntity
  8
1
  6
Continuous
 62
   163
370
    18
100
AcDbCircle
 10
0.0
 20
-2.85
 30
0.0
 40
2.850000000000444
100
AcDbArc
 50
90.0
 51
170.0
  0
ARC
  5
106
330
1F
100
AcDbEntity
  8
1
  6
Continuous
 62
   163
370
    18
100
AcDbCircle
 10
-5.138181
 20
-31.990074
 30
0.0
 40
2.849999999999992
100
AcDbArc
 50
170.0
 51
270.0
  0
ARC
  5
107
330
1F
100
AcDbEntity
  8
1
  6
Continuous
 62
   163
370
    18
100
AcDbCircle
 10
115.546383
 20
-31.990074
 30
0.0
 40
2.850000000000019
100
AcDbArc
 50
270.0
 51
360.0
  0
SPLINE
  5
108
330
1F
100
AcDbEntity
  8
1
  6
Continuous
 62
   150
370
    18
100
AcDbSpline
210
0.0
220
0.0
230
1.0
 70
     8
 71
     3
 72
    15
 73
    11
 74
     0
 42
0.000000001
 43
0.0000000001
 40
0.0
 40
0.0
 40
0.0
 40
0.0
 40
0.1250000000000001
 40
0.1250000000000001
 40
0.2500000000000002
 40
0.2500000000000002
 40
0.3750000000000003
 40
0.3750000000000003
 40
0.5000000000000004
 40
1.0
 40
1.0
 40
1.0
 40
1.0
 10
33.63434444176977
 20
-15.28490114007787
 30
0.0
 10
34.0438352485016
 20
-15.44674264640233
 30
0.0
 10
34.39504382267531
 20
-15.74584229726804
 30
0.0
 10
34.88720536606512
 20
-16.48480942815576
 30
0.0
 10
35.02270307546201
 20
-16.91657925578661
 30
0.0
 10
35.1350273165901
 20
-17.78978076591376
 30
0.0
 10
35.11270238329728
 20
-18.23691837225789
 30
0.0
 10
35.11270238329728
 20
-19.1248128225773
 30
0.0
 10
35.11270238329728
 20
-21.34454894837582
 30
0.0
 10
35.11270238329728
 20
-23.56428507417433
 30
0.0
 10
35.11270238329728
 20
-25.34007397481314
 30
0.0
  0
SPLINE
  5
109
330
1F
100
AcDbEntity
  8
1
  6
Continuous
 62
   150
370
    18
100
AcDbSpline
210
0.0
220
0.0
230
1.0
 70
     8
 71
     3
 72
    22
 73
    18
 74
     0
 42
0.000000001
 43
0.0000000001
 40
0.0
 40
0.0
 40
0.0
 40
0.0
 40
0.125
 40
0.125
 40
0.25
 40
0.25
 40
0.375
 40
0.375
 40
0.5
 40
0.5
 40
0.625
 40
0.625
 40
0.75
 40
0.75
 40
0.875
 40
0.875
 40
1.0
 40
1.0
 40
1.0
 40
1.0
 10
31.73434444176992
 20
-9.011564242502537
 30
0.0
 10
30.58453109289064
 20
-9.108047580853569
 30
0.0
 10
29.4414047942799
 20
-9.415893762871633
 30
0.0
 10
27.39777221995377
 20
-10.4651357319914
 30
0.0
 10
26.47317965110502
 20
-11.20418905463734
 30
0.0
 10
24.95376386581785
 20
-12.96256548563296
 30
0.0
 10
24.38489181294981
 20
-13.99719033248967
 30
0.0
 10
23.77542989991949
 20
-16.23301413139631
 30
0.0
 10
23.7221467454149
 20
-17.41335385351832
 30
0.0
 10
24.02654032701201
 20
-19.69884624753273
 30
0.0
 10
24.42737290747743
 20
-20.81885954634591
 30
0.0
 10
25.68504549292727
 20
-22.74224200162516
 30
0.0
 10
26.52908999925313
 20
-23.57280256508118
 30
0.0
 10
28.45858327078704
 20
-24.85200338225344
 30
0.0
 10
29.54609890131127
 20
-25.27855138709656
 30
0.0
 10
31.8192100287864
 20
-25.7112700514718
 30
0.0
 10
32.98445749800533
 20
-25.73934930203689
 30
0.0
 10
34.13010135811923
 20
-25.54765223381828
 30
0.0
  0
SPLINE
  5
10A
330
1F
100
AcDbEntity
  8
1
  6
Continuous
 62
   150
370
    18
100
AcDbSpline
210
0.0
220
0.0
230
1.0
 70
     8
 71
     3
 72
    19
 73
    15
 74
     0
 42
0.000000001
 43
0.0000000001
 40
0.0
 40
0.0
 40
0.0
 40
0.0
 40
0.125
 40
0.125
 40
0.2500000000000001
 40
0.2500000000000001
 40
0.3750000000000001
 40
0.3750000000000001
 40
0.5000000000000002
 40
0.5000000000000002
 40
0.625
 40
0.625
 40
0.7499999999999998
 40
1.0
 40
1.0
 40
1.0
 40
1.0
 10
51.76704169734436
 20
-9.00629400086038
 30
0.0
 10
50.94953279582115
 20
-9.095171165151662
 30
0.0
 10
50.13961010979753
 20
-9.312737162123868
 30
0.0
 10
48.66160467569728
 20
-10.00990795716327
 30
0.0
 10
47.97579630852414
 20
-10.49858354811506
 30
0.0
 10
46.79607359277516
 20
-11.64321148537389
 30
0.0
 10
46.2876987939928
 20
-12.311168106493
 30
0.0
 10
45.55151062772359
 20
-13.77272434013179
 30
0.0
 10
45.31772576985254
 20
-14.5823045886229
 30
0.0
 10
45.12324919151989
 20
-16.21073753191104
 30
0.0
 10
45.16272530403042
 20
-17.04627357066724
 30
0.0
 10
45.16272530403042
 20
-18.70503365149642
 30
0.0
 10
45.16272530403042
 20
-21.19317377274019
 30
0.0
 10
45.16272530403042
 20
-23.68131389398397
 30
0.0
 10
45.16272530403042
 20
-25.34007397481315
 30
0.0
  0
SPLINE
  5
10B
330
1F
100
AcDbEntity
  8
1
  6
Continuous
 62
   150
370
    18
100
AcDbSpline
210
0.0
220
0.0
230
1.0
 70
     8
 71
     3
 72
    16
 73
    12
 74
     0
 42
0.000000001
 43
0.0000000001
 40
0.0
 40
0.0
 40
0.0
 40
0.0
 40
0.0312500000000008
 40
0.0312500000000008
 40
0.0625000000000012
 40
0.0625000000000012
 40
0.1250000000000009
 40
0.1250000000000009
 40
0.2500000000000014
 40
0.5000000000000012
 40
1.0
 40
1.0
 40
1.0
 40
1.0
 10
53.66704169734437
 20
-15.32339832110828
 30
0.0
 10
53.72757343241358
 20
-15.41068231754921
 30
0.0
 10
53.77412042868282
 20
-15.50842468733161
 30
0.0
 10
53.84268583492724
 20
-15.70889027479249
 30
0.0
 10
53.86504923269869
 20
-15.81070247594513
 30
0.0
 10
53.9096254433942
 20
-16.11912236998736
 30
0.0
 10
53.90431059020001
 20
-16.32937770835204
 30
0.0
 10
53.90431059020001
 20
-16.95803093624468
 30
0.0
 10
53.90431059020001
 20
-18.21533739202994
 30
0.0
 10
53.90431059020004
 20
-21.14905245552892
 30
0.0
 10
53.90431059020004
 20
-23.66366536709945
 30
0.0
 10
53.90431059020001
 20
-25.34007397481314
 30
0.0
  0
SPLINE
  5
10C
330
1F
100
AcDbEntity
  8
1
  6
Continuous
 62
   150
370
    18
100
AcDbSpline
210
0.0
220
0.0
230
1.0
 70
     8
 71
     3
 72
    16
 73
    12
 74
     0
 42
0.000000001
 43
0.0000000001
 40
0.0
 40
0.0
 40
0.0
 40
0.0
 40
0.1250000000000001
 40
0.1250000000000001
 40
0.2500000000000001
 40
0.2500000000000001
 40
0.3750000000000002
 40
0.3750000000000002
 40
0.5000000000000002
 40
0.5000000000000002
 40
1.0
 40
1.0
 40
1.0
 40
1.0
 10
90.872557349146
 20
-9.015217254275074
 30
0.0
 10
89.77959409935553
 20
-9.11869512799061
 30
0.0
 10
88.69486158997242
 20
-9.43001156592633
 30
0.0
 10
86.69639984086331
 20
-10.3792569221984
 30
0.0
 10
85.78496909344535
 20
-11.03281239127877
 30
0.0
 10
84.31093002107859
 20
-12.702890522665
 30
0.0
 10
83.77017407457937
 20
-13.69212833940341
 30
0.0
 10
83.11377533725872
 20
-15.78717500973164
 30
0.0
 10
82.99541037189651
 20
-16.8733835105105
 30
0.0
 10
82.99541037189655
 20
-22.41353510748137
 30
0.0
 10
82.99541037189655
 20
-26.84565638505806
 30
0.0
 10
82.99541037189655
 20
-31.27777766263476
 30
0.0
  0
SPLINE
  5
10D
330
1F
100
AcDbEntity
  8
1
  6
Continuous
 62
   150
370
    18
100
AcDbSpline
210
0.0
220
0.0
230
1.0
 70
     8
 71
     3
 72
    20
 73
    16
 74
     0
 42
0.000000001
 43
0.0000000001
 40
0.0
 40
0.0
 40
0.0
 40
0.0
 40
0.2500000000000043
 40
0.2500000000000043
 40
0.3750000000000036
 40
0.3750000000000036
 40
0.5000000000000029
 40
0.5000000000000029
 40
0.6250000000000022
 40
0.6250000000000022
 40
0.7500000000000014
 40
0.7500000000000014
 40
0.8750000000000007
 40
0.8750000000000007
 40
1.0
 40
1.0
 40
1.0
 40
1.0
 10
68.72116211944135
 20
-27.24007397481314
 30
0.0
 10
69.29425594481353
 20
-27.24007397481314
 30
0.0
 10
69.87147950850809
 20
-27.20742499279469
 30
0.0
 10
70.71568911229397
 20
-27.33561092066979
 30
0.0
 10
70.99841275247255
 20
-27.40878872385794
 30
0.0
 10
71.50527938322648
 20
-27.67289560440219
 30
0.0
 10
71.72951682731899
 20
-27.87756943702452
 30
0.0
 10
71.98832895169937
 20
-28.3874555203402
 30
0.0
 10
72.02914111322123
 20
-28.68200695811981
 30
0.0
 10
72.00220452484058
 20
-29.25768198208264
 30
0.0
 10
71.92198079222045
 20
-29.54656725944626
 30
0.0
 10
71.58596911491428
 20
-30.00813121362913
 30
0.0
 10
71.33850430817301
 20
-30.17284012606009
 30
0.0
 10
70.806394625603
 20
-30.38528265884368
 30
0.0
 10
70.52212720839191
 20
-30.4400094811439
 30
0.0
 10
70.23744705307816
 20
-30.46930045863573
 30
0.0
  0
SPLINE
  5
10E
330
1F
100
AcDbEntity
  8
1
  6
Continuous
 62
   150
370
    18
100
AcDbSpline
210
0.0
220
0.0
230
1.0
 70
     8
 71
     3
 72
    22
 73
    18
 74
     0
 42
0.000000001
 43
0.0000000001
 40
0.0
 40
0.0
 40
0.0
 40
0.0
 40
0.125
 40
0.125
 40
0.25
 40
0.25
 40
0.375
 40
0.375
 40
0.5
 40
0.5
 40
0.625
 40
0.625
 40
0.75
 40
0.75
 40
0.875
 40
0.875
 40
1.0
 40
1.0
 40
1.0
 40
1.0
 10
68.72116211944135
 20
-29.68275664033703
 30
0.0
 10
68.91924327901056
 20
-29.68275664033702
 30
0.0
 10
69.11732443857976
 20
-29.68275664033703
 30
0.0
 10
69.51348675771807
 20
-29.68275664033703
 30
0.0
 10
69.71333976429328
 20
-29.69430386562689
 30
0.0
 10
70.10486430617696
 20
-29.63898279437871
 30
0.0
 10
70.30443365451782
 20
-29.56454540398855
 30
0.0
 10
70.56110766497365
 20
-29.26771734240513
 30
0.0
 10
70.60587807879747
 20
-29.05902977670778
 30
0.0
 10
70.60380311571312
 20
-28.66488738762256
 30
0.0
 10
70.55749232245972
 20
-28.45916608942637
 30
0.0
 10
70.28939871091366
 20
-28.16286237512084
 30
0.0
 10
70.09088481857611
 20
-28.09471660167139
 30
0.0
 10
69.70043284157896
 20
-28.04326311652992
 30
0.0
 10
69.50437339690029
 20
-28.05470864376536
 30
0.0
 10
69.11276775817076
 20
-28.05470864376536
 30
0.0
 10
68.91696493880612
 20
-28.05470864376536
 30
0.0
 10
68.72116211944135
 20
-28.05470864376536
 30
0.0
  0
SPLINE
  5
10F
330
1F
100
AcDbEntity
  8
1
  6
Continuous
 62
   150
370
    18
100
AcDbSpline
210
0.0
220
0.0
230
1.0
 70
     8
 71
     3
 72
    21
 73
    17
 74
     0
 42
0.000000001
 43
0.0000000001
 40
0.0
 40
0.0
 40
0.0
 40
0.0
 40
0.1249999999999993
 40
0.1249999999999993
 40
0.2499999999999986
 40
0.2499999999999986
 40
0.3749999999999979
 40
0.3749999999999979
 40
0.4999999999999983
 40
0.6249999999999988
 40
0.6249999999999988
 40
0.7499999999999991
 40
0.7499999999999991
 40
0.8749999999999996
 40
0.8749999999999996
 40
1.0
 40
1.0
 40
1.0
 40
1.0
 10
63.53781343670178
 20
-32.94007397481313
 30
0.0
 10
63.90929942853474
 20
-32.94007397481313
 30
0.0
 10
64.2788578786947
 20
-32.91335271068428
 30
0.0
 10
64.9983168783343
 20
-32.72954145310723
 30
0.0
 10
65.35195066846866
 20
-32.56336339644801
 30
0.0
 10
65.82289719999035
 20
-31.98592703963662
 30
0.0
 10
65.89349562157814
 20
-31.60023859450214
 30
0.0
 10
65.89349562157814
 20
-30.85186840570019
 30
0.0
 10
65.89349562157814
 20
-30.10349821689821
 30
0.0
 10
65.89349562157814
 20
-29.35512802809626
 30
0.0
 10
65.89349562157814
 20
-28.60675783929431
 30
0.0
 10
65.83073234447723
 20
-28.21361848292275
 30
0.0
 10
65.36679759704195
 20
-27.62735021553693
 30
0.0
 10
65.00832437191379
 20
-27.45478858822348
 30
0.0
 10
64.286899921569
 20
-27.26770105695234
 30
0.0
 10
63.91182610690693
 20
-27.24007397481314
 30
0.0
 10
63.53781343670178
 20
-27.24007397481314
 30
0.0
  0
SPLINE
  5
110
330
1F
100
AcDbEntity
  8
1
  6
Continuous
 62
   150
370
    18
100
AcDbSpline
210
0.0
220
0.0
230
1.0
 70
     8
 71
     3
 72
    32
 73
    28
 74
     0
 42
0.000000001
 43
0.0000000001
 40
0.0
 40
0.0
 40
0.0
 40
0.0
 40
0.0826469790786477
 40
0.0826469790786477
 40
0.1278483758311354
 40
0.1278483758311354
 40
0.1737103354288272
 40
0.1737103354288272
 40
0.2133605943984443
 40
0.2133605943984443
 40
0.2766431294388665
 40
0.2766431294388665
 40
0.569095701516972
 40
0.569095701516972
 40
0.6733612470542623
 40
0.6733612470542623
 40
0.7594851043761257
 40
0.7594851043761257
 40
0.8055010650342013
 40
0.8055010650342013
 40
0.8522496821152868
 40
0.8522496821152868
 40
0.8923048185300727
 40
0.8923048185300727
 40
0.9533721468945231
 40
0.9533721468945231
 40
1.0
 40
1.0
 40
1.0
 40
1.0
 10
63.53781343670178
 20
-28.05470864376536
 30
0.0
 10
63.68263604006768
 20
-28.05470864376536
 30
0.0
 10
63.83021719183218
 20
-28.06835550222159
 30
0.0
 10
64.04466863336656
 20
-28.13443017298936
 30
0.0
 10
64.11899182457992
 20
-28.16751505366402
 30
0.0
 10
64.25126704415268
 20
-28.25726870408968
 30
0.0
 10
64.31033096258987
 20
-28.31598266153448
 30
0.0
 10
64.39349413480943
 20
-28.44100510196928
 30
0.0
 10
64.42239450995064
 20
-28.50639018771379
 30
0.0
 10
64.4731684099124
 20
-28.68010785485741
 30
0.0
 10
64.48036893598946
 20
-28.7934578367736
 30
0.0
 10
64.48036893598952
 20
-29.42145256019131
 30
0.0
 10
64.48036893598952
 20
-29.93834315075458
 30
0.0
 10
64.48036893598952
 20
-30.63951620129149
 30
0.0
 10
64.48036893598946
 20
-30.82379866126514
 30
0.0
 10
64.48036893598946
 20
-31.16026874262121
 30
0.0
 10
64.49033126566644
 20
-31.31357004763561
 30
0.0
 10
64.46103581323065
 20
-31.54493814040997
 30
0.0
 10
64.44125374337573
 20
-31.62529399650978
 30
0.0
 10
64.37543268629375
 20
-31.77421518234858
 30
0.0
 10
64.32744612733748
 20
-31.84427780618855
 30
0.0
 10
64.21733346044533
 20
-31.94956818976288
 30
0.0
 10
64.15719756247724
 20
-31.98967733990639
 30
0.0
 10
63.99718523579511
 20
-32.06712776999439
 30
0.0
 10
63.89074356879909
 20
-32.09433166189674
 30
0.0
 10
63.70296460490565
 20
-32.12086093533949
 30
0.0
 10
63.62024638414915
 20
-32.12543930586091
 30
0.0
 10
63.53781343670178
 20
-32.12543930586091
 30
0.0
  0
SPLINE
  5
111
330
1F
100
AcDbEntity
  8
1
  6
Continuous
 62
   150
370
    18
100
AcDbSpline
210
0.0
220
0.0
230
1.0
 70
     8
 71
     3
 72
    21
 73
    17
 74
     0
 42
0.000000001
 43
0.0000000001
 40
0.0
 40
0.0
 40
0.0
 40
0.0
 40
0.1249999999999996
 40
0.1249999999999996
 40
0.2499999999999992
 40
0.2499999999999992
 40
0.3749999999999988
 40
0.3749999999999988
 40
0.4999999999999983
 40
0.6249999999999979
 40
0.6249999999999979
 40
0.7499999999999986
 40
0.7499999999999986
 40
0.8749999999999993
 40
0.8749999999999993
 40
1.0
 40
1.0
 40
1.0
 40
1.0
 10
63.06724225040078
 20
-27.24007397481314
 30
0.0
 10
62.69454886792681
 20
-27.24007397481314
 30
0.0
 10
62.32004063916568
 20
-27.26739130072454
 30
0.0
 10
61.5965888784048
 20
-27.4549636370361
 30
0.0
 10
61.23921411340378
 20
-27.62804986808787
 30
0.0
 10
60.77726300551145
 20
-28.20887468815666
 30
0.0
 10
60.71156006552425
 20
-28.60086182961659
 30
0.0
 10
60.71156006552425
 20
-29.3497964165464
 30
0.0
 10
60.71156006552425
 20
-30.09873100347622
 30
0.0
 10
60.71156006552425
 20
-30.84766559040604
 30
0.0
 10
60.71156006552425
 20
-31.59660017733586
 30
0.0
 10
60.77952520895941
 20
-31.98100111505071
 30
0.0
 10
61.252405112455
 20
-32.5633294098321
 30
0.0
 10
61.60542980174255
 20
-32.72892052224896
 30
0.0
 10
62.32704067031952
 20
-32.9135425249023
 30
0.0
 10
62.69558147299048
 20
-32.94007397481313
 30
0.0
 10
63.06724225040078
 20
-32.94007397481313
 30
0.0
  0
SPLINE
  5
112
330
1F
100
AcDbEntity
  8
1
  6
Continuous
 62
   150
370
    18
100
AcDbSpline
210
0.0
220
0.0
230
1.0
 70
     8
 71
     3
 72
    32
 73
    28
 74
     0
 42
0.000000001
 43
0.0000000001
 40
0.0
 40
0.0
 40
0.0
 40
0.0
 40
0.0827477837079937
 40
0.0827477837079937
 40
0.1280118746026707
 40
0.1280118746026707
 40
0.1739344002483966
 40
0.1739344002483966
 40
0.2136594402628657
 40
0.2136594402628657
 40
0.276844605563378
 40
0.276844605563378
 40
0.5702474337533445
 40
0.5702474337533445
 40
0.6741982101610872
 40
0.6741982101610872
 40
0.7612575642757219
 40
0.7612575642757219
 40
0.806846935356074
 40
0.806846935356074
 40
0.8531318938004947
 40
0.8531318938004947
 40
0.8931453975890314
 40
0.8931453975890314
 40
0.9546871204683487
 40
0.9546871204683487
 40
1.0
 40
1.0
 40
1.0
 40
1.0
 10
63.06724225040078
 20
-32.12543930586091
 30
0.0
 10
62.92227936121919
 20
-32.12543930586091
 30
0.0
 10
62.7745423647137
 20
-32.11168872320927
 30
0.0
 10
62.5599323854571
 20
-32.04532901314065
 30
0.0
 10
62.48555912060044
 20
-32.01211221485769
 30
0.0
 10
62.35323570862261
 20
-31.92209451072497
 30
0.0
 10
62.29416991491976
 20
-31.86324999415724
 30
0.0
 10
62.21101526048189
 20
-31.73796907669377
 30
0.0
 10
62.18213422144592
 20
-31.67244007244432
 30
0.0
 10
62.13161402104417
 20
-31.49872147535024
 30
0.0
 10
62.12468675111299
 20
-31.38555818382417
 30
0.0
 10
62.12468675111299
 20
-30.75622307752356
 30
0.0
 10
62.12468675111299
 20
-30.23780440519599
 30
0.0
 10
62.12468675111299
 20
-29.53571325832149
 30
0.0
 10
62.12468675111299
 20
-29.35204078377455
 30
0.0
 10
62.12468675111299
 20
-29.01458084939259
 30
0.0
 10
62.1143796192023
 20
-28.85950755842203
 30
0.0
 10
62.14593400244068
 20
-28.62755588822078
 30
0.0
 10
62.16636459871017
 20
-28.54811927870661
 30
0.0
 10
62.233078995376
 20
-28.40123081716429
 30
0.0
 10
62.28124638267424
 20
-28.33232428238302
 30
0.0
 10
62.391464555209
 20
-28.22832451600501
 30
0.0
 10
62.45176402956476
 20
-28.18859661313021
 30
0.0
 10
62.6128460929255
 20
-28.11151876281842
 30
0.0
 10
62.72025457292008
 20
-28.08458752017858
 30
0.0
 10
62.90671337450316
 20
-28.05906011498684
 30
0.0
 10
62.98710694607135
 20
-28.05470864376536
 30
0.0
 10
63.06724225040078
 20
-28.05470864376536
 30
0.0
  0
SPLINE
  5
113
330
1F
100
AcDbEntity
  8
1
  6
Continuous
 62
   150
370
    18
100
AcDbSpline
210
0.0
220
0.0
230
1.0
 70
     8
 71
     3
 72
    21
 73
    17
 74
     0
 42
0.000000001
 43
0.0000000001
 40
0.0
 40
0.0
 40
0.0
 40
0.0
 40
0.1249999999999994
 40
0.1249999999999994
 40
0.2499999999999989
 40
0.2499999999999989
 40
0.3749999999999983
 40
0.3749999999999983
 40
0.4999999999999978
 40
0.6249999999999983
 40
0.6249999999999983
 40
0.7499999999999989
 40
0.7499999999999989
 40
0.8749999999999994
 40
0.8749999999999994
 40
1.0
 40
1.0
 40
1.0
 40
1.0
 10
43.24390110496168
 20
-32.94007397481315
 30
0.0
 10
43.61538709679461
 20
-32.94007397481315
 30
0.0
 10
43.98494554695478
 20
-32.91335271068424
 30
0.0
 10
44.70440454659394
 20
-32.72954145310732
 30
0.0
 10
45.05803833672869
 20
-32.56336339644785
 30
0.0
 10
45.52898486824991
 20
-31.98592703963726
 30
0.0
 10
45.59958328983809
 20
-31.60023859450235
 30
0.0
 10
45.59958328983809
 20
-30.85186840570036
 30
0.0
 10
45.59958328983809
 20
-30.10349821689838
 30
0.0
 10
45.59958328983809
 20
-29.35512802809638
 30
0.0
 10
45.59958328983812
 20
-28.6067578392944
 30
0.0
 10
45.53682001273729
 20
-28.21361848292281
 30
0.0
 10
45.07288526530196
 20
-27.62735021553694
 30
0.0
 10
44.71441204017376
 20
-27.45478858822347
 30
0.0
 10
43.99298758982895
 20
-27.26770105695234
 30
0.0
 10
43.61791377516683
 20
-27.24007397481315
 30
0.0
 10
43.24390110496168
 20
-27.24007397481315
 30
0.0
  0
SPLINE
  5
114
330
1F
100
AcDbEntity
  8
1
  6
Continuous
 62
   150
370
    18
100
AcDbSpline
210
0.0
220
0.0
230
1.0
 70
     8
 71
     3
 72
    32
 73
    28
 74
     0
 42
0.000000001
 43
0.0000000001
 40
0.0
 40
0.0
 40
0.0
 40
0.0
 40
0.0826469790786394
 40
0.0826469790786394
 40
0.1278483758311889
 40
0.1278483758311889
 40
0.1737103354289498
 40
0.1737103354289498
 40
0.2133605943985414
 40
0.2133605943985414
 40
0.2766431294390677
 40
0.2766431294390677
 40
0.5690957015180133
 40
0.5690957015180133
 40
0.6733612470549887
 40
0.6733612470549887
 40
0.7594851043772266
 40
0.7594851043772266
 40
0.8055010650349945
 40
0.8055010650349945
 40
0.8522496821157349
 40
0.8522496821157349
 40
0.8923048185304218
 40
0.8923048185304218
 40
0.953372146895088
 40
0.953372146895088
 40
1.0
 40
1.0
 40
1.0
 40
1.0
 10
43.24390110496168
 20
-28.05470864376536
 30
0.0
 10
43.38872370832758
 20
-28.05470864376536
 30
0.0
 10
43.53630486009202
 20
-28.06835550222159
 30
0.0
 10
43.75075630162647
 20
-28.13443017298938
 30
0.0
 10
43.82507949283993
 20
-28.16751505366404
 30
0.0
 10
43.95735471241283
 20
-28.25726870408984
 30
0.0
 10
44.01641863085004
 20
-28.31598266153478
 30
0.0
 10
44.0995818030695
 20
-28.44100510196968
 30
0.0
 10
44.1284821782107
 20
-28.50639018771415
 30
0.0
 10
44.17925607817241
 20
-28.68010785485791
 30
0.0
 10
44.18645660424952
 20
-28.79345783677426
 30
0.0
 10
44.18645660424952
 20
-29.42145256019359
 30
0.0
 10
44.18645660424941
 20
-29.93834315075831
 30
0.0
 10
44.18645660424941
 20
-30.63951620129611
 30
0.0
 10
44.18645660424941
 20
-30.82379866126918
 30
0.0
 10
44.18645660424941
 20
-31.16026874262534
 30
0.0
 10
44.19641893392662
 20
-31.31357004764049
 30
0.0
 10
44.16712348148958
 20
-31.54493814041481
 30
0.0
 10
44.14734141163421
 20
-31.62529399651397
 30
0.0
 10
44.08152035455182
 20
-31.77421518235138
 30
0.0
 10
44.03353379559569
 20
-31.84427780619069
 30
0.0
 10
43.92342112870368
 20
-31.9495681897641
 30
0.0
 10
43.86328523073557
 20
-31.98967733990735
 30
0.0
 10
43.70327290405307
 20
-32.06712776999514
 30
0.0
 10
43.59683123705654
 20
-32.09433166189731
 30
0.0
 10
43.40905227316363
 20
-32.1208609353396
 30
0.0
 10
43.32633405240807
 20
-32.12543930586091
 30
0.0
 10
43.24390110496168
 20
-32.12543930586091
 30
0.0
  0
SPLINE
  5
115
330
1F
100
AcDbEntity
  8
1
  6
Continuous
 62
   150
370
    18
100
AcDbSpline
210
0.0
220
0.0
230
1.0
 70
     8
 71
     3
 72
    21
 73
    17
 74
     0
 42
0.000000001
 43
0.0000000001
 40
0.0
 40
0.0
 40
0.0
 40
0.0
 40
0.125
 40
0.125
 40
0.25
 40
0.25
 40
0.375
 40
0.375
 40
0.5
 40
0.625
 40
0.625
 40
0.75
 40
0.75
 40
0.875
 40
0.875
 40
1.0
 40
1.0
 40
1.0
 40
1.0
 10
51.29024445270402
 20
-32.94007397481315
 30
0.0
 10
50.91827224092293
 20
-32.94007397481315
 30
0.0
 10
50.54344319432402
 20
-32.91234992840161
 30
0.0
 10
49.82766613007369
 20
-32.72822353834853
 30
0.0
 10
49.46998387201659
 20
-32.55757720428137
 30
0.0
 10
49.00542580342354
 20
-31.9836388009342
 30
0.0
 10
48.93456226782755
 20
-31.5940542689034
 30
0.0
 10
48.93456226782755
 20
-30.84438608034775
 30
0.0
 10
48.93456226782755
 20
-30.09471789179208
 30
0.0
 10
48.93456226782755
 20
-29.34504970323643
 30
0.0
 10
48.93456226782755
 20
-28.5953815146808
 30
0.0
 10
49.00185157346584
 20
-28.20487841609129
 30
0.0
 10
49.46595058075503
 20
-27.62537948578127
 30
0.0
 10
49.82454531574388
 20
-27.45319736088039
 30
0.0
 10
50.54514940473273
 20
-27.26733164165779
 30
0.0
 10
50.92005176547038
 20
-27.24007397481315
 30
0.0
 10
51.29024445270414
 20
-27.24007397481314
 30
0.0
  0
SPLINE
  5
116
330
1F
100
AcDbEntity
  8
1
  6
Continuous
 62
   150
370
    18
100
AcDbSpline
210
0.0
220
0.0
230
1.0
 70
     8
 71
     3
 72
    32
 73
    28
 74
     0
 42
0.000000001
 43
0.0000000001
 40
0.0
 40
0.0
 40
0.0
 40
0.0
 40
0.0827168129273263
 40
0.0827168129273263
 40
0.1279761626879046
 40
0.1279761626879046
 40
0.1738925997894784
 40
0.1738925997894784
 40
0.2136243907217954
 40
0.2136243907217954
 40
0.2769478984684799
 40
0.2769478984684799
 40
0.5706179515726829
 40
0.5706179515726829
 40
0.6744391826788536
 40
0.6744391826788536
 40
0.761476349417896
 40
0.761476349417896
 40
0.8069574684484325
 40
0.8069574684484325
 40
0.8531268374059766
 40
0.8531268374059766
 40
0.8930983171465812
 40
0.8930983171465812
 40
0.9546667094203839
 40
0.9546667094203839
 40
1.0
 40
1.0
 40
1.0
 40
1.0
 10
51.29024445270402
 20
-28.05470864376536
 30
0.0
 10
51.14533875827104
 20
-28.05470864376536
 30
0.0
 10
50.99765946289392
 20
-28.06844753067815
 30
0.0
 10
50.7831135088373
 20
-28.13478520656615
 30
0.0
 10
50.70875057355717
 20
-28.16800199363663
 30
0.0
 10
50.57645445873437
 20
-28.2580204330721
 30
0.0
 10
50.51740686654904
 20
-28.31686310616579
 30
0.0
 10
50.43424841386404
 20
-28.44214097584406
 30
0.0
 10
50.40535434292559
 20
-28.50767307069307
 30
0.0
 10
50.35470199023334
 20
-28.68161313823483
 30
0.0
 10
50.34768895341618
 20
-28.79501821255441
 30
0.0
 10
50.34768895341618
 20
-29.42506241668218
 30
0.0
 10
50.3476889534163
 20
-29.9439518462439
 30
0.0
 10
50.3476889534163
 20
-30.64628435696296
 30
0.0
 10
50.34768895341627
 20
-30.8297274381203
 30
0.0
 10
50.34768895341624
 20
-31.16691794208707
 30
0.0
 10
50.3373412950682
 20
-31.32196317795682
 30
0.0
 10
50.36901654068798
 20
-31.55366781182019
 30
0.0
 10
50.38947397722151
 20
-31.63290218310709
 30
0.0
 10
50.45616960100305
 20
-31.7793774712103
 30
0.0
 10
50.50427725283241
 20
-31.84806720757421
 30
0.0
 10
50.6143413706123
 20
-31.9518421467746
 30
0.0
 10
50.67458365293276
 20
-31.99151676033046
 30
0.0
 10
50.83564289351566
 20
-32.0685902986631
 30
0.0
 10
50.94309834202498
 20
-32.09553790715378
 30
0.0
 10
51.12964101643122
 20
-32.12108368729309
 30
0.0
 10
51.21007196640961
 20
-32.12543930586091
 30
0.0
 10
51.29024445270402
 20
-32.12543930586091
 30
0.0
  0
SPLINE
  5
117
330
1F
100
AcDbEntity
  8
1
  6
Continuous
 62
   150
370
    18
100
AcDbSpline
210
0.0
220
0.0
230
1.0
 70
     8
 71
     3
 72
    14
 73
    10
 74
     0
 42
0.000000001
 43
0.0000000001
 40
0.0
 40
0.0
 40
0.0
 40
0.0
 40
0.25
 40
0.25
 40
0.5
 40
0.5
 40
0.75
 40
0.75
 40
1.0
 40
1.0
 40
1.0
 40
1.0
 10
51.76081563900509
 20
-28.05470864376536
 30
0.0
 10
51.8798697772456
 20
-28.05470864376536
 30
0.0
 10
51.99974855527464
 20
-28.06407320198382
 30
0.0
 10
52.23093512537327
 20
-28.11712554210105
 30
0.0
 10
52.34399845081472
 20
-28.16191935342165
 30
0.0
 10
52.53327375468025
 20
-28.30687582966546
 30
0.0
 10
52.60523164490397
 20
-28.4078068115112
 30
0.0
 10
52.68863462948467
 20
-28.63039294681341
 30
0.0
 10
52.70337113829282
 20
-28.75082768144986
 30
0.0
 10
52.70337113829282
 20
-28.86934331271757
 30
0.0
  0
SPLINE
  5
118
330
1F
100
AcDbEntity
  8
1
  6
Continuous
 62
   150
370
    18
100
AcDbSpline
210
0.0
220
0.0
230
1.0
 70
     8
 71
     3
 72
    12
 73
     8
 74
     0
 42
0.000000001
 43
0.0000000001
 40
0.0
 40
0.0
 40
0.0
 40
0.0
 40
0.2500000000000018
 40
0.2500000000000018
 40
0.5000000000000036
 40
0.5000000000000036
 40
1.0
 40
1.0
 40
1.0
 40
1.0
 10
54.11649782388156
 20
-28.86934331271757
 30
0.0
 10
54.11649782388156
 20
-28.59572284501315
 30
0.0
 10
54.06452115948645
 20
-28.32031779978422
 30
0.0
 10
53.79844501691569
 20
-27.84767304260766
 30
0.0
 10
53.58220225315216
 20
-27.66001126062952
 30
0.0
 10
52.86019884877579
 20
-27.28880434596263
 30
0.0
 10
52.3034701509709
 20
-27.24007397481314
 30
0.0
 10
51.76081563900509
 20
-27.24007397481314
 30
0.0
  0
SPLINE
  5
119
330
1F
100
AcDbEntity
  8
1
  6
Continuous
 62
   150
370
    18
100
AcDbSpline
210
0.0
220
0.0
230
1.0
 70
     8
 71
     3
 72
    22
 73
    18
 74
     0
 42
0.000000001
 43
0.0000000001
 40
0.0
 40
0.0
 40
0.0
 40
0.0
 40
0.0462251656644612
 40
0.0462251656644612
 40
0.1769309774617549
 40
0.1769309774617549
 40
0.3098200898595865
 40
0.3098200898595865
 40
0.4038502830415473
 40
0.4038502830415473
 40
0.4752376778024398
 40
0.4752376778024398
 40
0.6271389795115495
 40
0.6271389795115495
 40
0.9109450620407714
 40
0.9109450620407714
 40
1.0
 40
1.0
 40
1.0
 40
1.0
 10
51.76081563900509
 20
-32.12543930586091
 30
0.0
 10
51.79538732352707
 20
-32.12543930586091
 30
0.0
 10
51.82997247745094
 20
-32.12462214691329
 30
0.0
 10
51.96177115001133
 20
-32.11780721491647
 30
0.0
 10
52.059450108908
 20
-32.10519066337063
 30
0.0
 10
52.24855331560635
 20
-32.05475926063897
 30
0.0
 10
52.34217440684314
 20
-32.01538021149513
 30
0.0
 10
52.47892908609372
 20
-31.91740645559619
 30
0.0
 10
52.52979036646408
 20
-31.86655527632765
 30
0.0
 10
52.60049649511917
 20
-31.76545518764907
 30
0.0
 10
52.62549380831394
 20
-31.71731783458151
 30
0.0
 10
52.68510029790341
 20
-31.56254435296506
 30
0.0
 10
52.70127049691619
 20
-31.44772475461967
 30
0.0
 10
52.70677740485205
 20
-31.12276619592517
 30
0.0
 10
52.70337113829282
 20
-30.91013216508759
 30
0.0
 10
52.70337113829282
 20
-30.63081618686794
 30
0.0
 10
52.70337113829282
 20
-30.56410374807859
 30
0.0
 10
52.70337113829282
 20
-30.49739130928925
 30
0.0
  0
SPLINE
  5
11A
330
1F
100
AcDbEntity
  8
1
  6
Continuous
 62
   150
370
    18
100
AcDbSpline
210
0.0
220
0.0
230
1.0
 70
     8
 71
     3
 72
    14
 73
    10
 74
     0
 42
0.000000001
 43
0.0000000001
 40
0.0
 40
0.0
 40
0.0
 40
0.0
 40
0.2499999999999984
 40
0.2499999999999984
 40
0.499999999999999
 40
0.499999999999999
 40
0.7499999999999996
 40
0.7499999999999996
 40
1.0
 40
1.0
 40
1.0
 40
1.0
 10
54.11649782388156
 20
-29.68275664033703
 30
0.0
 10
54.11649782388159
 20
-30.09209348392741
 30
0.0
 10
54.11649782388156
 20
-30.50143032751779
 30
0.0
 10
54.11649782388156
 20
-31.32010401469856
 30
0.0
 10
54.12936733234008
 20
-31.74979929048029
 30
0.0
 10
53.72758576484493
 20
-32.45509488308271
 30
0.0
 10
53.35189276826674
 20
-32.67876193933998
 30
0.0
 10
52.56883370373725
 20
-32.90983064305068
 30
0.0
 10
52.16670402385603
 20
-32.94007397481315
 30
0.0
 10
51.76081563900509
 20
-32.94007397481315
 30
0.0
  0
SPLINE
  5
11B
330
1F
100
AcDbEntity
  8
1
  6
Continuous
 62
   150
370
    18
100
AcDbSpline
210
0.0
220
0.0
230
1.0
 70
     8
 71
     3
 72
    21
 73
    17
 74
     0
 42
0.000000001
 43
0.0000000001
 40
0.0
 40
0.0
 40
0.0
 40
0.0
 40
0.125
 40
0.125
 40
0.25
 40
0.25
 40
0.375
 40
0.375
 40
0.5
 40
0.625
 40
0.625
 40
0.75
 40
0.75
 40
0.875
 40
0.875
 40
1.0
 40
1.0
 40
1.0
 40
1.0
 10
42.77332991866062
 20
-27.24007397481315
 30
0.0
 10
42.4019196378963
 20
-27.24007397481315
 30
0.0
 10
42.03251083789286
 20
-27.26690616412891
 30
0.0
 10
41.31323509525736
 20
-27.45108366435085
 30
0.0
 10
40.95989540473585
 20
-27.61742944698173
 30
0.0
 10
40.48881996240511
 20
-28.19459433186414
 30
0.0
 10
40.41764773378414
 20
-28.58004210303892
 30
0.0
 10
40.41764773378414
 20
-29.32827168243915
 30
0.0
 10
40.41764773378414
 20
-30.07650126183938
 30
0.0
 10
40.41764773378414
 20
-30.82473084123963
 30
0.0
 10
40.41764773378414
 20
-31.57296042063987
 30
0.0
 10
40.47993759344767
 20
-31.96623594258061
 30
0.0
 10
40.94390925034047
 20
-32.55281731212928
 30
0.0
 10
41.30247568405171
 20
-32.72535451365034
 30
0.0
 10
42.02409485248509
 20
-32.91245309438205
 30
0.0
 10
42.39922695501747
 20
-32.94007397481316
 30
0.0
 10
42.77332991866062
 20
-32.94007397481315
 30
0.0
  0
SPLINE
  5
11C
330
1F
100
AcDbEntity
  8
1
  6
Continuous
 62
   150
370
    18
100
AcDbSpline
210
0.0
220
0.0
230
1.0
 70
     8
 71
     3
 72
    32
 73
    28
 74
     0
 42
0.000000001
 43
0.0000000001
 40
0.0
 40
0.0
 40
0.0
 40
0.0
 40
0.0827477837079507
 40
0.0827477837079507
 40
0.1280118746026499
 40
0.1280118746026499
 40
0.1739344002483897
 40
0.1739344002483897
 40
0.2136594402628451
 40
0.2136594402628451
 40
0.2768446055633763
 40
0.2768446055633763
 40
0.5702474337535134
 40
0.5702474337535134
 40
0.6741982101612131
 40
0.6741982101612131
 40
0.7612575642758767
 40
0.7612575642758767
 40
0.8068469353561701
 40
0.8068469353561701
 40
0.8531318938005363
 40
0.8531318938005363
 40
0.8931453975890669
 40
0.8931453975890669
 40
0.9546871204683792
 40
0.9546871204683792
 40
1.0
 40
1.0
 40
1.0
 40
1.0
 10
42.77332991866062
 20
-32.12543930586091
 30
0.0
 10
42.62836702947912
 20
-32.12543930586091
 30
0.0
 10
42.48063003297367
 20
-32.11168872320927
 30
0.0
 10
42.2660200537171
 20
-32.04532901314071
 30
0.0
 10
42.19164678886042
 20
-32.01211221485775
 30
0.0
 10
42.05932337688256
 20
-31.92209451072499
 30
0.0
 10
42.00025758317968
 20
-31.86324999415721
 30
0.0
 10
41.91710292874185
 20
-31.73796907669373
 30
0.0
 10
41.88822188970587
 20
-31.67244007244432
 30
0.0
 10
41.83770168930412
 20
-31.49872147535023
 30
0.0
 10
41.83077441937305
 20
-31.38555818382412
 30
0.0
 10
41.83077441937302
 20
-30.75622307752321
 30
0.0
 10
41.83077441937299
 20
-30.23780440519538
 30
0.0
 10
41.83077441937308
 20
-29.53571325832071
 30
0.0
 10
41.83077441937311
 20
-29.35204078377386
 30
0.0
 10
41.83077441937311
 20
-29.01458084939195
 30
0.0
 10
41.82046728746236
 20
-28.85950755842134
 30
0.0
 10
41.85202167070081
 20
-28.62755588822017
 30
0.0
 10
41.8724522669702
 20
-28.54811927870608
 30
0.0
 10
41.93916666363607
 20
-28.40123081716398
 30
0.0
 10
41.98733405093436
 20
-28.33232428238287
 30
0.0
 10
42.09755222346903
 20
-28.22832451600493
 30
0.0
 10
42.1578516978248
 20
-28.18859661313009
 30
0.0
 10
42.31893376118551
 20
-28.11151876281833
 30
0.0
 10
42.42634224118008
 20
-28.08458752017856
 30
0.0
 10
42.6128010427631
 20
-28.05906011498685
 30
0.0
 10
42.69319461433127
 20
-28.05470864376536
 30
0.0
 10
42.77332991866062
 20
-28.05470864376536
 30
0.0
  0
SPLINE
  5
11D
330
1F
100
AcDbEntity
  8
1
  6
Continuous
 62
   150
370
    18
100
AcDbSpline
210
0.0
220
0.0
230
1.0
 70
     8
 71
     3
 72
    28
 73
    24
 74
     0
 42
0.000000001
 43
0.0000000001
 40
0.0
 40
0.0
 40
0.0
 40
0.0
 40
0.1250000000000002
 40
0.1250000000000002
 40
0.2500000000000004
 40
0.2500000000000004
 40
0.3125000000000008
 40
0.3125000000000008
 40
0.3750000000000011
 40
0.3750000000000011
 40
0.5000000000000009
 40
0.5000000000000009
 40
0.5625000000000008
 40
0.5625000000000008
 40
0.6250000000000007
 40
0.6250000000000007
 40
0.6875000000000006
 40
0.6875000000000006
 40
0.7500000000000004
 40
0.7500000000000004
 40
0.8750000000000002
 40
0.8750000000000002
 40
1.0
 40
1.0
 40
1.0
 40
1.0
 10
30.52576093466286
 20
-27.24007397481314
 30
0.0
 10
30.97871125793205
 20
-27.24007397481315
 30
0.0
 10
31.43251676578568
 20
-27.22211966140105
 30
0.0
 10
32.33653881793247
 20
-27.28617747416964
 30
0.0
 10
32.79635873501721
 20
-27.36955722488276
 30
0.0
 10
33.37023305913952
 20
-27.73192638321506
 30
0.0
 10
33.53629183232987
 20
-27.89841166809962
 30
0.0
 10
33.75450783787781
 20
-28.29781132824228
 30
0.0
 10
33.80671957988257
 20
-28.52464770185835
 30
0.0
 10
33.84453813915714
 20
-29.201778260346
 30
0.0
 10
33.8225854921414
 20
-29.65645135895664
 30
0.0
 10
33.8225854921414
 20
-30.33619006692
 30
0.0
 10
33.8225854921414
 20
-30.56276963624113
 30
0.0
 10
33.8225854921414
 20
-31.01592877488336
 30
0.0
 10
33.83366093364646
 20
-31.24399715565491
 30
0.0
 10
33.80012106580274
 20
-31.69264771201902
 30
0.0
 10
33.74223683905303
 20
-31.9167876385506
 30
0.0
 10
33.51735792994381
 20
-32.30469604368225
 30
0.0
 10
33.35160342082949
 20
-32.46446532815956
 30
0.0
 10
32.77176006683958
 20
-32.81817867707539
 30
0.0
 10
32.31531082905523
 20
-32.89680099142278
 30
0.0
 10
31.42486799708297
 20
-32.95725834364943
 30
0.0
 10
30.97435564289952
 20
-32.94007397481313
 30
0.0
 10
30.52576093466286
 20
-32.94007397481313
 30
0.0
  0
SPLINE
  5
11E
330
1F
100
AcDbEntity
  8
1
  6
Continuous
 62
   150
370
    18
100
AcDbSpline
210
0.0
220
0.0
230
1.0
 70
     8
 71
     3
 72
    21
 73
    17
 74
     0
 42
0.000000001
 43
0.0000000001
 40
0.0
 40
0.0
 40
0.0
 40
0.0
 40
0.1249999999999991
 40
0.1249999999999991
 40
0.2499999999999982
 40
0.2499999999999982
 40
0.3749999999999973
 40
0.3749999999999973
 40
0.4999999999999979
 40
0.6249999999999984
 40
0.6249999999999984
 40
0.749999999999999
 40
0.749999999999999
 40
0.8749999999999996
 40
0.8749999999999996
 40
1.0
 40
1.0
 40
1.0
 40
1.0
 10
30.52576093466286
 20
-32.12543930586091
 30
0.0
 10
30.82568800264407
 20
-32.12543930586091
 30
0.0
 10
31.12561507062525
 20
-32.12543930586091
 30
0.0
 10
31.72546920658764
 20
-32.12543930586091
 30
0.0
 10
32.06198858588238
 20
-32.07558630822496
 30
0.0
 10
32.43749932833537
 20
-31.61248835082019
 30
0.0
 10
32.40945880655277
 20
-31.27829699031225
 30
0.0
 10
32.40945880655277
 20
-30.67936672543579
 30
0.0
 10
32.40945880655277
 20
-30.08043646055933
 30
0.0
 10
32.40945880655277
 20
-29.48150619568288
 30
0.0
 10
32.40945880655277
 20
-28.88257593080641
 30
0.0
 10
32.43276903590819
 20
-28.55032171210744
 30
0.0
 10
32.04630293047711
 20
-28.09784963065928
 30
0.0
 10
31.71690449879652
 20
-28.05470864376536
 30
0.0
 10
31.12133271672968
 20
-28.05470864376535
 30
0.0
 10
30.82354682569627
 20
-28.05470864376535
 30
0.0
 10
30.52576093466286
 20
-28.05470864376536
 30
0.0
  0
SPLINE
  5
11F
330
1F
100
AcDbEntity
  8
1
  6
Continuous
 62
   150
370
    18
100
AcDbSpline
210
0.0
220
0.0
230
1.0
 70
     8
 71
     3
 72
    21
 73
    17
 74
     0
 42
0.000000001
 43
0.0000000001
 40
0.0
 40
0.0
 40
0.0
 40
0.0
 40
0.1250000000000007
 40
0.1250000000000007
 40
0.2500000000000014
 40
0.2500000000000014
 40
0.3750000000000022
 40
0.3750000000000022
 40
0.5000000000000017
 40
0.6250000000000012
 40
0.6250000000000012
 40
0.7500000000000008
 40
0.7500000000000008
 40
0.8750000000000003
 40
0.8750000000000003
 40
1.0
 40
1.0
 40
1.0
 40
1.0
 10
14.94179984599009
 20
-32.94007397481315
 30
0.0
 10
15.31328583782299
 20
-32.94007397481313
 30
0.0
 10
15.68284428798317
 20
-32.91335271068422
 30
0.0
 10
16.40230328762227
 20
-32.72954145310737
 30
0.0
 10
16.75593707775705
 20
-32.56336339644787
 30
0.0
 10
17.22688360927826
 20
-31.98592703963748
 30
0.0
 10
17.29748203086656
 20
-31.60023859450251
 30
0.0
 10
17.29748203086656
 20
-30.8518684057005
 30
0.0
 10
17.29748203086656
 20
-30.10349821689851
 30
0.0
 10
17.29748203086656
 20
-29.35512802809652
 30
0.0
 10
17.29748203086656
 20
-28.60675783929452
 30
0.0
 10
17.23471875376581
 20
-28.21361848292295
 30
0.0
 10
16.7707840063305
 20
-27.62735021553699
 30
0.0
 10
16.41231078120231
 20
-27.4547885882235
 30
0.0
 10
15.69088633085741
 20
-27.26770105695233
 30
0.0
 10
15.31581251619527
 20
-27.24007397481314
 30
0.0
 10
14.94179984599009
 20
-27.24007397481314
 30
0.0
  0
SPLINE
  5
120
330
1F
100
AcDbEntity
  8
1
  6
Continuous
 62
   150
370
    18
100
AcDbSpline
210
0.0
220
0.0
230
1.0
 70
     8
 71
     3
 72
    32
 73
    28
 74
     0
 42
0.000000001
 43
0.0000000001
 40
0.0
 40
0.0
 40
0.0
 40
0.0
 40
0.0826469790786528
 40
0.0826469790786528
 40
0.1278483758311993
 40
0.1278483758311993
 40
0.173710335428944
 40
0.173710335428944
 40
0.2133605943985442
 40
0.2133605943985442
 40
0.2766431294390145
 40
0.2766431294390145
 40
0.5690957015177557
 40
0.5690957015177557
 40
0.673361247054808
 40
0.673361247054808
 40
0.7594851043770591
 40
0.7594851043770591
 40
0.8055010650348774
 40
0.8055010650348774
 40
0.8522496821156861
 40
0.8522496821156861
 40
0.892304818530385
 40
0.892304818530385
 40
0.9533721468950536
 40
0.9533721468950536
 40
1.0
 40
1.0
 40
1.0
 40
1.0
 10
14.94179984599009
 20
-28.05470864376536
 30
0.0
 10
15.08662244935602
 20
-28.05470864376536
 30
0.0
 10
15.23420360112049
 20
-28.06835550222161
 30
0.0
 10
15.448655042655
 20
-28.13443017298941
 30
0.0
 10
15.52297823386844
 20
-28.16751505366407
 30
0.0
 10
15.65525345344132
 20
-28.25726870408986
 30
0.0
 10
15.71431737187851
 20
-28.3159826615348
 30
0.0
 10
15.79748054409799
 20
-28.4410051019697
 30
0.0
 10
15.82638091923919
 20
-28.50639018771418
 30
0.0
 10
15.87715481920088
 20
-28.68010785485788
 30
0.0
 10
15.88435534527788
 20
-28.79345783677415
 30
0.0
 10
15.88435534527788
 20
-29.42145256019304
 30
0.0
 10
15.88435534527788
 20
-29.9383431507574
 30
0.0
 10
15.88435534527788
 20
-30.63951620129498
 30
0.0
 10
15.88435534527788
 20
-30.8237986612682
 30
0.0
 10
15.88435534527788
 20
-31.16026874262452
 30
0.0
 10
15.89431767495514
 20
-31.31357004763968
 30
0.0
 10
15.86502222251823
 20
-31.54493814041415
 30
0.0
 10
15.84524015266289
 20
-31.62529399651338
 30
0.0
 10
15.7794190955805
 20
-31.77421518235103
 30
0.0
 10
15.73143253662435
 20
-31.84427780619045
 30
0.0
 10
15.62131986973225
 20
-31.94956818976399
 30
0.0
 10
15.56118397176417
 20
-31.98967733990729
 30
0.0
 10
15.40117164508165
 20
-32.06712776999511
 30
0.0
 10
15.29472997808512
 20
-32.09433166189725
 30
0.0
 10
15.10695101419216
 20
-32.12086093533957
 30
0.0
 10
15.02423279343654
 20
-32.12543930586091
 30
0.0
 10
14.94179984599009
 20
-32.12543930586091
 30
0.0
  0
SPLINE
  5
121
330
1F
100
AcDbEntity
  8
1
  6
Continuous
 62
   150
370
    18
100
AcDbSpline
210
0.0
220
0.0
230
1.0
 70
     8
 71
     3
 72
    21
 73
    17
 74
     0
 42
0.000000001
 43
0.0000000001
 40
0.0
 40
0.0
 40
0.0
 40
0.0
 40
0.1250000000000004
 40
0.1250000000000004
 40
0.2500000000000008
 40
0.2500000000000008
 40
0.3750000000000012
 40
0.3750000000000012
 40
0.5000000000000017
 40
0.6250000000000021
 40
0.6250000000000021
 40
0.7500000000000013
 40
0.7500000000000013
 40
0.8750000000000007
 40
0.8750000000000007
 40
1.0
 40
1.0
 40
1.0
 40
1.0
 10
14.47122865968897
 20
-27.24007397481314
 30
0.0
 10
14.09853527721475
 20
-27.24007397481314
 30
0.0
 10
13.72402704845249
 20
-27.26739130072479
 30
0.0
 10
13.00057528769227
 20
-27.45496363703646
 30
0.0
 10
12.64320052269069
 20
-27.628049868089
 30
0.0
 10
12.18124941479948
 20
-28.20887468815752
 30
0.0
 10
12.1155464748125
 20
-28.60086182961834
 30
0.0
 10
12.1155464748125
 20
-29.34979641654792
 30
0.0
 10
12.1155464748125
 20
-30.0987310034775
 30
0.0
 10
12.1155464748125
 20
-30.84766559040708
 30
0.0
 10
12.1155464748125
 20
-31.59660017733669
 30
0.0
 10
12.18351161824802
 20
-31.9810011150514
 30
0.0
 10
12.65639152174364
 20
-32.56332940983232
 30
0.0
 10
13.00941621103116
 20
-32.72892052224908
 30
0.0
 10
13.73102707960791
 20
-32.91354252490232
 30
0.0
 10
14.09956788227879
 20
-32.94007397481315
 30
0.0
 10
14.47122865968897
 20
-32.94007397481315
 30
0.0
  0
SPLINE
  5
122
330
1F
100
AcDbEntity
  8
1
  6
Continuous
 62
   150
370
    18
100
AcDbSpline
210
0.0
220
0.0
230
1.0
 70
     8
 71
     3
 72
    32
 73
    28
 74
     0
 42
0.000000001
 43
0.0000000001
 40
0.0
 40
0.0
 40
0.0
 40
0.0
 40
0.08274778370798
 40
0.08274778370798
 40
0.1280118746026958
 40
0.1280118746026958
 40
0.1739344002484135
 40
0.1739344002484135
 40
0.2136594402628691
 40
0.2136594402628691
 40
0.2768446055634287
 40
0.2768446055634287
 40
0.5702474337534564
 40
0.5702474337534564
 40
0.6741982101611664
 40
0.6741982101611664
 40
0.7612575642757992
 40
0.7612575642757992
 40
0.8068469353561378
 40
0.8068469353561378
 40
0.8531318938005271
 40
0.8531318938005271
 40
0.893145397589012
 40
0.893145397589012
 40
0.9546871204683042
 40
0.9546871204683042
 40
1.0
 40
1.0
 40
1.0
 40
1.0
 10
14.47122865968897
 20
-32.12543930586091
 30
0.0
 10
14.32626577050747
 20
-32.12543930586091
 30
0.0
 10
14.17852877400203
 20
-32.11168872320928
 30
0.0
 10
13.96391879474546
 20
-32.04532901314071
 30
0.0
 10
13.88954552988877
 20
-32.01211221485777
 30
0.0
 10
13.757222117911
 20
-31.922094510725
 30
0.0
 10
13.6981563242082
 20
-31.86324999415723
 30
0.0
 10
13.61500166977045
 20
-31.73796907669378
 30
0.0
 10
13.58612063073433
 20
-31.67244007244446
 30
0.0
 10
13.53560043033258
 20
-31.49872147535034
 30
0.0
 10
13.52867316040118
 20
-31.38555818382421
 30
0.0
 10
13.52867316040118
 20
-30.75622307752339
 30
0.0
 10
13.52867316040141
 20
-30.2378044051957
 30
0.0
 10
13.52867316040141
 20
-29.53571325832112
 30
0.0
 10
13.52867316040141
 20
-29.35204078377422
 30
0.0
 10
13.52867316040141
 20
-29.01458084939231
 30
0.0
 10
13.51836602849071
 20
-28.85950755842175
 30
0.0
 10
13.54992041172909
 20
-28.62755588822052
 30
0.0
 10
13.57035100799869
 20
-28.54811927870643
 30
0.0
 10
13.63706540466447
 20
-28.40123081716417
 30
0.0
 10
13.68523279196257
 20
-28.33232428238286
 30
0.0
 10
13.79545096449722
 20
-28.22832451600497
 30
0.0
 10
13.85575043885301
 20
-28.1885966131303
 30
0.0
 10
14.01683250221358
 20
-28.11151876281852
 30
0.0
 10
14.1242409822081
 20
-28.08458752017865
 30
0.0
 10
14.31069978379118
 20
-28.05906011498686
 30
0.0
 10
14.39109335535949
 20
-28.05470864376536
 30
0.0
 10
14.47122865968897
 20
-28.05470864376536
 30
0.0
  0
SPLINE
  5
123
330
1F
100
AcDbEntity
  8
1
  6
Continuous
 62
   150
370
    18
100
AcDbSpline
210
0.0
220
0.0
230
1.0
 70
     8
 71
     3
 72
    14
 73
    10
 74
     0
 42
0.000000001
 43
0.0000000001
 40
0.0
 40
0.0
 40
0.0
 40
0.0
 40
0.25
 40
0.25
 40
0.5
 40
0.5
 40
0.75
 40
0.75
 40
1.0
 40
1.0
 40
1.0
 40
1.0
 10
8.81730879064846
 20
-30.49739130928925
 30
0.0
 10
9.054321195920673
 20
-30.49739130928925
 30
0.0
 10
9.307325313764686
 20
-30.53340690636458
 30
0.0
 10
9.682392171401489
 20
-30.82033949020546
 30
0.0
 10
9.759847700435865
 20
-31.07252103918696
 30
0.0
 10
9.759880872658444
 20
-31.55133523586015
 30
0.0
 10
9.68354170557284
 20
-31.80246257873003
 30
0.0
 10
9.304201497394471
 20
-32.09121094548458
 30
0.0
 10
9.052761177168245
 20
-32.12543930586091
 30
0.0
 10
8.81730879064846
 20
-32.12543930586091
 30
0.0
  0
SPLINE
  5
124
330
1F
100
AcDbEntity
  8
1
  6
Continuous
 62
   150
370
    18
100
AcDbSpline
210
0.0
220
0.0
230
1.0
 70
     8
 71
     3
 72
    18
 73
    14
 74
     0
 42
0.000000001
 43
0.0000000001
 40
0.0
 40
0.0
 40
0.0
 40
0.0
 40
0.2499999999999982
 40
0.2499999999999982
 40
0.3749999999999983
 40
0.3749999999999983
 40
0.4999999999999986
 40
0.4999999999999986
 40
0.6249999999999988
 40
0.6249999999999988
 40
0.7499999999999989
 40
0.7499999999999989
 40
1.0
 40
1.0
 40
1.0
 40
1.0
 10
8.81730879064846
 20
-32.94007397481315
 30
0.0
 10
9.360753902949186
 20
-32.94007397481313
 30
0.0
 10
9.917242714301445
 20
-32.89248482136524
 30
0.0
 10
10.64346870172936
 20
-32.51768203473613
 30
0.0
 10
10.85714251889466
 20
-32.33041961604106
 30
0.0
 10
11.12112610885221
 20
-31.85973908119739
 30
0.0
 10
11.17315355399742
 20
-31.58299639735178
 30
0.0
 10
11.17282759008115
 20
-31.03835833827042
 30
0.0
 10
11.12107931644754
 20
-30.76309923634738
 30
0.0
 10
10.85483554282368
 20
-30.29019011236667
 30
0.0
 10
10.63905561884187
 20
-30.10301399287772
 30
0.0
 10
9.918130936105857
 20
-29.73195768652393
 30
0.0
 10
9.360124528565382
 20
-29.68275664033704
 30
0.0
 10
8.81730879064846
 20
-29.68275664033703
 30
0.0
  0
SPLINE
  5
125
330
1F
100
AcDbEntity
  8
1
  6
Continuous
 62
   150
370
    18
100
AcDbSpline
210
0.0
220
0.0
230
1.0
 70
     8
 71
     3
 72
    14
 73
    10
 74
     0
 42
0.000000001
 43
0.0000000001
 40
0.0
 40
0.0
 40
0.0
 40
0.0
 40
0.25
 40
0.25
 40
0.5
 40
0.5
 40
0.75
 40
0.75
 40
1.0
 40
1.0
 40
1.0
 40
1.0
 10
9.75986428993625
 20
-28.86934331271758
 30
0.0
 10
9.75986428993625
 20
-28.75022607598131
 30
0.0
 10
9.745070196507388
 20
-28.63007614536427
 30
0.0
 10
9.66153229010716
 20
-28.40745665852791
 30
0.0
 10
9.5890053705662
 20
-28.30602853871837
 30
0.0
 10
9.399431141447728
 20
-28.16137382071231
 30
0.0
 10
9.286231796713368
 20
-28.11675184044025
 30
0.0
 10
9.05557830317666
 20
-28.06402090323756
 30
0.0
 10
8.93643960911336
 20
-28.05470864376536
 30
0.0
 10
8.81730879064846
 20
-28.05470864376536
 30
0.0
  0
SPLINE
  5
126
330
1F
100
AcDbEntity
  8
1
  6
Continuous
 62
   150
370
    18
100
AcDbSpline
210
0.0
220
0.0
230
1.0
 70
     8
 71
     3
 72
    12
 73
     8
 74
     0
 42
0.000000001
 43
0.0000000001
 40
0.0
 40
0.0
 40
0.0
 40
0.0
 40
0.5
 40
0.5
 40
0.75
 40
0.75
 40
1.0
 40
1.0
 40
1.0
 40
1.0
 10
8.81730879064846
 20
-27.24007397481315
 30
0.0
 10
9.36092053889434
 20
-27.24007397481314
 30
0.0
 10
9.91758450586161
 20
-27.28787414371921
 30
0.0
 10
10.6437822644157
 20
-27.66332908473384
 30
0.0
 10
10.85733612430234
 20
-27.85080415154016
 30
0.0
 10
11.12118020817049
 20
-28.32175199491183
 30
0.0
 10
11.17299097552493
 20
-28.59630853246595
 30
0.0
 10
11.17299097552493
 20
-28.86934331271757
 30
0.0
  0
SPLINE
  5
127
330
1F
100
AcDbEntity
  8
1
  6
Continuous
 62
   150
370
    18
100
AcDbSpline
210
0.0
220
0.0
230
1.0
 70
     8
 71
     3
 72
    14
 73
    10
 74
     0
 42
0.000000001
 43
0.0000000001
 40
0.0
 40
0.0
 40
0.0
 40
0.0
 40
0.25
 40
0.25
 40
0.5
 40
0.5
 40
0.75
 40
0.75
 40
1.0
 40
1.0
 40
1.0
 40
1.0
 10
7.404182105059776
 20
-31.31202597824147
 30
0.0
 10
7.404182105059776
 20
-31.4310478341957
 30
0.0
 10
7.419096330608194
 20
-31.5510424730638
 30
0.0
 10
7.50298283505979
 20
-31.77331314626706
 30
0.0
 10
7.575676464320863
 20
-31.87446223980488
 30
0.0
 10
7.765222953688339
 20
-32.01877591402069
 30
0.0
 10
7.878290436150154
 20
-32.06335913585721
 30
0.0
 10
8.108718524473312
 20
-32.11609871439294
 30
0.0
 10
8.227714977678852
 20
-32.12543930586091
 30
0.0
 10
8.346737604347453
 20
-32.12543930586091
 30
0.0
  0
SPLINE
  5
128
330
1F
100
AcDbEntity
  8
1
  6
Continuous
 62
   150
370
    18
100
AcDbSpline
210
0.0
220
0.0
230
1.0
 70
     8
 71
     3
 72
    12
 73
     8
 74
     0
 42
0.000000001
 43
0.0000000001
 40
0.0
 40
0.0
 40
0.0
 40
0.0
 40
0.4999999999999996
 40
0.4999999999999996
 40
0.7499999999999998
 40
0.7499999999999998
 40
1.0
 40
1.0
 40
1.0
 40
1.0
 10
8.346737604347453
 20
-32.94007397481315
 30
0.0
 10
7.803285762692013
 20
-32.94007397481315
 30
0.0
 10
7.246810425963229
 20
-32.89232126591487
 30
0.0
 10
6.520660624849405
 20
-32.51734846422398
 30
0.0
 10
6.307011123474648
 20
-32.33009014203159
 30
0.0
 10
6.0429510384023
 20
-31.85946418466236
 30
0.0
 10
5.991055419470981
 20
-31.58498324807031
 30
0.0
 10
5.991055419470981
 20
-31.31202597824147
 30
0.0
  0
SPLINE
  5
129
330
1F
100
AcDbEntity
  8
1
  6
Continuous
 62
   150
370
    18
100
AcDbSpline
210
0.0
220
0.0
230
1.0
 70
     8
 71
     3
 72
    14
 73
    10
 74
     0
 42
0.000000001
 43
0.0000000001
 40
0.0
 40
0.0
 40
0.0
 40
0.0
 40
0.2500000000000006
 40
0.2500000000000006
 40
0.5000000000000003
 40
0.5000000000000003
 40
0.7500000000000002
 40
0.7500000000000002
 40
1.0
 40
1.0
 40
1.0
 40
1.0
 10
8.346737604347453
 20
-28.05470864376536
 30
0.0
 10
8.109737404452504
 20
-28.05470864376537
 30
0.0
 10
7.856886851983768
 20
-28.09097144629055
 30
0.0
 10
7.48196141264415
 20
-28.37790462026284
 30
0.0
 10
7.404202737543553
 20
-28.62987122140508
 30
0.0
 10
7.404161483017146
 20
-29.10857308499116
 30
0.0
 10
7.480804257138041
 20
-29.35949996827588
 30
0.0
 10
7.859931095833717
 20
-29.64824792094528
 30
0.0
 10
8.11133506516759
 20
-29.68275664033703
 30
0.0
 10
8.346737604347453
 20
-29.68275664033703
 30
0.0
  0
SPLINE
  5
12A
330
1F
100
AcDbEntity
  8
1
  6
Continuous
 62
   150
370
    18
100
AcDbSpline
210
0.0
220
0.0
230
1.0
 70
     8
 71
     3
 72
    18
 73
    14
 74
     0
 42
0.000000001
 43
0.0000000001
 40
0.0
 40
0.0
 40
0.0
 40
0.0
 40
0.2500000000000004
 40
0.2500000000000004
 40
0.3750000000000003
 40
0.3750000000000003
 40
0.5000000000000001
 40
0.5000000000000001
 40
0.625
 40
0.625
 40
0.7499999999999999
 40
0.7499999999999999
 40
1.0
 40
1.0
 40
1.0
 40
1.0
 10
8.346737604347453
 20
-30.49739130928925
 30
0.0
 10
7.803329776827129
 20
-30.49739130928926
 30
0.0
 10
7.246903547110605
 20
-30.44964213604199
 30
0.0
 10
6.520790499454366
 20
-30.07475513122069
 30
0.0
 10
6.307132697561335
 20
-29.88753868885194
 30
0.0
 10
6.043021966477408
 20
-29.41699333504446
 30
0.0
 10
5.990891605086313
 20
-29.1402874180356
 30
0.0
 10
5.991220051801028
 20
-28.59568615399796
 30
0.0
 10
6.043072462535909
 20
-28.32046643256875
 30
0.0
 10
6.309454788467367
 20
-27.84768890065142
 30
0.0
 10
6.525226901139075
 20
-27.66055885124166
 30
0.0
 10
7.246038665097043
 20
-27.28943171308061
 30
0.0
 10
7.803966626008851
 20
-27.24007397481316
 30
0.0
 10
8.346737604347453
 20
-27.24007397481315
 30
0.0
  0
SPLINE
  5
12B
330
1F
100
AcDbEntity
  8
1
  6
Continuous
 62
   150
370
    18
100
AcDbSpline
210
0.0
220
0.0
230
1.0
 70
     8
 71
     3
 72
    19
 73
    15
 74
     0
 42
0.000000001
 43
0.0000000001
 40
0.0
 40
0.0
 40
0.0
 40
0.0
 40
0.2500000000000003
 40
0.3750000000000003
 40
0.3750000000000003
 40
0.5000000000000002
 40
0.5000000000000002
 40
0.6250000000000001
 40
0.6250000000000001
 40
0.7500000000000001
 40
0.7500000000000001
 40
0.875
 40
0.875
 40
1.0
 40
1.0
 40
1.0
 40
1.0
 10
41.4614250692924
 20
-25.34007397481315
 30
0.0
 10
41.4614250692924
 20
-23.62326545962448
 30
0.0
 10
41.4614250692924
 20
-21.04805268684148
 30
0.0
 10
41.4614250692924
 20
-18.47283991405848
 30
0.0
 10
41.4614250692924
 20
-16.75603139886981
 30
0.0
 10
41.39908201086648
 20
-15.90226244026068
 30
0.0
 10
41.01213822846076
 20
-14.21422376997857
 30
0.0
 10
40.69150442837499
 20
-13.39211080855352
 30
0.0
 10
39.77269680718129
 20
-11.91660551381628
 30
0.0
 10
39.17801829352025
 20
-11.26516011243261
 30
0.0
 10
37.80314166812656
 20
-10.19993257314714
 30
0.0
 10
37.02201437333885
 20
-9.792774857902595
 30
0.0
 10
35.37139616736376
 20
-9.232758476820129
 30
0.0
 10
34.50706363323688
 20
-9.077143961956937
 30
0.0
 10
33.63434444176988
 20
-9.012041212100272
 30
0.0
  0
SPLINE
  5
12C
330
1F
100
AcDbEntity
  8
1
  6
Continuous
 62
   150
370
    18
100
AcDbSpline
210
0.0
220
0.0
230
1.0
 70
     8
 71
     3
 72
    14
 73
    10
 74
     0
 42
0.000000001
 43
0.0000000001
 40
0.0
 40
0.0
 40
0.0
 40
0.0
 40
0.25
 40
0.25
 40
0.5
 40
0.5
 40
0.75
 40
0.75
 40
1.0
 40
1.0
 40
1.0
 40
1.0
 10
34.13010135811923
 20
-19.32030446366391
 30
0.0
 10
33.61949713945184
 20
-19.62224606176034
 30
0.0
 10
33.01511493737181
 20
-19.76714402923894
 30
0.0
 10
31.8336336491275
 20
-19.70497612468333
 30
0.0
 10
31.24437330962077
 20
-19.45886165308399
 30
0.0
 10
30.42620047454583
 20
-18.59146593827127
 30
0.0
 10
30.23044042879253
 20
-17.98449948078539
 30
0.0
 10
30.26236259514403
 20
-16.79727914960371
 30
0.0
 10
30.54073184853151
 20
-16.2255044829111
 30
0.0
 10
30.97355920469758
 20
-15.81078366606528
 30
0.0
  0
SPLINE
  5
12D
330
1F
100
AcDbEntity
  8
1
  6
Continuous
 62
   150
370
    18
100
AcDbSpline
210
0.0
220
0.0
230
1.0
 70
     8
 71
     3
 72
    12
 73
     8
 74
     0
 42
0.000000001
 43
0.0000000001
 40
0.0
 40
0.0
 40
0.0
 40
0.0
 40
0.499999999999999
 40
0.7499999999999989
 40
0.8749999999999994
 40
0.8749999999999994
 40
1.0
 40
1.0
 40
1.0
 40
1.0
 10
51.51144799002544
 20
-25.34007397481314
 30
0.0
 10
51.51144799002544
 20
-23.65771035682551
 30
0.0
 10
51.51144799002547
 20
-21.13416492984408
 30
0.0
 10
51.51144799002544
 20
-18.19002859836572
 30
0.0
 10
51.51144799002544
 20
-16.928255884875
 30
0.0
 10
51.51144799002544
 20
-16.08707407588119
 30
0.0
 10
51.51698199656762
 20
-15.63042353931783
 30
0.0
 10
51.76704169734436
 20
-15.29278338023923
 30
0.0
  0
SPLINE
  5
12E
330
1F
100
AcDbEntity
  8
1
  6
Continuous
 62
   150
370
    18
100
AcDbSpline
210
0.0
220
0.0
230
1.0
 70
     8
 71
     3
 72
    19
 73
    15
 74
     0
 42
0.000000001
 43
0.0000000001
 40
0.0
 40
0.0
 40
0.0
 40
0.0
 40
0.25
 40
0.375
 40
0.375
 40
0.5
 40
0.5
 40
0.625
 40
0.625
 40
0.75
 40
0.75
 40
0.875
 40
0.875
 40
1.0
 40
1.0
 40
1.0
 40
1.0
 10
60.25303327619491
 20
-25.34007397481314
 30
0.0
 10
60.25303327619491
 20
-23.68208838346628
 30
0.0
 10
60.25303327619491
 20
-21.195109996446
 30
0.0
 10
60.25303327619491
 20
-18.7081316094257
 30
0.0
 10
60.25303327619491
 20
-17.05014601807883
 30
0.0
 10
60.26722202912926
 20
-16.21876475181328
 30
0.0
 10
60.0703963781006
 20
-14.5939119016901
 30
0.0
 10
59.87778316359007
 20
-13.78643767106203
 30
0.0
 10
59.20299279291363
 20
-12.2682640745859
 30
0.0
 10
58.71286861563002
 20
-11.5887583145152
 30
0.0
 10
57.52080139866486
 20
-10.43177827196656
 30
0.0
 10
56.82225116971315
 20
-9.952933683032214
 30
0.0
 10
55.31071764155718
 20
-9.280914980606763
 30
0.0
 10
54.4901786002317
 20
-9.081958903251053
 30
0.0
 10
53.66704169734427
 20
-9.001179287555507
 30
0.0
  0
SPLINE
  5
12F
330
1F
100
AcDbEntity
  8
1
  6
Continuous
 62
   150
370
    18
100
AcDbSpline
210
0.0
220
0.0
230
1.0
 70
     8
 71
     3
 72
    24
 73
    20
 74
     0
 42
0.000000001
 43
0.0000000001
 40
0.0
 40
0.0
 40
0.0
 40
0.0
 40
0.0625000000000007
 40
0.0625000000000007
 40
0.1250000000000014
 40
0.1250000000000014
 40
0.2500000000000012
 40
0.2500000000000012
 40
0.3750000000000009
 40
0.3750000000000009
 40
0.5000000000000008
 40
0.5000000000000008
 40
0.6250000000000006
 40
0.6250000000000006
 40
0.7500000000000003
 40
0.7500000000000003
 40
0.8750000000000002
 40
0.8750000000000002
 40
1.0
 40
1.0
 40
1.0
 40
1.0
 10
90.31146049200473
 20
-25.56696183930714
 30
0.0
 10
90.88342264740179
 20
-25.62230127472065
 30
0.0
 10
91.45545838770575
 20
-25.67896120734902
 30
0.0
 10
92.59310540889338
 20
-25.6769927461026
 30
0.0
 10
93.15925769474038
 20
-25.62807280437432
 30
0.0
 10
94.84812339724613
 20
-25.30919760870968
 30
0.0
 10
95.93691727037074
 20
-24.85648383583662
 30
0.0
 10
97.85043554933675
 20
-23.54628272274376
 30
0.0
 10
98.68631958592111
 20
-22.72292377642671
 30
0.0
 10
99.99502006634819
 20
-20.80876160042487
 30
0.0
 10
100.4322482359711
 20
-19.70870655000468
 30
0.0
 10
100.7770984631581
 20
-17.43260946982463
 30
0.0
 10
100.7201300093886
 20
-16.24983520524067
 30
0.0
 10
100.1214932288116
 20
-14.02321892513835
 30
0.0
 10
99.5587717024119
 20
-12.98979662226973
 30
0.0
 10
98.03430536518637
 20
-11.22620304055299
 30
0.0
 10
97.11096122163477
 20
-10.49415191838736
 30
0.0
 10
95.06286774279249
 20
-9.444734215350218
 30
0.0
 10
93.93209256369805
 20
-9.13431071465246
 30
0.0
 10
92.77255734914608
 20
-9.024030178191445
 30
0.0
  0
SPLINE
  5
130
330
1F
100
AcDbEntity
  8
1
  6
Continuous
 62
   150
370
    18
100
AcDbSpline
210
0.0
220
0.0
230
1.0
 70
     8
 71
     3
 72
    15
 73
    11
 74
     0
 42
0.000000001
 43
0.0000000001
 40
0.0
 40
0.0
 40
0.0
 40
0.0
 40
0.4999999999999997
 40
0.7499999999999996
 40
0.7499999999999996
 40
0.8749999999999994
 40
0.8749999999999994
 40
0.9374999999999997
 40
0.9374999999999997
 40
1.0
 40
1.0
 40
1.0
 40
1.0
 10
89.34413305789151
 20
-31.27777766263476
 30
0.0
 10
89.34413305789151
 20
-28.47160455174674
 30
0.0
 10
89.34413305789151
 20
-24.26234488541472
 30
0.0
 10
89.34413305789151
 20
-20.05308521908269
 30
0.0
 10
89.34413305789151
 20
-17.94845538591668
 30
0.0
 10
89.33634135331114
 20
-17.2388153672769
 30
0.0
 10
89.63833404343308
 20
-16.22889371316862
 30
0.0
 10
89.79048221965557
 20
-15.90531750203663
 30
0.0
 10
90.23984955321957
 20
-15.37072618884503
 30
0.0
 10
90.53901032130828
 20
-15.16842966728778
 30
0.0
 10
90.87255734914612
 20
-15.05289837121463
 30
0.0
  0
SPLINE
  5
131
330
1F
100
AcDbEntity
  8
1
  6
Continuous
 62
   150
370
    18
100
AcDbSpline
210
0.0
220
0.0
230
1.0
 70
     8
 71
     3
 72
    18
 73
    14
 74
     0
 42
0.000000001
 43
0.0000000001
 40
0.0
 40
0.0
 40
0.0
 40
0.0
 40
0.2499999999999999
 40
0.2499999999999999
 40
0.4999999999999999
 40
0.4999999999999999
 40
0.625
 40
0.625
 40
0.75
 40
0.75
 40
0.8750000000000001
 40
0.8750000000000001
 40
1.0
 40
1.0
 40
1.0
 40
1.0
 10
104.3886202568613
 20
-7.087669386476946
 30
0.0
 10
104.9871511111205
 20
-7.62608440537832
 30
0.0
 10
105.7915157027094
 20
-7.878443732382569
 30
0.0
 10
107.3825356553222
 20
-7.907649735620862
 30
0.0
 10
108.2048574961457
 20
-7.701827582858217
 30
0.0
 10
109.1352211310484
 20
-6.948289276028755
 30
0.0
 10
109.3996735271319
 20
-6.633118263840755
 30
0.0
 10
109.7489963585725
 20
-5.920650163913086
 30
0.0
 10
109.8352252134895
 20
-5.51847968447133
 30
0.0
 10
109.8553742735648
 20
-4.717365870850653
 30
0.0
 10
109.7849391763253
 20
-4.319966317244876
 30
0.0
 10
109.4523459992394
 20
-3.586105041989076
 30
0.0
 10
109.201689092712
 20
-3.266648597249141
 30
0.0
 10
108.904512015063
 20
-2.994033022840589
 30
0.0
  0
SPLINE
  5
132
330
1F
100
AcDbEntity
  8
1
  6
Continuous
 62
   150
370
    18
100
AcDbSpline
210
0.0
220
0.0
230
1.0
 70
     8
 71
     3
 72
    18
 73
    14
 74
     0
 42
0.000000001
 43
0.0000000001
 40
0.0
 40
0.0
 40
0.0
 40
0.0
 40
0.25
 40
0.25
 40
0.5
 40
0.5
 40
0.625
 40
0.625
 40
0.75
 40
0.75
 40
0.875
 40
0.875
 40
1.0
 40
1.0
 40
1.0
 40
1.0
 10
108.904512015063
 20
-2.994033022840589
 30
0.0
 10
108.3171859358911
 20
-2.459776680092226
 30
0.0
 10
107.5463834912573
 20
-2.151010725131153
 30
0.0
 10
105.9487178340386
 20
-2.119915994321786
 30
0.0
 10
105.1605072775472
 20
-2.38460580465494
 30
0.0
 10
104.2410909043511
 20
-3.157036165871478
 30
0.0
 10
103.977285905689
 20
-3.461140705900601
 30
0.0
 10
103.6055532220688
 20
-4.16887223506629
 30
0.0
 10
103.5084586463211
 20
-4.561408338855176
 30
0.0
 10
103.4886505278736
 20
-5.356843626065013
 30
0.0
 10
103.5508898443529
 20
-5.76015776529086
 30
0.0
 10
103.8494879288112
 20
-6.490138963823892
 30
0.0
 10
104.0913323744053
 20
-6.820240799107245
 30
0.0
 10
104.3886202568613
 20
-7.087669386476946
 30
0.0
  0
ENDSEC
  0
SECTION
  2
OBJECTS
  0
DICTIONARY
  5
C
330
0
100
AcDbDictionary
281
     1
  3
ACAD_DETAILVIEWSTYLE
350
18F
  3
ACAD_GROUP
350
D
  3
ACAD_LAYOUT
350
1A
  3
ACAD_MATERIAL
350
43
  3
ACAD_MLEADERSTYLE
350
6B
  3
ACAD_MLINESTYLE
350
17
  3
ACAD_PLOTSETTINGS
350
19
  3
ACAD_PLOTSTYLENAME
350
E
  3
ACAD_SCALELIST
350
47
  3
ACAD_SECTIONVIEWSTYLE
350
190
  3
ACAD_TABLESTYLE
350
69
  3
ACAD_VISUALSTYLE
350
2A
  3
ACDB_RECOMPOSE_DATA
350
18C
  3
AcDbVariableDictionary
350
14C
  0
DICTIONARY
  5
14A
330
8
100
AcDbDictionary
280
     1
281
     1
  3
ACAD_XREC_ROUNDTRIP
360
14B
  0
DICTIONARY
  5
18F
102
{ACAD_REACTORS
330
C
102
}
330
C
100
AcDbDictionary
281
     1
  0
DICTIONARY
  5
D
102
{ACAD_REACTORS
330
C
102
}
330
C
100
AcDbDictionary
281
     1
  0
DICTIONARY
  5
1A
102
{ACAD_REACTORS
330
C
102
}
330
C
100
AcDbDictionary
281
     1
  3
Layout1
350
1E
  3
Layout2
350
26
  3
Model
350
22
  0
DICTIONARY
  5
43
102
{ACAD_REACTORS
330
C
102
}
330
C
100
AcDbDictionary
281
     1
  3
ByBlock
350
45
  3
ByLayer
350
44
  3
Global
350
46
  0
DICTIONARY
  5
6B
102
{ACAD_REACTORS
330
C
102
}
330
C
100
AcDbDictionary
281
     1
  3
Standard
350
6C
  0
DICTIONARY
  5
17
102
{ACAD_REACTORS
330
C
102
}
330
C
100
AcDbDictionary
281
     1
  3
Standard
350
18
  0
DICTIONARY
  5
19
102
{ACAD_REACTORS
330
C
102
}
330
C
100
AcDbDictionary
281
     1
  0
ACDBDICTIONARYWDFLT
  5
E
102
{ACAD_REACTORS
330
C
102
}
330
C
100
AcDbDictionary
281
     1
  3
Normal
350
F
100
AcDbDictionaryWithDefault
340
F
  0
DICTIONARY
  5
47
102
{ACAD_REACTORS
330
C
102
}
330
C
100
AcDbDictionary
281
     1
  3
A0
350
48
  3
A1
350
49
  3
A2
350
4A
  3
A3
350
4B
  3
A4
350
4C
  3
A5
350
4D
  3
A6
350
4E
  3
A7
350
4F
  3
A8
350
50
  3
A9
350
51
  3
B0
350
52
  3
B1
350
53
  3
B2
350
54
  3
B3
350
55
  3
B4
350
56
  3
B5
350
57
  3
B6
350
58
  3
B7
350
59
  3
B8
350
5A
  3
B9
350
5B
  3
C0
350
5C
  3
C1
350
5D
  3
C2
350
5E
  3
C3
350
5F
  3
C4
350
60
  3
C5
350
61
  3
C6
350
62
  3
C7
350
63
  3
C8
350
64
  3
C9
350
65
  3
D0
350
66
  3
D1
350
67
  3
D2
350
68
  0
DICTIONARY
  5
190
102
{ACAD_REACTORS
330
C
102
}
330
C
100
AcDbDictionary
281
     1
  0
DICTIONARY
  5
69
102
{ACAD_REACTORS
330
C
102
}
330
C
100
AcDbDictionary
281
     1
  3
Standard
350
6A
  0
DICTIONARY
  5
2A
102
{ACAD_REACTORS
330
C
102
}
330
C
100
AcDbDictionary
281
     1
  3
2dWireframe
350
2F
  3
Basic
350
32
  3
Brighten
350
36
  3
ColorChange
350
3A
  3
Conceptual
350
34
  3
Dim
350
35
  3
EdgeColorOff
350
3D
  3
Facepattern
350
39
  3
Flat
350
2B
  3
FlatWithEdges
350
2C
  3
Gouraud
350
2D
  3
GouraudWithEdges
350
2E
  3
Hidden
350
31
  3
JitterOff
350
3B
  3
Linepattern
350
38
  3
OverhangOff
350
3C
  3
Realistic
350
33
  3
Shaded
350
42
  3
Shaded with edges
350
41
  3
Shades of Gray
350
3E
  3
Sketchy
350
3F
  3
Thicken
350
37
  3
Wireframe
350
30
  3
X-Ray
350
40
  0
XRECORD
  5
18C
102
{ACAD_REACTORS
330
C
102
}
330
C
100
AcDbXrecord
280
     1
 90
        1
330
6A
  0
DICTIONARY
  5
14C
102
{ACAD_REACTORS
330
C
102
}
330
C
100
AcDbDictionary
281
     1
  3
CANNOSCALE
350
14D
  3
CMLEADERSTYLE
350
18E
  3
CTABLESTYLE
350
18D
  3
MSLTSCALE
350
14E
  3
XCLIPFRAME
350
14F
  0
XRECORD
  5
14B
102
{ACAD_REACTORS
330
14A
102
}
330
14A
100
AcDbXrecord
280
     1
102
VTR_0.000_0.000_1.000_1.000_VISUALSTYLE
340
2F
102
VTR_0.000_0.000_1.000_1.000_GRIDDISPLAY
 70
     3
102
VTR_0.000_0.000_1.000_1.000_GRIDMAJOR
 70
     5
102
VTR_0.000_0.000_1.000_1.000_DEFAULTLIGHTING
280
     1
102
VTR_0.000_0.000_1.000_1.000_DEFAULTLIGHTINGTYPE
 70
     1
102
VTR_0.000_0.000_1.000_1.000_BRIGHTNESS
141
0.0
102
VTR_0.000_0.000_1.000_1.000_CONTRAST
142
0.0
102
VTR_0.000_0.000_0.500_1.000_VISUALSTYLE
340
2F
102
VTR_0.000_0.000_0.500_1.000_GRIDDISPLAY
 70
     3
102
VTR_0.000_0.000_0.500_1.000_GRIDMAJOR
 70
     5
102
VTR_0.000_0.000_0.500_1.000_DEFAULTLIGHTING
280
     1
102
VTR_0.000_0.000_0.500_1.000_DEFAULTLIGHTINGTYPE
 70
     1
102
VTR_0.000_0.000_0.500_1.000_BRIGHTNESS
141
0.0
102
VTR_0.000_0.000_0.500_1.000_CONTRAST
142
0.0
102
VTR_0.500_0.000_1.000_1.000_VISUALSTYLE
340
2F
102
VTR_0.500_0.000_1.000_1.000_GRIDDISPLAY
 70
     3
102
VTR_0.500_0.000_1.000_1.000_GRIDMAJOR
 70
     5
102
VTR_0.500_0.000_1.000_1.000_DEFAULTLIGHTING
280
     1
102
VTR_0.500_0.000_1.000_1.000_DEFAULTLIGHTINGTYPE
 70
     1
102
VTR_0.500_0.000_1.000_1.000_BRIGHTNESS
141
0.0
102
VTR_0.500_0.000_1.000_1.000_CONTRAST
142
0.0
102
VTR_0.000_0.500_1.000_1.000_VISUALSTYLE
340
2F
102
VTR_0.000_0.500_1.000_1.000_GRIDDISPLAY
 70
     3
102
VTR_0.000_0.500_1.000_1.000_GRIDMAJOR
 70
     5
102
VTR_0.000_0.500_1.000_1.000_DEFAULTLIGHTING
280
     1
102
VTR_0.000_0.500_1.000_1.000_DEFAULTLIGHTINGTYPE
 70
     1
102
VTR_0.000_0.500_1.000_1.000_BRIGHTNESS
141
0.0
102
VTR_0.000_0.500_1.000_1.000_CONTRAST
142
0.0
102
VTR_0.000_0.000_1.000_0.500_VISUALSTYLE
340
2F
102
VTR_0.000_0.000_1.000_0.500_GRIDDISPLAY
 70
     3
102
VTR_0.000_0.000_1.000_0.500_GRIDMAJOR
 70
     5
102
VTR_0.000_0.000_1.000_0.500_DEFAULTLIGHTING
280
     1
102
VTR_0.000_0.000_1.000_0.500_DEFAULTLIGHTINGTYPE
 70
     1
102
VTR_0.000_0.000_1.000_0.500_BRIGHTNESS
141
0.0
102
VTR_0.000_0.000_1.000_0.500_CONTRAST
142
0.0
102
VTR_0.000_0.500_0.500_1.000_VISUALSTYLE
340
2F
102
VTR_0.000_0.500_0.500_1.000_GRIDDISPLAY
 70
     3
102
VTR_0.000_0.500_0.500_1.000_GRIDMAJOR
 70
     5
102
VTR_0.000_0.500_0.500_1.000_DEFAULTLIGHTING
280
     1
102
VTR_0.000_0.500_0.500_1.000_DEFAULTLIGHTINGTYPE
 70
     1
102
VTR_0.000_0.500_0.500_1.000_BRIGHTNESS
141
0.0
102
VTR_0.000_0.500_0.500_1.000_CONTRAST
142
0.0
102
VTR_0.000_0.000_0.500_0.500_VISUALSTYLE
340
2F
102
VTR_0.000_0.000_0.500_0.500_GRIDDISPLAY
 70
     3
102
VTR_0.000_0.000_0.500_0.500_GRIDMAJOR
 70
     5
102
VTR_0.000_0.000_0.500_0.500_DEFAULTLIGHTING
280
     1
102
VTR_0.000_0.000_0.500_0.500_DEFAULTLIGHTINGTYPE
 70
     1
102
VTR_0.000_0.000_0.500_0.500_BRIGHTNESS
141
0.0
102
VTR_0.000_0.000_0.500_0.500_CONTRAST
142
0.0
102
VTR_0.500_0.000_1.000_0.500_VISUALSTYLE
340
2F
102
VTR_0.500_0.000_1.000_0.500_GRIDDISPLAY
 70
     3
102
VTR_0.500_0.000_1.000_0.500_GRIDMAJOR
 70
     5
102
VTR_0.500_0.000_1.000_0.500_DEFAULTLIGHTING
280
     1
102
VTR_0.500_0.000_1.000_0.500_DEFAULTLIGHTINGTYPE
 70
     1
102
VTR_0.500_0.000_1.000_0.500_BRIGHTNESS
141
0.0
102
VTR_0.500_0.000_1.000_0.500_CONTRAST
142
0.0
102
VTR_0.500_0.500_1.000_1.000_VISUALSTYLE
340
2F
102
VTR_0.500_0.500_1.000_1.000_GRIDDISPLAY
 70
     3
102
VTR_0.500_0.500_1.000_1.000_GRIDMAJOR
 70
     5
102
VTR_0.500_0.500_1.000_1.000_DEFAULTLIGHTING
280
     1
102
VTR_0.500_0.500_1.000_1.000_DEFAULTLIGHTINGTYPE
 70
     1
102
VTR_0.500_0.500_1.000_1.000_BRIGHTNESS
141
0.0
102
VTR_0.500_0.500_1.000_1.000_CONTRAST
142
0.0
102
VTR_0.000_0.500_0.333_1.000_VISUALSTYLE
340
2F
102
VTR_0.000_0.500_0.333_1.000_GRIDDISPLAY
 70
     3
102
VTR_0.000_0.500_0.333_1.000_GRIDMAJOR
 70
     5
102
VTR_0.000_0.500_0.333_1.000_DEFAULTLIGHTING
280
     1
102
VTR_0.000_0.500_0.333_1.000_DEFAULTLIGHTINGTYPE
 70
     1
102
VTR_0.000_0.500_0.333_1.000_BRIGHTNESS
141
0.0
102
VTR_0.000_0.500_0.333_1.000_CONTRAST
142
0.0
102
VTR_0.000_0.000_0.333_0.500_VISUALSTYLE
340
2F
102
VTR_0.000_0.000_0.333_0.500_GRIDDISPLAY
 70
     3
102
VTR_0.000_0.000_0.333_0.500_GRIDMAJOR
 70
     5
102
VTR_0.000_0.000_0.333_0.500_DEFAULTLIGHTING
280
     1
102
VTR_0.000_0.000_0.333_0.500_DEFAULTLIGHTINGTYPE
 70
     1
102
VTR_0.000_0.000_0.333_0.500_BRIGHTNESS
141
0.0
102
VTR_0.000_0.000_0.333_0.500_CONTRAST
142
0.0
102
VTR_0.333_0.500_0.667_1.000_VISUALSTYLE
340
2F
102
VTR_0.333_0.500_0.667_1.000_GRIDDISPLAY
 70
     3
102
VTR_0.333_0.500_0.667_1.000_GRIDMAJOR
 70
     5
102
VTR_0.333_0.500_0.667_1.000_DEFAULTLIGHTING
280
     1
102
VTR_0.333_0.500_0.667_1.000_DEFAULTLIGHTINGTYPE
 70
     1
102
VTR_0.333_0.500_0.667_1.000_BRIGHTNESS
141
0.0
102
VTR_0.333_0.500_0.667_1.000_CONTRAST
142
0.0
102
VTR_0.333_0.000_0.667_0.500_VISUALSTYLE
340
2F
102
VTR_0.333_0.000_0.667_0.500_GRIDDISPLAY
 70
     3
102
VTR_0.333_0.000_0.667_0.500_GRIDMAJOR
 70
     5
102
VTR_0.333_0.000_0.667_0.500_DEFAULTLIGHTING
280
     1
102
VTR_0.333_0.000_0.667_0.500_DEFAULTLIGHTINGTYPE
 70
     1
102
VTR_0.333_0.000_0.667_0.500_BRIGHTNESS
141
0.0
102
VTR_0.333_0.000_0.667_0.500_CONTRAST
142
0.0
102
VTR_0.667_0.500_1.000_1.000_VISUALSTYLE
340
2F
102
VTR_0.667_0.500_1.000_1.000_GRIDDISPLAY
 70
     3
102
VTR_0.667_0.500_1.000_1.000_GRIDMAJOR
 70
     5
102
VTR_0.667_0.500_1.000_1.000_DEFAULTLIGHTING
280
     1
102
VTR_0.667_0.500_1.000_1.000_DEFAULTLIGHTINGTYPE
 70
     1
102
VTR_0.667_0.500_1.000_1.000_BRIGHTNESS
141
0.0
102
VTR_0.667_0.500_1.000_1.000_CONTRAST
142
0.0
102
VTR_0.667_0.000_1.000_0.500_VISUALSTYLE
340
2F
102
VTR_0.667_0.000_1.000_0.500_GRIDDISPLAY
 70
     3
102
VTR_0.667_0.000_1.000_0.500_GRIDMAJOR
 70
     5
102
VTR_0.667_0.000_1.000_0.500_DEFAULTLIGHTING
280
     1
102
VTR_0.667_0.000_1.000_0.500_DEFAULTLIGHTINGTYPE
 70
     1
102
VTR_0.667_0.000_1.000_0.500_BRIGHTNESS
141
0.0
102
VTR_0.667_0.000_1.000_0.500_CONTRAST
142
0.0
  0
LAYOUT
  5
1E
102
{ACAD_REACTORS
330
1A
102
}
330
1A
100
AcDbPlotSettings
  1

  2
none_device
  4

  6

 40
0.0
 41
0.0
 42
0.0
 43
0.0
 44
0.0
 45
0.0
 46
0.0
 47
0.0
 48
0.0
 49
0.0
140
0.0
141
0.0
142
1.0
143
1.0
 70
   688
 72
     0
 73
     0
 74
     5
  7

 75
    16
 76
     0
 77
     2
 78
   300
147
1.0
148
0.0
149
0.0
100
AcDbLayout
  1
Layout1
 70
     1
 71
     1
 10
-0.5
 20
-0.5
 11
5.0
 21
5.0
 12
0.0
 22
0.0
 32
0.0
 14
-0.5
 24
-0.5
 34
-0.5
 15
5.0
 25
5.0
 35
5.0
146
0.0
 13
0.0
 23
0.0
 33
0.0
 16
1.0
 26
0.0
 36
0.0
 17
0.0
 27
1.0
 37
0.0
 76
     0
330
1B
  0
LAYOUT
  5
26
102
{ACAD_REACTORS
330
1A
102
}
330
1A
100
AcDbPlotSettings
  1

  2
none_device
  4

  6

 40
0.0
 41
0.0
 42
0.0
 43
0.0
 44
0.0
 45
0.0
 46
0.0
 47
0.0
 48
0.0
 49
0.0
140
0.0
141
0.0
142
1.0
143
1.0
 70
   688
 72
     0
 73
     0
 74
     5
  7

 75
    16
 76
     0
 77
     2
 78
   300
147
1.0
148
0.0
149
0.0
100
AcDbLayout
  1
Layout2
 70
     1
 71
     2
 10
0.0
 20
0.0
 11
0.0
 21
0.0
 12
0.0
 22
0.0
 32
0.0
 14
0.0
 24
0.0
 34
0.0
 15
0.0
 25
0.0
 35
0.0
146
0.0
 13
0.0
 23
0.0
 33
0.0
 16
1.0
 26
0.0
 36
0.0
 17
0.0
 27
1.0
 37
0.0
 76
     0
330
23
  0
LAYOUT
  5
22
102
{ACAD_REACTORS
330
1A
102
}
330
1A
100
AcDbPlotSettings
  1

  2
none_device
  4
Letter_(8.50_x_11.00_Inches)
  6

 40
6.35
 41
6.35
 42
6.350005
 43
6.350005
 44
215.9
 45
279.4
 46
0.0
 47
0.0
 48
0.0
 49
0.0
140
0.0
141
0.0
142
1.0
143
1.0
 70
  1712
 72
     0
 73
     0
 74
     0
  7

 75
     0
 76
     0
 77
     2
 78
   300
147
1.0
148
0.0
149
0.0
100
AcDbLayout
  1
Model
 70
     1
 71
     0
 10
-0.5
 20
-0.5
 11
5.0
 21
5.0
 12
0.0
 22
0.0
 32
0.0
 14
-0.5
 24
-0.5
 34
-0.5
 15
5.0
 25
5.0
 35
5.0
146
0.0
 13
0.0
 23
0.0
 33
0.0
 16
1.0
 26
0.0
 36
0.0
 17
0.0
 27
1.0
 37
0.0
 76
     0
330
1F
331
29
  0
MATERIAL
  5
45
102
{ACAD_REACTORS
330
43
102
}
102
{ACAD_XDICTIONARY
360
182
102
}
330
43
100
AcDbMaterial
  1
ByBlock
  0
MATERIAL
  5
44
102
{ACAD_REACTORS
330
43
102
}
102
{ACAD_XDICTIONARY
360
180
102
}
330
43
100
AcDbMaterial
  1
ByLayer
  0
MATERIAL
  5
46
102
{ACAD_REACTORS
330
43
102
}
102
{ACAD_XDICTIONARY
360
184
102
}
330
43
100
AcDbMaterial
  1
Global
  0
MLEADERSTYLE
  5
6C
102
{ACAD_REACTORS
330
6B
102
}
102
{ACAD_XDICTIONARY
360
18A
102
}
330
6B
100
AcDbMLeaderStyle
170
     2
171
     1
172
     0
 90
        2
 40
0.0
 41
0.0
173
     1
 91
-1056964608
340
14
 92
       -2
290
     1
 42
0.09
291
     1
 43
0.36
  3
Standard
341
0
 44
0.18
300

342
11
174
     1
178
     6
175
     1
176
     0
 93
-1056964608
 45
0.18
292
     0
297
     0
 46
0.18
343
0
 94
-1056964608
 47
1.0
 49
1.0
140
1.0
293
     1
141
0.0
294
     1
177
     0
142
1.0
295
     0
296
     0
143
0.125
1001
ACAD_MLEADERVER
1070
     2
  0
MLINESTYLE
  5
18
102
{ACAD_REACTORS
330
17
102
}
330
17
100
AcDbMlineStyle
  2
Standard
 70
     0
  3

 62
   256
 51
90.0
 52
90.0
 71
     2
 49
0.5
 62
   256
  6
BYLAYER
 49
-0.5
 62
   256
  6
BYLAYER
  0
ACDBPLACEHOLDER
  5
F
102
{ACAD_REACTORS
330
E
102
}
330
E
  0
SCALE
  5
48
102
{ACAD_REACTORS
330
47
102
}
330
47
100
AcDbScale
 70
     0
300
1:1
140
1.0
141
1.0
290
     1
  0
SCALE
  5
49
102
{ACAD_REACTORS
330
47
102
}
330
47
100
AcDbScale
 70
     0
300
1:2
140
1.0
141
2.0
290
     0
  0
SCALE
  5
4A
102
{ACAD_REACTORS
330
47
102
}
330
47
100
AcDbScale
 70
     0
300
1:4
140
1.0
141
4.0
290
     0
  0
SCALE
  5
4B
102
{ACAD_REACTORS
330
47
102
}
330
47
100
AcDbScale
 70
     0
300
1:5
140
1.0
141
5.0
290
     0
  0
SCALE
  5
4C
102
{ACAD_REACTORS
330
47
102
}
330
47
100
AcDbScale
 70
     0
300
1:8
140
1.0
141
8.0
290
     0
  0
SCALE
  5
4D
102
{ACAD_REACTORS
330
47
102
}
330
47
100
AcDbScale
 70
     0
300
1:10
140
1.0
141
10.0
290
     0
  0
SCALE
  5
4E
102
{ACAD_REACTORS
330
47
102
}
330
47
100
AcDbScale
 70
     0
300
1:16
140
1.0
141
16.0
290
     0
  0
SCALE
  5
4F
102
{ACAD_REACTORS
330
47
102
}
330
47
100
AcDbScale
 70
     0
300
1:20
140
1.0
141
20.0
290
     0
  0
SCALE
  5
50
102
{ACAD_REACTORS
330
47
102
}
330
47
100
AcDbScale
 70
     0
300
1:30
140
1.0
141
30.0
290
     0
  0
SCALE
  5
51
102
{ACAD_REACTORS
330
47
102
}
330
47
100
AcDbScale
 70
     0
300
1:40
140
1.0
141
40.0
290
     0
  0
SCALE
  5
52
102
{ACAD_REACTORS
330
47
102
}
330
47
100
AcDbScale
 70
     0
300
1:50
140
1.0
141
50.0
290
     0
  0
SCALE
  5
53
102
{ACAD_REACTORS
330
47
102
}
330
47
100
AcDbScale
 70
     0
300
1:100
140
1.0
141
100.0
290
     0
  0
SCALE
  5
54
102
{ACAD_REACTORS
330
47
102
}
330
47
100
AcDbScale
 70
     0
300
2:1
140
2.0
141
1.0
290
     0
  0
SCALE
  5
55
102
{ACAD_REACTORS
330
47
102
}
330
47
100
AcDbScale
 70
     0
300
4:1
140
4.0
141
1.0
290
     0
  0
SCALE
  5
56
102
{ACAD_REACTORS
330
47
102
}
330
47
100
AcDbScale
 70
     0
300
8:1
140
8.0
141
1.0
290
     0
  0
SCALE
  5
57
102
{ACAD_REACTORS
330
47
102
}
330
47
100
AcDbScale
 70
     0
300
10:1
140
10.0
141
1.0
290
     0
  0
SCALE
  5
58
102
{ACAD_REACTORS
330
47
102
}
330
47
100
AcDbScale
 70
     0
300
100:1
140
100.0
141
1.0
290
     0
  0
SCALE
  5
59
102
{ACAD_REACTORS
330
47
102
}
330
47
100
AcDbScale
 70
     0
300
1/128" = 1'-0"
140
0.007812
141
12.0
290
     0
  0
SCALE
  5
5A
102
{ACAD_REACTORS
330
47
102
}
330
47
100
AcDbScale
 70
     0
300
1/64" = 1'-0"
140
0.015625
141
12.0
290
     0
  0
SCALE
  5
5B
102
{ACAD_REACTORS
330
47
102
}
330
47
100
AcDbScale
 70
     0
300
1/32" = 1'-0"
140
0.03125
141
12.0
290
     0
  0
SCALE
  5
5C
102
{ACAD_REACTORS
330
47
102
}
330
47
100
AcDbScale
 70
     0
300
1/16" = 1'-0"
140
0.0625
141
12.0
290
     0
  0
SCALE
  5
5D
102
{ACAD_REACTORS
330
47
102
}
330
47
100
AcDbScale
 70
     0
300
3/32" = 1'-0"
140
0.09375
141
12.0
290
     0
  0
SCALE
  5
5E
102
{ACAD_REACTORS
330
47
102
}
330
47
100
AcDbScale
 70
     0
300
1/8" = 1'-0"
140
0.125
141
12.0
290
     0
  0
SCALE
  5
5F
102
{ACAD_REACTORS
330
47
102
}
330
47
100
AcDbScale
 70
     0
300
3/16" = 1'-0"
140
0.1875
141
12.0
290
     0
  0
SCALE
  5
60
102
{ACAD_REACTORS
330
47
102
}
330
47
100
AcDbScale
 70
     0
300
1/4" = 1'-0"
140
0.25
141
12.0
290
     0
  0
SCALE
  5
61
102
{ACAD_REACTORS
330
47
102
}
330
47
100
AcDbScale
 70
     0
300
3/8" = 1'-0"
140
0.375
141
12.0
290
     0
  0
SCALE
  5
62
102
{ACAD_REACTORS
330
47
102
}
330
47
100
AcDbScale
 70
     0
300
1/2" = 1'-0"
140
0.5
141
12.0
290
     0
  0
SCALE
  5
63
102
{ACAD_REACTORS
330
47
102
}
330
47
100
AcDbScale
 70
     0
300
3/4" = 1'-0"
140
0.75
141
12.0
290
     0
  0
SCALE
  5
64
102
{ACAD_REACTORS
330
47
102
}
330
47
100
AcDbScale
 70
     0
300
1" = 1'-0"
140
1.0
141
12.0
290
     0
  0
SCALE
  5
65
102
{ACAD_REACTORS
330
47
102
}
330
47
100
AcDbScale
 70
     0
300
1-1/2" = 1'-0"
140
1.5
141
12.0
290
     0
  0
SCALE
  5
66
102
{ACAD_REACTORS
330
47
102
}
330
47
100
AcDbScale
 70
     0
300
3" = 1'-0"
140
3.0
141
12.0
290
     0
  0
SCALE
  5
67
102
{ACAD_REACTORS
330
47
102
}
330
47
100
AcDbScale
 70
     0
300
6" = 1'-0"
140
6.0
141
12.0
290
     0
  0
SCALE
  5
68
102
{ACAD_REACTORS
330
47
102
}
330
47
100
AcDbScale
 70
     0
300
1'-0" = 1'-0"
140
12.0
141
12.0
290
     0
  0
TABLESTYLE
  5
6A
102
{ACAD_REACTORS
330
69
102
}
102
{ACAD_XDICTIONARY
360
186
102
}
330
69
100
AcDbTableStyle
  3
Standard
 70
     0
 71
     0
 40
0.06
 41
0.06
280
     0
281
     0
  7
Standard
140
0.18
170
     2
 62
     0
 63
   257
283
     0
274
    -2
284
     1
 64
     0
275
    -2
285
     1
 65
     0
276
    -2
286
     1
 66
     0
277
    -2
287
     1
 67
     0
278
    -2
288
     1
 68
     0
279
    -2
289
     1
 69
     0
  7
Standard
140
0.25
170
     5
 62
     0
 63
   257
283
     0
274
    -2
284
     1
 64
     0
275
    -2
285
     1
 65
     0
276
    -2
286
     1
 66
     0
277
    -2
287
     1
 67
     0
278
    -2
288
     1
 68
     0
279
    -2
289
     1
 69
     0
  7
Standard
140
0.18
170
     5
 62
     0
 63
   257
283
     0
274
    -2
284
     1
 64
     0
275
    -2
285
     1
 65
     0
276
    -2
286
     1
 66
     0
277
    -2
287
     1
 67
     0
278
    -2
288
     1
 68
     0
279
    -2
289
     1
 69
     0
  0
VISUALSTYLE
  5
2F
102
{ACAD_REACTORS
330
2A
102
}
102
{ACAD_XDICTIONARY
360
158
102
}
330
2A
100
AcDbVisualStyle
  2
2dWireframe
 70
     4
 71
     0
 72
     2
 73
     0
 90
        0
 40
0.6
 41
30.0
 62
     5
 63
     7
421
 16777215
 74
     1
 91
        4
 64
     7
 65
   257
 75
     1
175
     1
 42
1.0
 92
        0
 66
   257
 43
1.0
 76
     1
 77
     6
 78
     2
 67
     7
 79
     5
170
     0
171
     0
290
     0
174
     0
 93
        1
 44
0.0
173
     0
291
     0
 45
0.0
1001
ACAD
1000
AcDbSavedByObjectVersion
1070
     0
  0
VISUALSTYLE
  5
32
102
{ACAD_REACTORS
330
2A
102
}
102
{ACAD_XDICTIONARY
360
15E
102
}
330
2A
100
AcDbVisualStyle
  2
Basic
 70
     7
 71
     1
 72
     0
 73
     1
 90
        0
 40
0.6
 41
30.0
 62
     5
 63
     7
421
 16777215
 74
     0
 91
        4
 64
     7
 65
   257
 75
     1
175
     1
 42
1.0
 92
        8
 66
     7
 43
1.0
 76
     1
 77
     6
 78
     2
 67
     7
 79
     5
170
     0
171
     0
290
     0
174
     0
 93
        1
 44
0.0
173
     0
291
     1
 45
0.0
1001
ACAD
1000
AcDbSavedByObjectVersion
1070
     0
  0
VISUALSTYLE
  5
36
102
{ACAD_REACTORS
330
2A
102
}
102
{ACAD_XDICTIONARY
360
166
102
}
330
2A
100
AcDbVisualStyle
  2
Brighten
 70
    12
 71
     2
 72
     2
 73
     0
 90
        0
 40
0.6
 41
30.0
 62
     5
 63
     7
421
 16777215
 74
     1
 91
        4
 64
     7
 65
   257
 75
     1
175
     1
 42
1.0
 92
        8
 66
     7
 43
1.0
 76
     1
 77
     6
 78
     2
 67
     7
 79
     5
170
     0
171
     0
290
     0
174
     0
 93
        1
 44
50.0
173
     0
291
     1
 45
0.0
1001
ACAD
1000
AcDbSavedByObjectVersion
1070
     0
  0
VISUALSTYLE
  5
3A
102
{ACAD_REACTORS
330
2A
102
}
102
{ACAD_XDICTIONARY
360
16E
102
}
330
2A
100
AcDbVisualStyle
  2
ColorChange
 70
    16
 71
     2
 72
     2
 73
     3
 90
        0
 40
0.6
 41
30.0
 62
     5
 63
     8
421
  8421504
 74
     1
 91
        4
 64
     7
 65
   257
 75
     1
175
     1
 42
1.0
 92
        8
 66
     8
424
  8421504
 43
1.0
 76
     1
 77
     6
 78
     2
 67
     7
 79
     5
170
     0
171
     0
290
     0
174
     0
 93
        1
 44
0.0
173
     0
291
     1
 45
0.0
1001
ACAD
1000
AcDbSavedByObjectVersion
1070
     0
  0
VISUALSTYLE
  5
34
102
{ACAD_REACTORS
330
2A
102
}
102
{ACAD_XDICTIONARY
360
162
102
}
330
2A
100
AcDbVisualStyle
  2
Conceptual
 70
     9
 71
     3
 72
     2
 73
     0
 90
        0
 40
0.6
 41
30.0
 62
     5
 63
     7
421
 16777215
 74
     2
 91
        2
 64
     7
 65
   257
 75
     1
175
     1
 42
179.0
 92
        8
 66
     7
 43
1.0
 76
     1
 77
     6
 78
     2
 67
     7
 79
     3
170
     0
171
     0
290
     0
174
     0
 93
        1
 44
0.0
173
     0
291
     0
 45
0.0
1001
ACAD
1000
AcDbSavedByObjectVersion
1070
     0
  0
VISUALSTYLE
  5
35
102
{ACAD_REACTORS
330
2A
102
}
102
{ACAD_XDICTIONARY
360
164
102
}
330
2A
100
AcDbVisualStyle
  2
Dim
 70
    11
 71
     2
 72
     2
 73
     0
 90
        0
 40
0.6
 41
30.0
 62
     5
 63
     7
421
 16777215
 74
     1
 91
        4
 64
     7
 65
   257
 75
     1
175
     1
 42
1.0
 92
        8
 66
     7
 43
1.0
 76
     1
 77
     6
 78
     2
 67
     7
 79
     5
170
     0
171
     0
290
     0
174
     0
 93
        1
 44
-50.0
173
     0
291
     1
 45
0.0
1001
ACAD
1000
AcDbSavedByObjectVersion
1070
     0
  0
VISUALSTYLE
  5
3D
102
{ACAD_REACTORS
330
2A
102
}
102
{ACAD_XDICTIONARY
360
174
102
}
330
2A
100
AcDbVisualStyle
  2
EdgeColorOff
 70
    22
 71
     2
 72
     2
 73
     0
 90
        0
 40
0.6
 41
30.0
 62
     5
 63
     7
421
 16777215
 74
     1
 91
        4
 64
     7
 65
   257
 75
     1
175
     1
 42
1.0
 92
        8
 66
     7
 43
1.0
 76
     1
 77
     6
 78
     2
 67
     7
 79
     5
170
     0
171
     0
290
     0
174
     0
 93
        1
 44
0.0
173
     0
291
     1
 45
0.0
1001
ACAD
1000
AcDbSavedByObjectVersion
1070
     0
  0
VISUALSTYLE
  5
39
102
{ACAD_REACTORS
330
2A
102
}
102
{ACAD_XDICTIONARY
360
16C
102
}
330
2A
100
AcDbVisualStyle
  2
Facepattern
 70
    15
 71
     2
 72
     2
 73
     0
 90
        0
 40
0.6
 41
30.0
 62
     5
 63
     7
421
 16777215
 74
     1
 91
        4
 64
     7
 65
   257
 75
     1
175
     1
 42
1.0
 92
        8
 66
     7
 43
1.0
 76
     1
 77
     6
 78
     2
 67
     7
 79
     5
170
     0
171
     0
290
     0
174
     0
 93
        1
 44
0.0
173
     0
291
     1
 45
0.0
1001
ACAD
1000
AcDbSavedByObjectVersion
1070
     0
  0
VISUALSTYLE
  5
2B
102
{ACAD_REACTORS
330
2A
102
}
102
{ACAD_XDICTIONARY
360
150
102
}
330
2A
100
AcDbVisualStyle
  2
Flat
 70
     0
 71
     2
 72
     1
 73
     1
 90
        2
 40
0.6
 41
30.0
 62
     5
 63
     7
421
 16777215
 74
     0
 91
        0
 64
     7
 65
   257
 75
     1
175
     1
 42
1.0
 92
        8
 66
     7
 43
1.0
 76
     1
 77
     6
 78
     2
 67
     7
 79
     5
170
     0
171
     0
290
     0
174
     0
 93
       13
 44
0.0
173
     0
291
     1
 45
0.0
1001
ACAD
1000
AcDbSavedByObjectVersion
1070
     0
  0
VISUALSTYLE
  5
2C
102
{ACAD_REACTORS
330
2A
102
}
102
{ACAD_XDICTIONARY
360
152
102
}
330
2A
100
AcDbVisualStyle
  2
FlatWithEdges
 70
     1
 71
     2
 72
     1
 73
     1
 90
        2
 40
0.6
 41
30.0
 62
     5
 63
     7
421
 16777215
 74
     1
 91
        0
 64
     7
 65
   257
 75
     1
175
     1
 42
1.0
 92
        0
 66
   257
 43
1.0
 76
     1
 77
     6
 78
     2
 67
     7
 79
     5
170
     0
171
     0
290
     0
174
     0
 93
       13
 44
0.0
173
     0
291
     1
 45
0.0
1001
ACAD
1000
AcDbSavedByObjectVersion
1070
     0
  0
VISUALSTYLE
  5
2D
102
{ACAD_REACTORS
330
2A
102
}
102
{ACAD_XDICTIONARY
360
154
102
}
330
2A
100
AcDbVisualStyle
  2
Gouraud
 70
     2
 71
     2
 72
     2
 73
     1
 90
        2
 40
0.6
 41
30.0
 62
     5
 63
     7
421
 16777215
 74
     0
 91
        0
 64
     7
 65
   257
 75
     1
175
     1
 42
1.0
 92
        0
 66
     7
 43
1.0
 76
     1
 77
     6
 78
     2
 67
     7
 79
     5
170
     0
171
     0
290
     0
174
     0
 93
       13
 44
0.0
173
     0
291
     1
 45
0.0
1001
ACAD
1000
AcDbSavedByObjectVersion
1070
     0
  0
VISUALSTYLE
  5
2E
102
{ACAD_REACTORS
330
2A
102
}
102
{ACAD_XDICTIONARY
360
156
102
}
330
2A
100
AcDbVisualStyle
  2
GouraudWithEdges
 70
     3
 71
     2
 72
     2
 73
     1
 90
        2
 40
0.6
 41
30.0
 62
     5
 63
     7
421
 16777215
 74
     1
 91
        0
 64
     7
 65
   257
 75
     1
175
     1
 42
1.0
 92
        0
 66
   257
 43
1.0
 76
     1
 77
     6
 78
     2
 67
     7
 79
     5
170
     0
171
     0
290
     0
174
     0
 93
       13
 44
0.0
173
     0
291
     1
 45
0.0
1001
ACAD
1000
AcDbSavedByObjectVersion
1070
     0
  0
VISUALSTYLE
  5
31
102
{ACAD_REACTORS
330
2A
102
}
102
{ACAD_XDICTIONARY
360
15C
102
}
330
2A
100
AcDbVisualStyle
  2
Hidden
 70
     6
 71
     1
 72
     2
 73
     2
 90
        0
 40
0.6
 41
30.0
 62
     5
 63
     7
421
 16777215
 74
     2
 91
        2
 64
     7
 65
   257
 75
     2
175
     1
 42
40.0
 92
        0
 66
   257
 43
1.0
 76
     1
 77
     6
 78
     2
 67
     7
 79
     3
170
     0
171
     0
290
     0
174
     0
 93
        1
 44
0.0
173
     0
291
     0
 45
0.0
1001
ACAD
1000
AcDbSavedByObjectVersion
1070
     0
  0
VISUALSTYLE
  5
3B
102
{ACAD_REACTORS
330
2A
102
}
102
{ACAD_XDICTIONARY
360
170
102
}
330
2A
100
AcDbVisualStyle
  2
JitterOff
 70
    20
 71
     2
 72
     2
 73
     0
 90
        0
 40
0.6
 41
30.0
 62
     5
 63
     7
421
 16777215
 74
     1
 91
        4
 64
     7
 65
   257
 75
     1
175
     1
 42
1.0
 92
       10
 66
     7
 43
1.0
 76
     1
 77
     6
 78
     2
 67
     7
 79
     5
170
     0
171
     0
290
     0
174
     0
 93
        1
 44
0.0
173
     0
291
     1
 45
0.0
1001
ACAD
1000
AcDbSavedByObjectVersion
1070
     0
  0
VISUALSTYLE
  5
38
102
{ACAD_REACTORS
330
2A
102
}
102
{ACAD_XDICTIONARY
360
16A
102
}
330
2A
100
AcDbVisualStyle
  2
Linepattern
 70
    14
 71
     2
 72
     2
 73
     0
 90
        0
 40
0.6
 41
30.0
 62
     5
 63
     7
421
 16777215
 74
     1
 91
        4
 64
     7
 65
   257
 75
     7
175
     7
 42
1.0
 92
        8
 66
     7
 43
1.0
 76
     1
 77
     6
 78
     2
 67
     7
 79
     5
170
     0
171
     0
290
     0
174
     0
 93
        1
 44
0.0
173
     0
291
     1
 45
0.0
1001
ACAD
1000
AcDbSavedByObjectVersion
1070
     0
  0
VISUALSTYLE
  5
3C
102
{ACAD_REACTORS
330
2A
102
}
102
{ACAD_XDICTIONARY
360
172
102
}
330
2A
100
AcDbVisualStyle
  2
OverhangOff
 70
    21
 71
     2
 72
     2
 73
     0
 90
        0
 40
0.6
 41
30.0
 62
     5
 63
     7
421
 16777215
 74
     1
 91
        4
 64
     7
 65
   257
 75
     1
175
     1
 42
1.0
 92
        9
 66
     7
 43
1.0
 76
     1
 77
     6
 78
     2
 67
     7
 79
     5
170
     0
171
     0
290
     0
174
     0
 93
        1
 44
0.0
173
     0
291
     1
 45
0.0
1001
ACAD
1000
AcDbSavedByObjectVersion
1070
     0
  0
VISUALSTYLE
  5
33
102
{ACAD_REACTORS
330
2A
102
}
102
{ACAD_XDICTIONARY
360
160
102
}
330
2A
100
AcDbVisualStyle
  2
Realistic
 70
     8
 71
     2
 72
     3
 73
     0
 90
        2
 40
0.6
 41
30.0
 62
     5
 63
     7
421
 16777215
 74
     0
 91
        0
 64
     7
 65
   257
 75
     1
175
     1
 42
1.0
 92
        8
 66
   257
 43
1.0
 76
     1
 77
     6
 78
     2
 67
     7
 79
     3
170
     0
171
     0
290
     0
174
     0
 93
       13
 44
0.0
173
     0
291
     0
 45
0.0
1001
ACAD
1000
AcDbSavedByObjectVersion
1070
     0
  0
VISUALSTYLE
  5
42
102
{ACAD_REACTORS
330
2A
102
}
102
{ACAD_XDICTIONARY
360
17E
102
}
330
2A
100
AcDbVisualStyle
  2
Shaded
 70
    27
 71
     2
 72
     2
 73
     1
 90
        2
 40
0.6
 41
30.0
 62
     5
 63
     7
421
 16777215
 74
     0
 91
        4
 64
     7
 65
   257
 75
     1
175
     1
 42
1.0
 92
        8
 66
   257
 43
1.0
 76
     1
 77
     6
 78
     2
 67
     8
425
  7895160
 79
     3
170
     0
171
     0
290
     0
174
     0
 93
        5
 44
0.0
173
     0
291
     0
 45
0.0
1001
ACAD
1000
AcDbSavedByObjectVersion
1070
     0
  0
VISUALSTYLE
  5
41
102
{ACAD_REACTORS
330
2A
102
}
102
{ACAD_XDICTIONARY
360
17C
102
}
330
2A
100
AcDbVisualStyle
  2
Shaded with edges
 70
    26
 71
     2
 72
     2
 73
     1
 90
        2
 40
0.6
 41
30.0
 62
     5
 63
     7
421
 16777215
 74
     1
 91
       10
 64
     7
 65
   257
 75
     2
175
     1
 42
1.0
 92
        8
 66
   257
 43
1.0
 76
     1
 77
     6
 78
     2
 67
     7
 79
     3
170
     0
171
     0
290
     0
174
     0
 93
        5
 44
0.0
173
     0
291
     0
 45
0.0
1001
ACAD
1000
AcDbSavedByObjectVersion
1070
     0
  0
VISUALSTYLE
  5
3E
102
{ACAD_REACTORS
330
2A
102
}
102
{ACAD_XDICTIONARY
360
176
102
}
330
2A
100
AcDbVisualStyle
  2
Shades of Gray
 70
    23
 71
     2
 72
     2
 73
     3
 90
        0
 40
0.6
 41
30.0
 62
     5
 63
     7
421
 16777215
 74
     2
 91
        2
 64
     7
 65
     7
 75
     1
175
     1
 42
40.0
 92
        8
 66
     7
 43
1.0
 76
     1
 77
     6
 78
     2
 67
     7
 79
     3
170
     0
171
     0
290
     0
174
     0
 93
        1
 44
0.0
173
     0
291
     0
 45
0.0
1001
ACAD
1000
AcDbSavedByObjectVersion
1070
     0
  0
VISUALSTYLE
  5
3F
102
{ACAD_REACTORS
330
2A
102
}
102
{ACAD_XDICTIONARY
360
178
102
}
330
2A
100
AcDbVisualStyle
  2
Sketchy
 70
    24
 71
     1
 72
     2
 73
     2
 90
        0
 40
0.6
 41
30.0
 62
     5
 63
     7
421
 16777215
 74
     2
 91
        2
 64
     7
 65
     7
 75
     1
175
     1
 42
40.0
 92
       11
 66
     7
 43
1.0
 76
     1
 77
     6
 78
     2
 67
     7
 79
     6
170
     0
171
     0
290
     0
174
     0
 93
        1
 44
0.0
173
     0
291
     0
 45
0.0
1001
ACAD
1000
AcDbSavedByObjectVersion
1070
     0
  0
VISUALSTYLE
  5
37
102
{ACAD_REACTORS
330
2A
102
}
102
{ACAD_XDICTIONARY
360
168
102
}
330
2A
100
AcDbVisualStyle
  2
Thicken
 70
    13
 71
     2
 72
     2
 73
     0
 90
        0
 40
0.6
 41
30.0
 62
     5
 63
     7
421
 16777215
 74
     1
 91
        4
 64
     7
 65
   257
 75
     1
175
     1
 42
1.0
 92
       12
 66
     7
 43
1.0
 76
     1
 77
     6
 78
     2
 67
     7
 79
     5
170
     0
171
     0
290
     0
174
     0
 93
        1
 44
0.0
173
     0
291
     1
 45
0.0
1001
ACAD
1000
AcDbSavedByObjectVersion
1070
     0
  0
VISUALSTYLE
  5
30
102
{ACAD_REACTORS
330
2A
102
}
102
{ACAD_XDICTIONARY
360
15A
102
}
330
2A
100
AcDbVisualStyle
  2
Wireframe
 70
     5
 71
     0
 72
     2
 73
     0
 90
        0
 40
0.6
 41
30.0
 62
     5
 63
     7
421
 16777215
 74
     1
 91
        4
 64
     7
 65
   257
 75
     1
175
     1
 42
1.0
 92
        0
 66
   257
 43
1.0
 76
     1
 77
     6
 78
     2
 67
     7
 79
     3
170
     0
171
     0
290
     0
174
     0
 93
        1
 44
0.0
173
     0
291
     0
 45
0.0
1001
ACAD
1000
AcDbSavedByObjectVersion
1070
     0
  0
VISUALSTYLE
  5
40
102
{ACAD_REACTORS
330
2A
102
}
102
{ACAD_XDICTIONARY
360
17A
102
}
330
2A
100
AcDbVisualStyle
  2
X-Ray
 70
    25
 71
     2
 72
     2
 73
     1
 90
        1
 40
0.5
 41
30.0
 62
     5
 63
     7
421
 16777215
 74
     1
 91
        0
 64
     7
 65
   257
 75
     1
175
     1
 42
1.0
 92
        8
 66
     7
 43
1.0
 76
     1
 77
     6
 78
     2
 67
     7
 79
     3
170
     0
171
     0
290
     0
174
     0
 93
       13
 44
0.0
173
     0
291
     0
 45
0.0
1001
ACAD
1000
AcDbSavedByObjectVersion
1070
     0
  0
DICTIONARYVAR
  5
14D
102
{ACAD_REACTORS
330
14C
102
}
330
14C
100
DictionaryVariables
280
     0
  1
1:1
  0
DICTIONARYVAR
  5
18E
102
{ACAD_REACTORS
330
14C
102
}
330
14C
100
DictionaryVariables
280
     0
  1
Standard
  0
DICTIONARYVAR
  5
18D
102
{ACAD_REACTORS
330
14C
102
}
330
14C
100
DictionaryVariables
280
     0
  1
Standard
  0
DICTIONARYVAR
  5
14E
102
{ACAD_REACTORS
330
14C
102
}
330
14C
100
DictionaryVariables
280
     0
  1
1
  0
DICTIONARYVAR
  5
14F
102
{ACAD_REACTORS
330
14C
102
}
330
14C
100
DictionaryVariables
280
     0
  1
2
  0
DICTIONARY
  5
182
330
45
100
AcDbDictionary
280
     1
281
     1
  3
ACAD_XREC_ROUNDTRIP
360
183
  0
DICTIONARY
  5
180
330
44
100
AcDbDictionary
280
     1
281
     1
  3
ACAD_XREC_ROUNDTRIP
360
181
  0
DICTIONARY
  5
184
330
46
100
AcDbDictionary
280
     1
281
     1
  3
ACAD_XREC_ROUNDTRIP
360
185
  0
DICTIONARY
  5
18A
330
6C
100
AcDbDictionary
280
     1
281
     1
  3
ACAD_XREC_ROUNDTRIP
360
18B
  0
DICTIONARY
  5
186
330
6A
100
AcDbDictionary
280
     1
281
     1
  3
ACAD_ROUNDTRIP_2008_TABLESTYLE_CELLSTYLEMAP
360
188
  3
ACAD_XREC_ROUNDTRIP
360
187
  0
DICTIONARY
  5
158
330
2F
100
AcDbDictionary
280
     1
281
     1
  3
ACAD_XREC_ROUNDTRIP
360
159
  0
DICTIONARY
  5
15E
330
32
100
AcDbDictionary
280
     1
281
     1
  3
ACAD_XREC_ROUNDTRIP
360
15F
  0
DICTIONARY
  5
166
330
36
100
AcDbDictionary
280
     1
281
     1
  3
ACAD_XREC_ROUNDTRIP
360
167
  0
DICTIONARY
  5
16E
330
3A
100
AcDbDictionary
280
     1
281
     1
  3
ACAD_XREC_ROUNDTRIP
360
16F
  0
DICTIONARY
  5
162
330
34
100
AcDbDictionary
280
     1
281
     1
  3
ACAD_XREC_ROUNDTRIP
360
163
  0
DICTIONARY
  5
164
330
35
100
AcDbDictionary
280
     1
281
     1
  3
ACAD_XREC_ROUNDTRIP
360
165
  0
DICTIONARY
  5
174
330
3D
100
AcDbDictionary
280
     1
281
     1
  3
ACAD_XREC_ROUNDTRIP
360
175
  0
DICTIONARY
  5
16C
330
39
100
AcDbDictionary
280
     1
281
     1
  3
ACAD_XREC_ROUNDTRIP
360
16D
  0
DICTIONARY
  5
150
330
2B
100
AcDbDictionary
280
     1
281
     1
  3
ACAD_XREC_ROUNDTRIP
360
151
  0
DICTIONARY
  5
152
330
2C
100
AcDbDictionary
280
     1
281
     1
  3
ACAD_XREC_ROUNDTRIP
360
153
  0
DICTIONARY
  5
154
330
2D
100
AcDbDictionary
280
     1
281
     1
  3
ACAD_XREC_ROUNDTRIP
360
155
  0
DICTIONARY
  5
156
330
2E
100
AcDbDictionary
280
     1
281
     1
  3
ACAD_XREC_ROUNDTRIP
360
157
  0
DICTIONARY
  5
15C
330
31
100
AcDbDictionary
280
     1
281
     1
  3
ACAD_XREC_ROUNDTRIP
360
15D
  0
DICTIONARY
  5
170
330
3B
100
AcDbDictionary
280
     1
281
     1
  3
ACAD_XREC_ROUNDTRIP
360
171
  0
DICTIONARY
  5
16A
330
38
100
AcDbDictionary
280
     1
281
     1
  3
ACAD_XREC_ROUNDTRIP
360
16B
  0
DICTIONARY
  5
172
330
3C
100
AcDbDictionary
280
     1
281
     1
  3
ACAD_XREC_ROUNDTRIP
360
173
  0
DICTIONARY
  5
160
330
33
100
AcDbDictionary
280
     1
281
     1
  3
ACAD_XREC_ROUNDTRIP
360
161
  0
DICTIONARY
  5
17E
330
42
100
AcDbDictionary
280
     1
281
     1
  3
ACAD_XREC_ROUNDTRIP
360
17F
  0
DICTIONARY
  5
17C
330
41
100
AcDbDictionary
280
     1
281
     1
  3
ACAD_XREC_ROUNDTRIP
360
17D
  0
DICTIONARY
  5
176
330
3E
100
AcDbDictionary
280
     1
281
     1
  3
ACAD_XREC_ROUNDTRIP
360
177
  0
DICTIONARY
  5
178
330
3F
100
AcDbDictionary
280
     1
281
     1
  3
ACAD_XREC_ROUNDTRIP
360
179
  0
DICTIONARY
  5
168
330
37
100
AcDbDictionary
280
     1
281
     1
  3
ACAD_XREC_ROUNDTRIP
360
169
  0
DICTIONARY
  5
15A
330
30
100
AcDbDictionary
280
     1
281
     1
  3
ACAD_XREC_ROUNDTRIP
360
15B
  0
DICTIONARY
  5
17A
330
40
100
AcDbDictionary
280
     1
281
     1
  3
ACAD_XREC_ROUNDTRIP
360
17B
  0
XRECORD
  5
183
102
{ACAD_REACTORS
330
182
102
}
330
182
100
AcDbXrecord
280
     1
102
MATERIAL
148
0.0
149
0.0
149
0.0
 93
        0
 94
      127
282
     0
 72
     1
 77
     1
171
     1
175
     1
179
     1
273
     0
  0
XRECORD
  5
181
102
{ACAD_REACTORS
330
180
102
}
330
180
100
AcDbXrecord
280
     1
102
MATERIAL
148
0.0
149
0.0
149
0.0
 93
        0
 94
      127
282
     0
 72
     1
 77
     1
171
     1
175
     1
179
     1
273
     0
  0
XRECORD
  5
185
102
{ACAD_REACTORS
330
184
102
}
330
184
100
AcDbXrecord
280
     1
102
MATERIAL
148
0.0
149
0.0
149
0.0
 93
        0
 94
      127
282
     0
 72
     1
 77
     1
171
     1
175
     1
179
     1
273
     0
  0
XRECORD
  5
18B
102
{ACAD_REACTORS
330
18A
102
}
330
18A
100
AcDbXrecord
280
     1
102
ACAD_ROUNDTRIP_2010_MLEADER_STYLE
  0
CELLSTYLEMAP
  5
188
102
{ACAD_REACTORS
330
186
102
}
330
186
100
AcDbCellStyleMap
 90
        3
300
CELLSTYLE
  1
TABLEFORMAT_BEGIN
 90
        5
170
     1
 91
        0
 92
    32768
 62
   257
 93
        1
300
CONTENTFORMAT
  1
CONTENTFORMAT_BEGIN
 90
        0
 91
        0
 92
        4
 93
        0
300

 40
0.0
140
1.0
 94
        5
 62
     0
340
11
144
0.25
309
CONTENTFORMAT_END
171
     1
301
MARGIN
  1
CELLMARGIN_BEGIN
 40
0.06
 40
0.06
 40
0.06
 40
0.06
 40
0.06
 40
0.06
309
CELLMARGIN_END
 94
        6
 95
        1
302
GRIDFORMAT
  1
GRIDFORMAT_BEGIN
 90
        0
 91
        1
 62
     0
 92
       -2
340
14
 93
        0
 40
0.045
309
GRIDFORMAT_END
 95
        2
302
GRIDFORMAT
  1
GRIDFORMAT_BEGIN
 90
        0
 91
        1
 62
     0
 92
       -2
340
14
 93
        0
 40
0.045
309
GRIDFORMAT_END
 95
        4
302
GRIDFORMAT
  1
GRIDFORMAT_BEGIN
 90
        0
 91
        1
 62
     0
 92
       -2
340
14
 93
        0
 40
0.045
309
GRIDFORMAT_END
 95
        8
302
GRIDFORMAT
  1
GRIDFORMAT_BEGIN
 90
        0
 91
        1
 62
     0
 92
       -2
340
14
 93
        0
 40
0.045
309
GRIDFORMAT_END
 95
       16
302
GRIDFORMAT
  1
GRIDFORMAT_BEGIN
 90
        0
 91
        1
 62
     0
 92
       -2
340
14
 93
        0
 40
0.045
309
GRIDFORMAT_END
 95
       32
302
GRIDFORMAT
  1
GRIDFORMAT_BEGIN
 90
        0
 91
        1
 62
     0
 92
       -2
340
14
 93
        0
 40
0.045
309
GRIDFORMAT_END
309
TABLEFORMAT_END
  1
CELLSTYLE_BEGIN
 90
        1
 91
        1
300
_TITLE
309
CELLSTYLE_END
300
CELLSTYLE
  1
TABLEFORMAT_BEGIN
 90
        5
170
     1
 91
        0
 92
        0
 62
   257
 93
        1
300
CONTENTFORMAT
  1
CONTENTFORMAT_BEGIN
 90
        0
 91
        0
 92
        4
 93
        0
300

 40
0.0
140
1.0
 94
        5
 62
     0
340
11
144
0.18
309
CONTENTFORMAT_END
171
     1
301
MARGIN
  1
CELLMARGIN_BEGIN
 40
0.06
 40
0.06
 40
0.06
 40
0.06
 40
0.06
 40
0.06
309
CELLMARGIN_END
 94
        6
 95
        1
302
GRIDFORMAT
  1
GRIDFORMAT_BEGIN
 90
        0
 91
        1
 62
     0
 92
       -2
340
14
 93
        0
 40
0.045
309
GRIDFORMAT_END
 95
        2
302
GRIDFORMAT
  1
GRIDFORMAT_BEGIN
 90
        0
 91
        1
 62
     0
 92
       -2
340
14
 93
        0
 40
0.045
309
GRIDFORMAT_END
 95
        4
302
GRIDFORMAT
  1
GRIDFORMAT_BEGIN
 90
        0
 91
        1
 62
     0
 92
       -2
340
14
 93
        0
 40
0.045
309
GRIDFORMAT_END
 95
        8
302
GRIDFORMAT
  1
GRIDFORMAT_BEGIN
 90
        0
 91
        1
 62
     0
 92
       -2
340
14
 93
        0
 40
0.045
309
GRIDFORMAT_END
 95
       16
302
GRIDFORMAT
  1
GRIDFORMAT_BEGIN
 90
        0
 91
        1
 62
     0
 92
       -2
340
14
 93
        0
 40
0.045
309
GRIDFORMAT_END
 95
       32
302
GRIDFORMAT
  1
GRIDFORMAT_BEGIN
 90
        0
 91
        1
 62
     0
 92
       -2
340
14
 93
        0
 40
0.045
309
GRIDFORMAT_END
309
TABLEFORMAT_END
  1
CELLSTYLE_BEGIN
 90
        2
 91
        1
300
_HEADER
309
CELLSTYLE_END
300
CELLSTYLE
  1
TABLEFORMAT_BEGIN
 90
        5
170
     1
 91
        0
 92
        0
 62
   257
 93
        1
300
CONTENTFORMAT
  1
CONTENTFORMAT_BEGIN
 90
        0
 91
        0
 92
        4
 93
        0
300

 40
0.0
140
1.0
 94
        2
 62
     0
340
11
144
0.18
309
CONTENTFORMAT_END
171
     1
301
MARGIN
  1
CELLMARGIN_BEGIN
 40
0.06
 40
0.06
 40
0.06
 40
0.06
 40
0.06
 40
0.06
309
CELLMARGIN_END
 94
        6
 95
        1
302
GRIDFORMAT
  1
GRIDFORMAT_BEGIN
 90
        0
 91
        1
 62
     0
 92
       -2
340
14
 93
        0
 40
0.045
309
GRIDFORMAT_END
 95
        2
302
GRIDFORMAT
  1
GRIDFORMAT_BEGIN
 90
        0
 91
        1
 62
     0
 92
       -2
340
14
 93
        0
 40
0.045
309
GRIDFORMAT_END
 95
        4
302
GRIDFORMAT
  1
GRIDFORMAT_BEGIN
 90
        0
 91
        1
 62
     0
 92
       -2
340
14
 93
        0
 40
0.045
309
GRIDFORMAT_END
 95
        8
302
GRIDFORMAT
  1
GRIDFORMAT_BEGIN
 90
        0
 91
        1
 62
     0
 92
       -2
340
14
 93
        0
 40
0.045
309
GRIDFORMAT_END
 95
       16
302
GRIDFORMAT
  1
GRIDFORMAT_BEGIN
 90
        0
 91
        1
 62
     0
 92
       -2
340
14
 93
        0
 40
0.045
309
GRIDFORMAT_END
 95
       32
302
GRIDFORMAT
  1
GRIDFORMAT_BEGIN
 90
        0
 91
        1
 62
     0
 92
       -2
340
14
 93
        0
 40
0.045
309
GRIDFORMAT_END
309
TABLEFORMAT_END
  1
CELLSTYLE_BEGIN
 90
        3
 91
        2
300
_DATA
309
CELLSTYLE_END
  0
XRECORD
  5
187
102
{ACAD_REACTORS
330
186
102
}
330
186
100
AcDbXrecord
280
     1
102
ACAD_ROUNDTRIP_PRE2007_TABLESTYLE
 90
        4
 91
        0
  1

 92
        4
 93
        0
  2

 94
        4
 95
        0
  3

  0
XRECORD
  5
159
102
{ACAD_REACTORS
330
158
102
}
330
158
100
AcDbXrecord
280
     1
102
RTVSPropertyOp0
 70
     1
102
RTVSPropertyOp1
 70
     1
102
RTVSPropertyOp2
 70
     1
102
RTVSPropertyOp3
 70
     1
102
RTVSPropertyOp4
 70
     1
102
RTVSPropertyOp5
 70
     1
102
RTVSPropertyOp6
 70
     1
102
RTVSPropertyOp7
 70
     1
102
RTVSPropertyOp8
 70
     1
102
RTVSPropertyOp9
 70
     1
102
RTVSPropertyOp10
 70
     1
102
RTVSPropertyOp11
 70
     1
102
RTVSPropertyOp12
 70
     1
102
RTVSPropertyOp13
 70
     1
102
RTVSPropertyOp14
 70
     1
102
RTVSPropertyOp15
 70
     1
102
RTVSPropertyOp16
 70
     1
102
RTVSPropertyOp17
 70
     1
102
RTVSPropertyOp18
 70
     1
102
RTVSPropertyOp19
 70
     1
102
RTVSPropertyOp20
 70
     1
102
RTVSPropertyOp21
 70
     1
102
RTVSPropertyOp22
 70
     1
102
RTVSPropertyOp23
 70
     1
102
RTVSPropertyOp24
 70
     1
102
RTVSPropertyOp25
 70
     1
102
RTVSPropertyOp26
 70
     1
102
RTVSPropertyOp27
 70
     1
102
RTVSPropertyOp28
 70
     1
102
RTVSPropertyOp29
 70
     1
102
RTVSPropertyOp30
 70
     1
102
RTVSPropertyOp31
 70
     1
102
RTVSPropertyOp32
 70
     1
102
RTVSPropertyOp33
 70
     1
102
RTVSPropertyOp34
 70
     1
102
RTVSPropertyOp35
 70
     1
102
RTVSPropertyOp36
 70
     1
102
RTVSPropertyOp37
 70
     1
102
RTVSPropertyOp38
 70
     1
102
RTVSPropertyOp39
 70
     1
102
RTVSPropertyOp40
 70
     1
102
RTVSPropertyOp41
 70
     1
102
RTVSPropertyOp42
 70
     1
102
RTVSPropertyOp43
 70
     1
102
RTVSPropertyOp44
 70
     1
102
RTVSPropertyOp45
 70
     1
102
RTVSPropertyOp46
 70
     1
102
RTVSPropertyOp47
 70
     1
102
RTVSPropertyOp48
 70
     1
102
RTVSPropertyOp49
 70
     1
102
RTVSPropertyOp50
 70
     1
102
RTVSPropertyOp51
 70
     0
102
RTVSPropertyOp52
 70
     0
102
RTVSPropertyOp53
 70
     1
102
RTVSPropertyOp54
 70
     1
102
RTVSPropertyOp55
 70
     1
102
RTVSPropertyOp56
 70
     1
102
RTVSPropertyOp57
 70
     1
102
RTVSPost2010Prop28
280
     1
102
RTVSPost2010PropOp28
 70
     1
102
RTVSPost2010Prop29
280
     1
102
RTVSPost2010PropOp29
 70
     1
102
RTVSPost2010Prop30
280
     0
102
RTVSPost2010PropOp30
 70
     1
102
RTVSPost2010Prop31
280
     0
102
RTVSPost2010PropOp31
 70
     1
102
RTVSPost2010Prop32
280
     0
102
RTVSPost2010PropOp32
 70
     1
102
RTVSPost2010Prop33
280
     0
102
RTVSPost2010PropOp33
 70
     1
102
RTVSPost2010Prop34
280
     0
102
RTVSPost2010PropOp34
 70
     1
102
RTVSPost2010Prop35
280
     0
102
RTVSPost2010PropOp35
 70
     1
102
RTVSPost2010Prop36
280
     0
102
RTVSPost2010PropOp36
 70
     1
102
RTVSPost2010Prop37
 90
       50
102
RTVSPost2010PropOp37
 70
     1
102
RTVSPost2010Prop38
140
0.0
102
RTVSPost2010PropOp38
 70
     1
102
RTVSPost2010Prop39
140
1.0
102
RTVSPost2010PropOp39
 70
     1
102
RTVSPost2010Prop40
 90
        0
102
RTVSPost2010PropOp40
 70
     1
102
RTVSPost2010Prop41ColorIndex
 90
       18
102
RTVSPost2010Prop41ColorRGB
 90
        0
102
RTVSPost2010PropOp41
 70
     1
102
RTVSPost2010Prop42
 90
       50
102
RTVSPost2010PropOp42
 70
     1
102
RTVSPost2010Prop43
 90
        3
102
RTVSPost2010PropOp43
 70
     1
102
RTVSPost2010Prop44ColorIndex
 90
        5
102
RTVSPost2010Prop44ColorRGB
 90
      255
102
RTVSPost2010PropOp44
 70
     1
102
RTVSPost2010Prop45
280
     0
102
RTVSPost2010PropOp45
 70
     1
102
RTVSPost2010Prop46
 90
       50
102
RTVSPost2010PropOp46
 70
     1
102
RTVSPost2010Prop47
 90
       50
102
RTVSPost2010PropOp47
 70
     1
102
RTVSPost2010Prop48
 90
       50
102
RTVSPost2010PropOp48
 70
     1
102
RTVSPost2010Prop49
280
     0
102
RTVSPost2010PropOp49
 70
     1
102
RTVSPost2010Prop50
 90
       50
102
RTVSPost2010PropOp50
 70
     1
102
RTVSPost2010Prop51ColorIndex
 90
      256
102
RTVSPost2010Prop51ColorRGB
 90
-16777216
102
RTVSPost2010PropOp51
 70
     0
102
RTVSPost2010Prop52
140
1.0
102
RTVSPost2010PropOp52
 70
     0
102
RTVSPost2010Prop53
 90
        2
102
RTVSPost2010PropOp53
 70
     1
102
RTVSPost2010Prop54
  1
strokes_ogs.tif
102
RTVSPost2010PropOp54
 70
     1
102
RTVSPost2010Prop55
280
     0
102
RTVSPost2010PropOp55
 70
     1
102
RTVSPost2010Prop56
140
1.0
102
RTVSPost2010PropOp56
 70
     1
102
RTVSPost2010Prop57
140
1.0
102
RTVSPost2010PropOp57
 70
     1
  0
XRECORD
  5
15F
102
{ACAD_REACTORS
330
15E
102
}
330
15E
100
AcDbXrecord
280
     1
102
RTVSPropertyOp0
 70
     1
102
RTVSPropertyOp1
 70
     1
102
RTVSPropertyOp2
 70
     1
102
RTVSPropertyOp3
 70
     1
102
RTVSPropertyOp4
 70
     1
102
RTVSPropertyOp5
 70
     1
102
RTVSPropertyOp6
 70
     1
102
RTVSPropertyOp7
 70
     1
102
RTVSPropertyOp8
 70
     1
102
RTVSPropertyOp9
 70
     1
102
RTVSPropertyOp10
 70
     1
102
RTVSPropertyOp11
 70
     1
102
RTVSPropertyOp12
 70
     1
102
RTVSPropertyOp13
 70
     1
102
RTVSPropertyOp14
 70
     1
102
RTVSPropertyOp15
 70
     1
102
RTVSPropertyOp16
 70
     1
102
RTVSPropertyOp17
 70
     1
102
RTVSPropertyOp18
 70
     1
102
RTVSPropertyOp19
 70
     1
102
RTVSPropertyOp20
 70
     1
102
RTVSPropertyOp21
 70
     1
102
RTVSPropertyOp22
 70
     1
102
RTVSPropertyOp23
 70
     1
102
RTVSPropertyOp24
 70
     1
102
RTVSPropertyOp25
 70
     1
102
RTVSPropertyOp26
 70
     1
102
RTVSPropertyOp27
 70
     1
102
RTVSPropertyOp28
 70
     1
102
RTVSPropertyOp29
 70
     1
102
RTVSPropertyOp30
 70
     1
102
RTVSPropertyOp31
 70
     1
102
RTVSPropertyOp32
 70
     1
102
RTVSPropertyOp33
 70
     1
102
RTVSPropertyOp34
 70
     1
102
RTVSPropertyOp35
 70
     1
102
RTVSPropertyOp36
 70
     1
102
RTVSPropertyOp37
 70
     1
102
RTVSPropertyOp38
 70
     1
102
RTVSPropertyOp39
 70
     1
102
RTVSPropertyOp40
 70
     1
102
RTVSPropertyOp41
 70
     1
102
RTVSPropertyOp42
 70
     1
102
RTVSPropertyOp43
 70
     1
102
RTVSPropertyOp44
 70
     1
102
RTVSPropertyOp45
 70
     1
102
RTVSPropertyOp46
 70
     1
102
RTVSPropertyOp47
 70
     1
102
RTVSPropertyOp48
 70
     1
102
RTVSPropertyOp49
 70
     1
102
RTVSPropertyOp50
 70
     1
102
RTVSPropertyOp51
 70
     0
102
RTVSPropertyOp52
 70
     0
102
RTVSPropertyOp53
 70
     1
102
RTVSPropertyOp54
 70
     1
102
RTVSPropertyOp55
 70
     1
102
RTVSPropertyOp56
 70
     1
102
RTVSPropertyOp57
 70
     1
102
RTVSPost2010Prop28
280
     0
102
RTVSPost2010PropOp28
 70
     1
102
RTVSPost2010Prop29
280
     1
102
RTVSPost2010PropOp29
 70
     1
102
RTVSPost2010Prop30
280
     1
102
RTVSPost2010PropOp30
 70
     1
102
RTVSPost2010Prop31
280
     0
102
RTVSPost2010PropOp31
 70
     1
102
RTVSPost2010Prop32
280
     0
102
RTVSPost2010PropOp32
 70
     1
102
RTVSPost2010Prop33
280
     0
102
RTVSPost2010PropOp33
 70
     1
102
RTVSPost2010Prop34
280
     0
102
RTVSPost2010PropOp34
 70
     1
102
RTVSPost2010Prop35
280
     0
102
RTVSPost2010PropOp35
 70
     1
102
RTVSPost2010Prop36
280
     0
102
RTVSPost2010PropOp36
 70
     1
102
RTVSPost2010Prop37
 90
       50
102
RTVSPost2010PropOp37
 70
     1
102
RTVSPost2010Prop38
140
0.0
102
RTVSPost2010PropOp38
 70
     1
102
RTVSPost2010Prop39
140
1.0
102
RTVSPost2010PropOp39
 70
     1
102
RTVSPost2010Prop40
 90
        0
102
RTVSPost2010PropOp40
 70
     1
102
RTVSPost2010Prop41ColorIndex
 90
       18
102
RTVSPost2010Prop41ColorRGB
 90
        0
102
RTVSPost2010PropOp41
 70
     1
102
RTVSPost2010Prop42
 90
       50
102
RTVSPost2010PropOp42
 70
     1
102
RTVSPost2010Prop43
 90
        3
102
RTVSPost2010PropOp43
 70
     1
102
RTVSPost2010Prop44ColorIndex
 90
        5
102
RTVSPost2010Prop44ColorRGB
 90
      255
102
RTVSPost2010PropOp44
 70
     1
102
RTVSPost2010Prop45
280
     0
102
RTVSPost2010PropOp45
 70
     1
102
RTVSPost2010Prop46
 90
       50
102
RTVSPost2010PropOp46
 70
     1
102
RTVSPost2010Prop47
 90
       50
102
RTVSPost2010PropOp47
 70
     1
102
RTVSPost2010Prop48
 90
       50
102
RTVSPost2010PropOp48
 70
     1
102
RTVSPost2010Prop49
280
     0
102
RTVSPost2010PropOp49
 70
     1
102
RTVSPost2010Prop50
 90
       50
102
RTVSPost2010PropOp50
 70
     1
102
RTVSPost2010Prop51ColorIndex
 90
      256
102
RTVSPost2010Prop51ColorRGB
 90
-16777216
102
RTVSPost2010PropOp51
 70
     0
102
RTVSPost2010Prop52
140
1.0
102
RTVSPost2010PropOp52
 70
     0
102
RTVSPost2010Prop53
 90
        2
102
RTVSPost2010PropOp53
 70
     1
102
RTVSPost2010Prop54
  1
strokes_ogs.tif
102
RTVSPost2010PropOp54
 70
     1
102
RTVSPost2010Prop55
280
     0
102
RTVSPost2010PropOp55
 70
     1
102
RTVSPost2010Prop56
140
1.0
102
RTVSPost2010PropOp56
 70
     1
102
RTVSPost2010Prop57
140
1.0
102
RTVSPost2010PropOp57
 70
     1
  0
XRECORD
  5
167
102
{ACAD_REACTORS
330
166
102
}
330
166
100
AcDbXrecord
280
     1
102
RTVSPropertyOp0
 70
     1
102
RTVSPropertyOp1
 70
     1
102
RTVSPropertyOp2
 70
     1
102
RTVSPropertyOp3
 70
     1
102
RTVSPropertyOp4
 70
     1
102
RTVSPropertyOp5
 70
     1
102
RTVSPropertyOp6
 70
     1
102
RTVSPropertyOp7
 70
     1
102
RTVSPropertyOp8
 70
     1
102
RTVSPropertyOp9
 70
     1
102
RTVSPropertyOp10
 70
     1
102
RTVSPropertyOp11
 70
     1
102
RTVSPropertyOp12
 70
     1
102
RTVSPropertyOp13
 70
     1
102
RTVSPropertyOp14
 70
     1
102
RTVSPropertyOp15
 70
     1
102
RTVSPropertyOp16
 70
     1
102
RTVSPropertyOp17
 70
     1
102
RTVSPropertyOp18
 70
     1
102
RTVSPropertyOp19
 70
     1
102
RTVSPropertyOp20
 70
     1
102
RTVSPropertyOp21
 70
     1
102
RTVSPropertyOp22
 70
     1
102
RTVSPropertyOp23
 70
     1
102
RTVSPropertyOp24
 70
     1
102
RTVSPropertyOp25
 70
     1
102
RTVSPropertyOp26
 70
     1
102
RTVSPropertyOp27
 70
     1
102
RTVSPropertyOp28
 70
     1
102
RTVSPropertyOp29
 70
     1
102
RTVSPropertyOp30
 70
     1
102
RTVSPropertyOp31
 70
     1
102
RTVSPropertyOp32
 70
     1
102
RTVSPropertyOp33
 70
     1
102
RTVSPropertyOp34
 70
     1
102
RTVSPropertyOp35
 70
     1
102
RTVSPropertyOp36
 70
     1
102
RTVSPropertyOp37
 70
     1
102
RTVSPropertyOp38
 70
     1
102
RTVSPropertyOp39
 70
     1
102
RTVSPropertyOp40
 70
     1
102
RTVSPropertyOp41
 70
     1
102
RTVSPropertyOp42
 70
     1
102
RTVSPropertyOp43
 70
     1
102
RTVSPropertyOp44
 70
     1
102
RTVSPropertyOp45
 70
     1
102
RTVSPropertyOp46
 70
     1
102
RTVSPropertyOp47
 70
     1
102
RTVSPropertyOp48
 70
     1
102
RTVSPropertyOp49
 70
     1
102
RTVSPropertyOp50
 70
     1
102
RTVSPropertyOp51
 70
     0
102
RTVSPropertyOp52
 70
     0
102
RTVSPropertyOp53
 70
     1
102
RTVSPropertyOp54
 70
     1
102
RTVSPropertyOp55
 70
     1
102
RTVSPropertyOp56
 70
     1
102
RTVSPropertyOp57
 70
     1
102
RTVSPost2010Prop28
280
     0
102
RTVSPost2010PropOp28
 70
     1
102
RTVSPost2010Prop29
280
     1
102
RTVSPost2010PropOp29
 70
     1
102
RTVSPost2010Prop30
280
     1
102
RTVSPost2010PropOp30
 70
     1
102
RTVSPost2010Prop31
280
     0
102
RTVSPost2010PropOp31
 70
     1
102
RTVSPost2010Prop32
280
     0
102
RTVSPost2010PropOp32
 70
     1
102
RTVSPost2010Prop33
280
     0
102
RTVSPost2010PropOp33
 70
     1
102
RTVSPost2010Prop34
280
     0
102
RTVSPost2010PropOp34
 70
     1
102
RTVSPost2010Prop35
280
     0
102
RTVSPost2010PropOp35
 70
     1
102
RTVSPost2010Prop36
280
     0
102
RTVSPost2010PropOp36
 70
     1
102
RTVSPost2010Prop37
 90
       50
102
RTVSPost2010PropOp37
 70
     1
102
RTVSPost2010Prop38
140
0.0
102
RTVSPost2010PropOp38
 70
     1
102
RTVSPost2010Prop39
140
1.0
102
RTVSPost2010PropOp39
 70
     1
102
RTVSPost2010Prop40
 90
        0
102
RTVSPost2010PropOp40
 70
     1
102
RTVSPost2010Prop41ColorIndex
 90
       18
102
RTVSPost2010Prop41ColorRGB
 90
        0
102
RTVSPost2010PropOp41
 70
     1
102
RTVSPost2010Prop42
 90
       50
102
RTVSPost2010PropOp42
 70
     1
102
RTVSPost2010Prop43
 90
        3
102
RTVSPost2010PropOp43
 70
     1
102
RTVSPost2010Prop44ColorIndex
 90
        5
102
RTVSPost2010Prop44ColorRGB
 90
      255
102
RTVSPost2010PropOp44
 70
     1
102
RTVSPost2010Prop45
280
     0
102
RTVSPost2010PropOp45
 70
     1
102
RTVSPost2010Prop46
 90
       50
102
RTVSPost2010PropOp46
 70
     1
102
RTVSPost2010Prop47
 90
       50
102
RTVSPost2010PropOp47
 70
     1
102
RTVSPost2010Prop48
 90
       50
102
RTVSPost2010PropOp48
 70
     1
102
RTVSPost2010Prop49
280
     0
102
RTVSPost2010PropOp49
 70
     1
102
RTVSPost2010Prop50
 90
       50
102
RTVSPost2010PropOp50
 70
     1
102
RTVSPost2010Prop51ColorIndex
 90
      256
102
RTVSPost2010Prop51ColorRGB
 90
-16777216
102
RTVSPost2010PropOp51
 70
     0
102
RTVSPost2010Prop52
140
1.0
102
RTVSPost2010PropOp52
 70
     0
102
RTVSPost2010Prop53
 90
        2
102
RTVSPost2010PropOp53
 70
     1
102
RTVSPost2010Prop54
  1
strokes_ogs.tif
102
RTVSPost2010PropOp54
 70
     1
102
RTVSPost2010Prop55
280
     0
102
RTVSPost2010PropOp55
 70
     1
102
RTVSPost2010Prop56
140
1.0
102
RTVSPost2010PropOp56
 70
     1
102
RTVSPost2010Prop57
140
1.0
102
RTVSPost2010PropOp57
 70
     1
  0
XRECORD
  5
16F
102
{ACAD_REACTORS
330
16E
102
}
330
16E
100
AcDbXrecord
280
     1
102
RTVSPropertyOp0
 70
     1
102
RTVSPropertyOp1
 70
     1
102
RTVSPropertyOp2
 70
     1
102
RTVSPropertyOp3
 70
     1
102
RTVSPropertyOp4
 70
     1
102
RTVSPropertyOp5
 70
     1
102
RTVSPropertyOp6
 70
     1
102
RTVSPropertyOp7
 70
     1
102
RTVSPropertyOp8
 70
     1
102
RTVSPropertyOp9
 70
     1
102
RTVSPropertyOp10
 70
     1
102
RTVSPropertyOp11
 70
     1
102
RTVSPropertyOp12
 70
     1
102
RTVSPropertyOp13
 70
     1
102
RTVSPropertyOp14
 70
     1
102
RTVSPropertyOp15
 70
     1
102
RTVSPropertyOp16
 70
     1
102
RTVSPropertyOp17
 70
     1
102
RTVSPropertyOp18
 70
     1
102
RTVSPropertyOp19
 70
     1
102
RTVSPropertyOp20
 70
     1
102
RTVSPropertyOp21
 70
     1
102
RTVSPropertyOp22
 70
     1
102
RTVSPropertyOp23
 70
     1
102
RTVSPropertyOp24
 70
     1
102
RTVSPropertyOp25
 70
     1
102
RTVSPropertyOp26
 70
     1
102
RTVSPropertyOp27
 70
     1
102
RTVSPropertyOp28
 70
     1
102
RTVSPropertyOp29
 70
     1
102
RTVSPropertyOp30
 70
     1
102
RTVSPropertyOp31
 70
     1
102
RTVSPropertyOp32
 70
     1
102
RTVSPropertyOp33
 70
     1
102
RTVSPropertyOp34
 70
     1
102
RTVSPropertyOp35
 70
     1
102
RTVSPropertyOp36
 70
     1
102
RTVSPropertyOp37
 70
     1
102
RTVSPropertyOp38
 70
     1
102
RTVSPropertyOp39
 70
     1
102
RTVSPropertyOp40
 70
     1
102
RTVSPropertyOp41
 70
     1
102
RTVSPropertyOp42
 70
     1
102
RTVSPropertyOp43
 70
     1
102
RTVSPropertyOp44
 70
     1
102
RTVSPropertyOp45
 70
     1
102
RTVSPropertyOp46
 70
     1
102
RTVSPropertyOp47
 70
     1
102
RTVSPropertyOp48
 70
     1
102
RTVSPropertyOp49
 70
     1
102
RTVSPropertyOp50
 70
     1
102
RTVSPropertyOp51
 70
     0
102
RTVSPropertyOp52
 70
     0
102
RTVSPropertyOp53
 70
     1
102
RTVSPropertyOp54
 70
     1
102
RTVSPropertyOp55
 70
     1
102
RTVSPropertyOp56
 70
     1
102
RTVSPropertyOp57
 70
     1
102
RTVSPost2010Prop28
280
     0
102
RTVSPost2010PropOp28
 70
     1
102
RTVSPost2010Prop29
280
     1
102
RTVSPost2010PropOp29
 70
     1
102
RTVSPost2010Prop30
280
     1
102
RTVSPost2010PropOp30
 70
     1
102
RTVSPost2010Prop31
280
     0
102
RTVSPost2010PropOp31
 70
     1
102
RTVSPost2010Prop32
280
     0
102
RTVSPost2010PropOp32
 70
     1
102
RTVSPost2010Prop33
280
     0
102
RTVSPost2010PropOp33
 70
     1
102
RTVSPost2010Prop34
280
     0
102
RTVSPost2010PropOp34
 70
     1
102
RTVSPost2010Prop35
280
     0
102
RTVSPost2010PropOp35
 70
     1
102
RTVSPost2010Prop36
280
     0
102
RTVSPost2010PropOp36
 70
     1
102
RTVSPost2010Prop37
 90
       50
102
RTVSPost2010PropOp37
 70
     1
102
RTVSPost2010Prop38
140
0.0
102
RTVSPost2010PropOp38
 70
     1
102
RTVSPost2010Prop39
140
1.0
102
RTVSPost2010PropOp39
 70
     1
102
RTVSPost2010Prop40
 90
        0
102
RTVSPost2010PropOp40
 70
     1
102
RTVSPost2010Prop41ColorIndex
 90
       18
102
RTVSPost2010Prop41ColorRGB
 90
        0
102
RTVSPost2010PropOp41
 70
     1
102
RTVSPost2010Prop42
 90
       50
102
RTVSPost2010PropOp42
 70
     1
102
RTVSPost2010Prop43
 90
        3
102
RTVSPost2010PropOp43
 70
     1
102
RTVSPost2010Prop44ColorIndex
 90
        5
102
RTVSPost2010Prop44ColorRGB
 90
      255
102
RTVSPost2010PropOp44
 70
     1
102
RTVSPost2010Prop45
280
     0
102
RTVSPost2010PropOp45
 70
     1
102
RTVSPost2010Prop46
 90
       50
102
RTVSPost2010PropOp46
 70
     1
102
RTVSPost2010Prop47
 90
       50
102
RTVSPost2010PropOp47
 70
     1
102
RTVSPost2010Prop48
 90
       50
102
RTVSPost2010PropOp48
 70
     1
102
RTVSPost2010Prop49
280
     0
102
RTVSPost2010PropOp49
 70
     1
102
RTVSPost2010Prop50
 90
       50
102
RTVSPost2010PropOp50
 70
     1
102
RTVSPost2010Prop51ColorIndex
 90
      256
102
RTVSPost2010Prop51ColorRGB
 90
-16777216
102
RTVSPost2010PropOp51
 70
     0
102
RTVSPost2010Prop52
140
1.0
102
RTVSPost2010PropOp52
 70
     0
102
RTVSPost2010Prop53
 90
        2
102
RTVSPost2010PropOp53
 70
     1
102
RTVSPost2010Prop54
  1
strokes_ogs.tif
102
RTVSPost2010PropOp54
 70
     1
102
RTVSPost2010Prop55
280
     0
102
RTVSPost2010PropOp55
 70
     1
102
RTVSPost2010Prop56
140
1.0
102
RTVSPost2010PropOp56
 70
     1
102
RTVSPost2010Prop57
140
1.0
102
RTVSPost2010PropOp57
 70
     1
  0
XRECORD
  5
163
102
{ACAD_REACTORS
330
162
102
}
330
162
100
AcDbXrecord
280
     1
102
RTVSPropertyOp0
 70
     1
102
RTVSPropertyOp1
 70
     1
102
RTVSPropertyOp2
 70
     1
102
RTVSPropertyOp3
 70
     1
102
RTVSPropertyOp4
 70
     1
102
RTVSPropertyOp5
 70
     1
102
RTVSPropertyOp6
 70
     1
102
RTVSPropertyOp7
 70
     1
102
RTVSPropertyOp8
 70
     1
102
RTVSPropertyOp9
 70
     1
102
RTVSPropertyOp10
 70
     1
102
RTVSPropertyOp11
 70
     1
102
RTVSPropertyOp12
 70
     1
102
RTVSPropertyOp13
 70
     1
102
RTVSPropertyOp14
 70
     1
102
RTVSPropertyOp15
 70
     1
102
RTVSPropertyOp16
 70
     1
102
RTVSPropertyOp17
 70
     1
102
RTVSPropertyOp18
 70
     1
102
RTVSPropertyOp19
 70
     1
102
RTVSPropertyOp20
 70
     1
102
RTVSPropertyOp21
 70
     1
102
RTVSPropertyOp22
 70
     1
102
RTVSPropertyOp23
 70
     1
102
RTVSPropertyOp24
 70
     1
102
RTVSPropertyOp25
 70
     1
102
RTVSPropertyOp26
 70
     1
102
RTVSPropertyOp27
 70
     1
102
RTVSPropertyOp28
 70
     1
102
RTVSPropertyOp29
 70
     1
102
RTVSPropertyOp30
 70
     1
102
RTVSPropertyOp31
 70
     1
102
RTVSPropertyOp32
 70
     1
102
RTVSPropertyOp33
 70
     1
102
RTVSPropertyOp34
 70
     1
102
RTVSPropertyOp35
 70
     1
102
RTVSPropertyOp36
 70
     1
102
RTVSPropertyOp37
 70
     1
102
RTVSPropertyOp38
 70
     1
102
RTVSPropertyOp39
 70
     1
102
RTVSPropertyOp40
 70
     1
102
RTVSPropertyOp41
 70
     1
102
RTVSPropertyOp42
 70
     1
102
RTVSPropertyOp43
 70
     1
102
RTVSPropertyOp44
 70
     1
102
RTVSPropertyOp45
 70
     1
102
RTVSPropertyOp46
 70
     1
102
RTVSPropertyOp47
 70
     1
102
RTVSPropertyOp48
 70
     1
102
RTVSPropertyOp49
 70
     1
102
RTVSPropertyOp50
 70
     1
102
RTVSPropertyOp51
 70
     0
102
RTVSPropertyOp52
 70
     0
102
RTVSPropertyOp53
 70
     1
102
RTVSPropertyOp54
 70
     1
102
RTVSPropertyOp55
 70
     1
102
RTVSPropertyOp56
 70
     1
102
RTVSPropertyOp57
 70
     1
102
RTVSPost2010Prop28
280
     0
102
RTVSPost2010PropOp28
 70
     1
102
RTVSPost2010Prop29
280
     1
102
RTVSPost2010PropOp29
 70
     1
102
RTVSPost2010Prop30
280
     1
102
RTVSPost2010PropOp30
 70
     1
102
RTVSPost2010Prop31
280
     0
102
RTVSPost2010PropOp31
 70
     1
102
RTVSPost2010Prop32
280
     0
102
RTVSPost2010PropOp32
 70
     1
102
RTVSPost2010Prop33
280
     0
102
RTVSPost2010PropOp33
 70
     1
102
RTVSPost2010Prop34
280
     0
102
RTVSPost2010PropOp34
 70
     1
102
RTVSPost2010Prop35
280
     0
102
RTVSPost2010PropOp35
 70
     1
102
RTVSPost2010Prop36
280
     0
102
RTVSPost2010PropOp36
 70
     1
102
RTVSPost2010Prop37
 90
       50
102
RTVSPost2010PropOp37
 70
     1
102
RTVSPost2010Prop38
140
0.0
102
RTVSPost2010PropOp38
 70
     1
102
RTVSPost2010Prop39
140
1.0
102
RTVSPost2010PropOp39
 70
     1
102
RTVSPost2010Prop40
 90
        0
102
RTVSPost2010PropOp40
 70
     1
102
RTVSPost2010Prop41ColorIndex
 90
       18
102
RTVSPost2010Prop41ColorRGB
 90
        0
102
RTVSPost2010PropOp41
 70
     1
102
RTVSPost2010Prop42
 90
       50
102
RTVSPost2010PropOp42
 70
     1
102
RTVSPost2010Prop43
 90
        3
102
RTVSPost2010PropOp43
 70
     1
102
RTVSPost2010Prop44ColorIndex
 90
        5
102
RTVSPost2010Prop44ColorRGB
 90
      255
102
RTVSPost2010PropOp44
 70
     1
102
RTVSPost2010Prop45
280
     0
102
RTVSPost2010PropOp45
 70
     1
102
RTVSPost2010Prop46
 90
       50
102
RTVSPost2010PropOp46
 70
     1
102
RTVSPost2010Prop47
 90
       50
102
RTVSPost2010PropOp47
 70
     1
102
RTVSPost2010Prop48
 90
       50
102
RTVSPost2010PropOp48
 70
     1
102
RTVSPost2010Prop49
280
     0
102
RTVSPost2010PropOp49
 70
     1
102
RTVSPost2010Prop50
 90
       50
102
RTVSPost2010PropOp50
 70
     1
102
RTVSPost2010Prop51ColorIndex
 90
      256
102
RTVSPost2010Prop51ColorRGB
 90
-16777216
102
RTVSPost2010PropOp51
 70
     0
102
RTVSPost2010Prop52
140
1.0
102
RTVSPost2010PropOp52
 70
     0
102
RTVSPost2010Prop53
 90
        2
102
RTVSPost2010PropOp53
 70
     1
102
RTVSPost2010Prop54
  1
strokes_ogs.tif
102
RTVSPost2010PropOp54
 70
     1
102
RTVSPost2010Prop55
280
     0
102
RTVSPost2010PropOp55
 70
     1
102
RTVSPost2010Prop56
140
1.0
102
RTVSPost2010PropOp56
 70
     1
102
RTVSPost2010Prop57
140
1.0
102
RTVSPost2010PropOp57
 70
     1
  0
XRECORD
  5
165
102
{ACAD_REACTORS
330
164
102
}
330
164
100
AcDbXrecord
280
     1
102
RTVSPropertyOp0
 70
     1
102
RTVSPropertyOp1
 70
     1
102
RTVSPropertyOp2
 70
     1
102
RTVSPropertyOp3
 70
     1
102
RTVSPropertyOp4
 70
     1
102
RTVSPropertyOp5
 70
     1
102
RTVSPropertyOp6
 70
     1
102
RTVSPropertyOp7
 70
     1
102
RTVSPropertyOp8
 70
     1
102
RTVSPropertyOp9
 70
     1
102
RTVSPropertyOp10
 70
     1
102
RTVSPropertyOp11
 70
     1
102
RTVSPropertyOp12
 70
     1
102
RTVSPropertyOp13
 70
     1
102
RTVSPropertyOp14
 70
     1
102
RTVSPropertyOp15
 70
     1
102
RTVSPropertyOp16
 70
     1
102
RTVSPropertyOp17
 70
     1
102
RTVSPropertyOp18
 70
     1
102
RTVSPropertyOp19
 70
     1
102
RTVSPropertyOp20
 70
     1
102
RTVSPropertyOp21
 70
     1
102
RTVSPropertyOp22
 70
     1
102
RTVSPropertyOp23
 70
     1
102
RTVSPropertyOp24
 70
     1
102
RTVSPropertyOp25
 70
     1
102
RTVSPropertyOp26
 70
     1
102
RTVSPropertyOp27
 70
     1
102
RTVSPropertyOp28
 70
     1
102
RTVSPropertyOp29
 70
     1
102
RTVSPropertyOp30
 70
     1
102
RTVSPropertyOp31
 70
     1
102
RTVSPropertyOp32
 70
     1
102
RTVSPropertyOp33
 70
     1
102
RTVSPropertyOp34
 70
     1
102
RTVSPropertyOp35
 70
     1
102
RTVSPropertyOp36
 70
     1
102
RTVSPropertyOp37
 70
     1
102
RTVSPropertyOp38
 70
     1
102
RTVSPropertyOp39
 70
     1
102
RTVSPropertyOp40
 70
     1
102
RTVSPropertyOp41
 70
     1
102
RTVSPropertyOp42
 70
     1
102
RTVSPropertyOp43
 70
     1
102
RTVSPropertyOp44
 70
     1
102
RTVSPropertyOp45
 70
     1
102
RTVSPropertyOp46
 70
     1
102
RTVSPropertyOp47
 70
     1
102
RTVSPropertyOp48
 70
     1
102
RTVSPropertyOp49
 70
     1
102
RTVSPropertyOp50
 70
     1
102
RTVSPropertyOp51
 70
     0
102
RTVSPropertyOp52
 70
     0
102
RTVSPropertyOp53
 70
     1
102
RTVSPropertyOp54
 70
     1
102
RTVSPropertyOp55
 70
     1
102
RTVSPropertyOp56
 70
     1
102
RTVSPropertyOp57
 70
     1
102
RTVSPost2010Prop28
280
     0
102
RTVSPost2010PropOp28
 70
     1
102
RTVSPost2010Prop29
280
     1
102
RTVSPost2010PropOp29
 70
     1
102
RTVSPost2010Prop30
280
     1
102
RTVSPost2010PropOp30
 70
     1
102
RTVSPost2010Prop31
280
     0
102
RTVSPost2010PropOp31
 70
     1
102
RTVSPost2010Prop32
280
     0
102
RTVSPost2010PropOp32
 70
     1
102
RTVSPost2010Prop33
280
     0
102
RTVSPost2010PropOp33
 70
     1
102
RTVSPost2010Prop34
280
     0
102
RTVSPost2010PropOp34
 70
     1
102
RTVSPost2010Prop35
280
     0
102
RTVSPost2010PropOp35
 70
     1
102
RTVSPost2010Prop36
280
     0
102
RTVSPost2010PropOp36
 70
     1
102
RTVSPost2010Prop37
 90
       50
102
RTVSPost2010PropOp37
 70
     1
102
RTVSPost2010Prop38
140
0.0
102
RTVSPost2010PropOp38
 70
     1
102
RTVSPost2010Prop39
140
1.0
102
RTVSPost2010PropOp39
 70
     1
102
RTVSPost2010Prop40
 90
        0
102
RTVSPost2010PropOp40
 70
     1
102
RTVSPost2010Prop41ColorIndex
 90
       18
102
RTVSPost2010Prop41ColorRGB
 90
        0
102
RTVSPost2010PropOp41
 70
     1
102
RTVSPost2010Prop42
 90
       50
102
RTVSPost2010PropOp42
 70
     1
102
RTVSPost2010Prop43
 90
        3
102
RTVSPost2010PropOp43
 70
     1
102
RTVSPost2010Prop44ColorIndex
 90
        5
102
RTVSPost2010Prop44ColorRGB
 90
      255
102
RTVSPost2010PropOp44
 70
     1
102
RTVSPost2010Prop45
280
     0
102
RTVSPost2010PropOp45
 70
     1
102
RTVSPost2010Prop46
 90
       50
102
RTVSPost2010PropOp46
 70
     1
102
RTVSPost2010Prop47
 90
       50
102
RTVSPost2010PropOp47
 70
     1
102
RTVSPost2010Prop48
 90
       50
102
RTVSPost2010PropOp48
 70
     1
102
RTVSPost2010Prop49
280
     0
102
RTVSPost2010PropOp49
 70
     1
102
RTVSPost2010Prop50
 90
       50
102
RTVSPost2010PropOp50
 70
     1
102
RTVSPost2010Prop51ColorIndex
 90
      256
102
RTVSPost2010Prop51ColorRGB
 90
-16777216
102
RTVSPost2010PropOp51
 70
     0
102
RTVSPost2010Prop52
140
1.0
102
RTVSPost2010PropOp52
 70
     0
102
RTVSPost2010Prop53
 90
        2
102
RTVSPost2010PropOp53
 70
     1
102
RTVSPost2010Prop54
  1
strokes_ogs.tif
102
RTVSPost2010PropOp54
 70
     1
102
RTVSPost2010Prop55
280
     0
102
RTVSPost2010PropOp55
 70
     1
102
RTVSPost2010Prop56
140
1.0
102
RTVSPost2010PropOp56
 70
     1
102
RTVSPost2010Prop57
140
1.0
102
RTVSPost2010PropOp57
 70
     1
  0
XRECORD
  5
175
102
{ACAD_REACTORS
330
174
102
}
330
174
100
AcDbXrecord
280
     1
102
RTVSPropertyOp0
 70
     0
102
RTVSPropertyOp1
 70
     0
102
RTVSPropertyOp2
 70
     0
102
RTVSPropertyOp3
 70
     0
102
RTVSPropertyOp4
 70
     0
102
RTVSPropertyOp5
 70
     0
102
RTVSPropertyOp6
 70
     0
102
RTVSPropertyOp7
 70
     0
102
RTVSPropertyOp8
 70
     0
102
RTVSPropertyOp9
 70
     0
102
RTVSPropertyOp10
 70
     0
102
RTVSPropertyOp11
 70
     0
102
RTVSPropertyOp12
 70
     0
102
RTVSPropertyOp13
 70
     0
102
RTVSPropertyOp14
 70
     2
102
RTVSPropertyOp15
 70
     0
102
RTVSPropertyOp16
 70
     0
102
RTVSPropertyOp17
 70
     0
102
RTVSPropertyOp18
 70
     0
102
RTVSPropertyOp19
 70
     0
102
RTVSPropertyOp20
 70
     0
102
RTVSPropertyOp21
 70
     0
102
RTVSPropertyOp22
 70
     0
102
RTVSPropertyOp23
 70
     0
102
RTVSPropertyOp24
 70
     0
102
RTVSPropertyOp25
 70
     0
102
RTVSPropertyOp26
 70
     0
102
RTVSPropertyOp27
 70
     0
102
RTVSPropertyOp28
 70
     0
102
RTVSPropertyOp29
 70
     0
102
RTVSPropertyOp30
 70
     0
102
RTVSPropertyOp31
 70
     0
102
RTVSPropertyOp32
 70
     0
102
RTVSPropertyOp33
 70
     0
102
RTVSPropertyOp34
 70
     0
102
RTVSPropertyOp35
 70
     0
102
RTVSPropertyOp36
 70
     0
102
RTVSPropertyOp37
 70
     0
102
RTVSPropertyOp38
 70
     0
102
RTVSPropertyOp39
 70
     0
102
RTVSPropertyOp40
 70
     0
102
RTVSPropertyOp41
 70
     0
102
RTVSPropertyOp42
 70
     0
102
RTVSPropertyOp43
 70
     0
102
RTVSPropertyOp44
 70
     0
102
RTVSPropertyOp45
 70
     0
102
RTVSPropertyOp46
 70
     0
102
RTVSPropertyOp47
 70
     0
102
RTVSPropertyOp48
 70
     0
102
RTVSPropertyOp49
 70
     0
102
RTVSPropertyOp50
 70
     0
102
RTVSPropertyOp51
 70
     0
102
RTVSPropertyOp52
 70
     0
102
RTVSPropertyOp53
 70
     0
102
RTVSPropertyOp54
 70
     0
102
RTVSPropertyOp55
 70
     0
102
RTVSPropertyOp56
 70
     0
102
RTVSPropertyOp57
 70
     0
102
RTVSPost2010Prop28
280
     0
102
RTVSPost2010PropOp28
 70
     0
102
RTVSPost2010Prop29
280
     1
102
RTVSPost2010PropOp29
 70
     0
102
RTVSPost2010Prop30
280
     1
102
RTVSPost2010PropOp30
 70
     0
102
RTVSPost2010Prop31
280
     0
102
RTVSPost2010PropOp31
 70
     0
102
RTVSPost2010Prop32
280
     0
102
RTVSPost2010PropOp32
 70
     0
102
RTVSPost2010Prop33
280
     0
102
RTVSPost2010PropOp33
 70
     0
102
RTVSPost2010Prop34
280
     0
102
RTVSPost2010PropOp34
 70
     0
102
RTVSPost2010Prop35
280
     0
102
RTVSPost2010PropOp35
 70
     0
102
RTVSPost2010Prop36
280
     0
102
RTVSPost2010PropOp36
 70
     0
102
RTVSPost2010Prop37
 90
       50
102
RTVSPost2010PropOp37
 70
     0
102
RTVSPost2010Prop38
140
0.0
102
RTVSPost2010PropOp38
 70
     0
102
RTVSPost2010Prop39
140
1.0
102
RTVSPost2010PropOp39
 70
     0
102
RTVSPost2010Prop40
 90
        0
102
RTVSPost2010PropOp40
 70
     0
102
RTVSPost2010Prop41ColorIndex
 90
       18
102
RTVSPost2010Prop41ColorRGB
 90
        0
102
RTVSPost2010PropOp41
 70
     0
102
RTVSPost2010Prop42
 90
       50
102
RTVSPost2010PropOp42
 70
     0
102
RTVSPost2010Prop43
 90
        3
102
RTVSPost2010PropOp43
 70
     0
102
RTVSPost2010Prop44ColorIndex
 90
        5
102
RTVSPost2010Prop44ColorRGB
 90
      255
102
RTVSPost2010PropOp44
 70
     0
102
RTVSPost2010Prop45
280
     0
102
RTVSPost2010PropOp45
 70
     0
102
RTVSPost2010Prop46
 90
       50
102
RTVSPost2010PropOp46
 70
     0
102
RTVSPost2010Prop47
 90
       50
102
RTVSPost2010PropOp47
 70
     0
102
RTVSPost2010Prop48
 90
       50
102
RTVSPost2010PropOp48
 70
     0
102
RTVSPost2010Prop49
280
     0
102
RTVSPost2010PropOp49
 70
     0
102
RTVSPost2010Prop50
 90
       50
102
RTVSPost2010PropOp50
 70
     0
102
RTVSPost2010Prop51ColorIndex
 90
      256
102
RTVSPost2010Prop51ColorRGB
 90
-16777216
102
RTVSPost2010PropOp51
 70
     0
102
RTVSPost2010Prop52
140
1.0
102
RTVSPost2010PropOp52
 70
     0
102
RTVSPost2010Prop53
 90
        2
102
RTVSPost2010PropOp53
 70
     0
102
RTVSPost2010Prop54
  1
strokes_ogs.tif
102
RTVSPost2010PropOp54
 70
     0
102
RTVSPost2010Prop55
280
     0
102
RTVSPost2010PropOp55
 70
     0
102
RTVSPost2010Prop56
140
1.0
102
RTVSPost2010PropOp56
 70
     0
102
RTVSPost2010Prop57
140
1.0
102
RTVSPost2010PropOp57
 70
     0
  0
XRECORD
  5
16D
102
{ACAD_REACTORS
330
16C
102
}
330
16C
100
AcDbXrecord
280
     1
102
RTVSPropertyOp0
 70
     1
102
RTVSPropertyOp1
 70
     1
102
RTVSPropertyOp2
 70
     1
102
RTVSPropertyOp3
 70
     1
102
RTVSPropertyOp4
 70
     1
102
RTVSPropertyOp5
 70
     1
102
RTVSPropertyOp6
 70
     1
102
RTVSPropertyOp7
 70
     1
102
RTVSPropertyOp8
 70
     1
102
RTVSPropertyOp9
 70
     1
102
RTVSPropertyOp10
 70
     1
102
RTVSPropertyOp11
 70
     1
102
RTVSPropertyOp12
 70
     1
102
RTVSPropertyOp13
 70
     1
102
RTVSPropertyOp14
 70
     1
102
RTVSPropertyOp15
 70
     1
102
RTVSPropertyOp16
 70
     1
102
RTVSPropertyOp17
 70
     1
102
RTVSPropertyOp18
 70
     1
102
RTVSPropertyOp19
 70
     1
102
RTVSPropertyOp20
 70
     1
102
RTVSPropertyOp21
 70
     1
102
RTVSPropertyOp22
 70
     1
102
RTVSPropertyOp23
 70
     1
102
RTVSPropertyOp24
 70
     1
102
RTVSPropertyOp25
 70
     1
102
RTVSPropertyOp26
 70
     1
102
RTVSPropertyOp27
 70
     1
102
RTVSPropertyOp28
 70
     1
102
RTVSPropertyOp29
 70
     1
102
RTVSPropertyOp30
 70
     1
102
RTVSPropertyOp31
 70
     1
102
RTVSPropertyOp32
 70
     1
102
RTVSPropertyOp33
 70
     1
102
RTVSPropertyOp34
 70
     1
102
RTVSPropertyOp35
 70
     1
102
RTVSPropertyOp36
 70
     1
102
RTVSPropertyOp37
 70
     1
102
RTVSPropertyOp38
 70
     1
102
RTVSPropertyOp39
 70
     1
102
RTVSPropertyOp40
 70
     1
102
RTVSPropertyOp41
 70
     1
102
RTVSPropertyOp42
 70
     1
102
RTVSPropertyOp43
 70
     1
102
RTVSPropertyOp44
 70
     1
102
RTVSPropertyOp45
 70
     1
102
RTVSPropertyOp46
 70
     1
102
RTVSPropertyOp47
 70
     1
102
RTVSPropertyOp48
 70
     1
102
RTVSPropertyOp49
 70
     1
102
RTVSPropertyOp50
 70
     1
102
RTVSPropertyOp51
 70
     0
102
RTVSPropertyOp52
 70
     0
102
RTVSPropertyOp53
 70
     1
102
RTVSPropertyOp54
 70
     1
102
RTVSPropertyOp55
 70
     1
102
RTVSPropertyOp56
 70
     1
102
RTVSPropertyOp57
 70
     1
102
RTVSPost2010Prop28
280
     0
102
RTVSPost2010PropOp28
 70
     1
102
RTVSPost2010Prop29
280
     1
102
RTVSPost2010PropOp29
 70
     1
102
RTVSPost2010Prop30
280
     1
102
RTVSPost2010PropOp30
 70
     1
102
RTVSPost2010Prop31
280
     0
102
RTVSPost2010PropOp31
 70
     1
102
RTVSPost2010Prop32
280
     0
102
RTVSPost2010PropOp32
 70
     1
102
RTVSPost2010Prop33
280
     0
102
RTVSPost2010PropOp33
 70
     1
102
RTVSPost2010Prop34
280
     0
102
RTVSPost2010PropOp34
 70
     1
102
RTVSPost2010Prop35
280
     0
102
RTVSPost2010PropOp35
 70
     1
102
RTVSPost2010Prop36
280
     0
102
RTVSPost2010PropOp36
 70
     1
102
RTVSPost2010Prop37
 90
       50
102
RTVSPost2010PropOp37
 70
     1
102
RTVSPost2010Prop38
140
0.0
102
RTVSPost2010PropOp38
 70
     1
102
RTVSPost2010Prop39
140
1.0
102
RTVSPost2010PropOp39
 70
     1
102
RTVSPost2010Prop40
 90
        0
102
RTVSPost2010PropOp40
 70
     1
102
RTVSPost2010Prop41ColorIndex
 90
       18
102
RTVSPost2010Prop41ColorRGB
 90
        0
102
RTVSPost2010PropOp41
 70
     1
102
RTVSPost2010Prop42
 90
       50
102
RTVSPost2010PropOp42
 70
     1
102
RTVSPost2010Prop43
 90
        3
102
RTVSPost2010PropOp43
 70
     1
102
RTVSPost2010Prop44ColorIndex
 90
        5
102
RTVSPost2010Prop44ColorRGB
 90
      255
102
RTVSPost2010PropOp44
 70
     1
102
RTVSPost2010Prop45
280
     0
102
RTVSPost2010PropOp45
 70
     1
102
RTVSPost2010Prop46
 90
       50
102
RTVSPost2010PropOp46
 70
     1
102
RTVSPost2010Prop47
 90
       50
102
RTVSPost2010PropOp47
 70
     1
102
RTVSPost2010Prop48
 90
       50
102
RTVSPost2010PropOp48
 70
     1
102
RTVSPost2010Prop49
280
     0
102
RTVSPost2010PropOp49
 70
     1
102
RTVSPost2010Prop50
 90
       50
102
RTVSPost2010PropOp50
 70
     1
102
RTVSPost2010Prop51ColorIndex
 90
      256
102
RTVSPost2010Prop51ColorRGB
 90
-16777216
102
RTVSPost2010PropOp51
 70
     0
102
RTVSPost2010Prop52
140
1.0
102
RTVSPost2010PropOp52
 70
     0
102
RTVSPost2010Prop53
 90
        2
102
RTVSPost2010PropOp53
 70
     1
102
RTVSPost2010Prop54
  1
strokes_ogs.tif
102
RTVSPost2010PropOp54
 70
     1
102
RTVSPost2010Prop55
280
     0
102
RTVSPost2010PropOp55
 70
     1
102
RTVSPost2010Prop56
140
1.0
102
RTVSPost2010PropOp56
 70
     1
102
RTVSPost2010Prop57
140
1.0
102
RTVSPost2010PropOp57
 70
     1
  0
XRECORD
  5
151
102
{ACAD_REACTORS
330
150
102
}
330
150
100
AcDbXrecord
280
     1
102
RTVSPropertyOp0
 70
     1
102
RTVSPropertyOp1
 70
     1
102
RTVSPropertyOp2
 70
     1
102
RTVSPropertyOp3
 70
     1
102
RTVSPropertyOp4
 70
     1
102
RTVSPropertyOp5
 70
     1
102
RTVSPropertyOp6
 70
     1
102
RTVSPropertyOp7
 70
     1
102
RTVSPropertyOp8
 70
     1
102
RTVSPropertyOp9
 70
     1
102
RTVSPropertyOp10
 70
     1
102
RTVSPropertyOp11
 70
     1
102
RTVSPropertyOp12
 70
     1
102
RTVSPropertyOp13
 70
     1
102
RTVSPropertyOp14
 70
     1
102
RTVSPropertyOp15
 70
     1
102
RTVSPropertyOp16
 70
     1
102
RTVSPropertyOp17
 70
     1
102
RTVSPropertyOp18
 70
     1
102
RTVSPropertyOp19
 70
     1
102
RTVSPropertyOp20
 70
     1
102
RTVSPropertyOp21
 70
     1
102
RTVSPropertyOp22
 70
     1
102
RTVSPropertyOp23
 70
     1
102
RTVSPropertyOp24
 70
     1
102
RTVSPropertyOp25
 70
     1
102
RTVSPropertyOp26
 70
     1
102
RTVSPropertyOp27
 70
     1
102
RTVSPropertyOp28
 70
     1
102
RTVSPropertyOp29
 70
     1
102
RTVSPropertyOp30
 70
     1
102
RTVSPropertyOp31
 70
     1
102
RTVSPropertyOp32
 70
     1
102
RTVSPropertyOp33
 70
     1
102
RTVSPropertyOp34
 70
     1
102
RTVSPropertyOp35
 70
     1
102
RTVSPropertyOp36
 70
     1
102
RTVSPropertyOp37
 70
     1
102
RTVSPropertyOp38
 70
     1
102
RTVSPropertyOp39
 70
     1
102
RTVSPropertyOp40
 70
     1
102
RTVSPropertyOp41
 70
     1
102
RTVSPropertyOp42
 70
     1
102
RTVSPropertyOp43
 70
     1
102
RTVSPropertyOp44
 70
     1
102
RTVSPropertyOp45
 70
     1
102
RTVSPropertyOp46
 70
     1
102
RTVSPropertyOp47
 70
     1
102
RTVSPropertyOp48
 70
     1
102
RTVSPropertyOp49
 70
     1
102
RTVSPropertyOp50
 70
     1
102
RTVSPropertyOp51
 70
     0
102
RTVSPropertyOp52
 70
     0
102
RTVSPropertyOp53
 70
     1
102
RTVSPropertyOp54
 70
     1
102
RTVSPropertyOp55
 70
     1
102
RTVSPropertyOp56
 70
     1
102
RTVSPropertyOp57
 70
     1
102
RTVSPost2010Prop28
280
     0
102
RTVSPost2010PropOp28
 70
     1
102
RTVSPost2010Prop29
280
     1
102
RTVSPost2010PropOp29
 70
     1
102
RTVSPost2010Prop30
280
     1
102
RTVSPost2010PropOp30
 70
     1
102
RTVSPost2010Prop31
280
     0
102
RTVSPost2010PropOp31
 70
     1
102
RTVSPost2010Prop32
280
     0
102
RTVSPost2010PropOp32
 70
     1
102
RTVSPost2010Prop33
280
     0
102
RTVSPost2010PropOp33
 70
     1
102
RTVSPost2010Prop34
280
     0
102
RTVSPost2010PropOp34
 70
     1
102
RTVSPost2010Prop35
280
     0
102
RTVSPost2010PropOp35
 70
     1
102
RTVSPost2010Prop36
280
     0
102
RTVSPost2010PropOp36
 70
     1
102
RTVSPost2010Prop37
 90
       50
102
RTVSPost2010PropOp37
 70
     1
102
RTVSPost2010Prop38
140
0.0
102
RTVSPost2010PropOp38
 70
     1
102
RTVSPost2010Prop39
140
1.0
102
RTVSPost2010PropOp39
 70
     1
102
RTVSPost2010Prop40
 90
        0
102
RTVSPost2010PropOp40
 70
     1
102
RTVSPost2010Prop41ColorIndex
 90
       18
102
RTVSPost2010Prop41ColorRGB
 90
        0
102
RTVSPost2010PropOp41
 70
     1
102
RTVSPost2010Prop42
 90
       50
102
RTVSPost2010PropOp42
 70
     1
102
RTVSPost2010Prop43
 90
        3
102
RTVSPost2010PropOp43
 70
     1
102
RTVSPost2010Prop44ColorIndex
 90
        5
102
RTVSPost2010Prop44ColorRGB
 90
      255
102
RTVSPost2010PropOp44
 70
     1
102
RTVSPost2010Prop45
280
     0
102
RTVSPost2010PropOp45
 70
     1
102
RTVSPost2010Prop46
 90
       50
102
RTVSPost2010PropOp46
 70
     1
102
RTVSPost2010Prop47
 90
       50
102
RTVSPost2010PropOp47
 70
     1
102
RTVSPost2010Prop48
 90
       50
102
RTVSPost2010PropOp48
 70
     1
102
RTVSPost2010Prop49
280
     0
102
RTVSPost2010PropOp49
 70
     1
102
RTVSPost2010Prop50
 90
       50
102
RTVSPost2010PropOp50
 70
     1
102
RTVSPost2010Prop51ColorIndex
 90
      256
102
RTVSPost2010Prop51ColorRGB
 90
-16777216
102
RTVSPost2010PropOp51
 70
     0
102
RTVSPost2010Prop52
140
1.0
102
RTVSPost2010PropOp52
 70
     0
102
RTVSPost2010Prop53
 90
        2
102
RTVSPost2010PropOp53
 70
     1
102
RTVSPost2010Prop54
  1
strokes_ogs.tif
102
RTVSPost2010PropOp54
 70
     1
102
RTVSPost2010Prop55
280
     0
102
RTVSPost2010PropOp55
 70
     1
102
RTVSPost2010Prop56
140
1.0
102
RTVSPost2010PropOp56
 70
     1
102
RTVSPost2010Prop57
140
1.0
102
RTVSPost2010PropOp57
 70
     1
  0
XRECORD
  5
153
102
{ACAD_REACTORS
330
152
102
}
330
152
100
AcDbXrecord
280
     1
102
RTVSPropertyOp0
 70
     1
102
RTVSPropertyOp1
 70
     1
102
RTVSPropertyOp2
 70
     1
102
RTVSPropertyOp3
 70
     1
102
RTVSPropertyOp4
 70
     1
102
RTVSPropertyOp5
 70
     1
102
RTVSPropertyOp6
 70
     1
102
RTVSPropertyOp7
 70
     1
102
RTVSPropertyOp8
 70
     1
102
RTVSPropertyOp9
 70
     1
102
RTVSPropertyOp10
 70
     1
102
RTVSPropertyOp11
 70
     1
102
RTVSPropertyOp12
 70
     1
102
RTVSPropertyOp13
 70
     1
102
RTVSPropertyOp14
 70
     1
102
RTVSPropertyOp15
 70
     1
102
RTVSPropertyOp16
 70
     1
102
RTVSPropertyOp17
 70
     1
102
RTVSPropertyOp18
 70
     1
102
RTVSPropertyOp19
 70
     1
102
RTVSPropertyOp20
 70
     1
102
RTVSPropertyOp21
 70
     1
102
RTVSPropertyOp22
 70
     1
102
RTVSPropertyOp23
 70
     1
102
RTVSPropertyOp24
 70
     1
102
RTVSPropertyOp25
 70
     1
102
RTVSPropertyOp26
 70
     1
102
RTVSPropertyOp27
 70
     1
102
RTVSPropertyOp28
 70
     1
102
RTVSPropertyOp29
 70
     1
102
RTVSPropertyOp30
 70
     1
102
RTVSPropertyOp31
 70
     1
102
RTVSPropertyOp32
 70
     1
102
RTVSPropertyOp33
 70
     1
102
RTVSPropertyOp34
 70
     1
102
RTVSPropertyOp35
 70
     1
102
RTVSPropertyOp36
 70
     1
102
RTVSPropertyOp37
 70
     1
102
RTVSPropertyOp38
 70
     1
102
RTVSPropertyOp39
 70
     1
102
RTVSPropertyOp40
 70
     1
102
RTVSPropertyOp41
 70
     1
102
RTVSPropertyOp42
 70
     1
102
RTVSPropertyOp43
 70
     1
102
RTVSPropertyOp44
 70
     1
102
RTVSPropertyOp45
 70
     1
102
RTVSPropertyOp46
 70
     1
102
RTVSPropertyOp47
 70
     1
102
RTVSPropertyOp48
 70
     1
102
RTVSPropertyOp49
 70
     1
102
RTVSPropertyOp50
 70
     1
102
RTVSPropertyOp51
 70
     0
102
RTVSPropertyOp52
 70
     0
102
RTVSPropertyOp53
 70
     1
102
RTVSPropertyOp54
 70
     1
102
RTVSPropertyOp55
 70
     1
102
RTVSPropertyOp56
 70
     1
102
RTVSPropertyOp57
 70
     1
102
RTVSPost2010Prop28
280
     0
102
RTVSPost2010PropOp28
 70
     1
102
RTVSPost2010Prop29
280
     1
102
RTVSPost2010PropOp29
 70
     1
102
RTVSPost2010Prop30
280
     1
102
RTVSPost2010PropOp30
 70
     1
102
RTVSPost2010Prop31
280
     0
102
RTVSPost2010PropOp31
 70
     1
102
RTVSPost2010Prop32
280
     0
102
RTVSPost2010PropOp32
 70
     1
102
RTVSPost2010Prop33
280
     0
102
RTVSPost2010PropOp33
 70
     1
102
RTVSPost2010Prop34
280
     0
102
RTVSPost2010PropOp34
 70
     1
102
RTVSPost2010Prop35
280
     0
102
RTVSPost2010PropOp35
 70
     1
102
RTVSPost2010Prop36
280
     0
102
RTVSPost2010PropOp36
 70
     1
102
RTVSPost2010Prop37
 90
       50
102
RTVSPost2010PropOp37
 70
     1
102
RTVSPost2010Prop38
140
0.0
102
RTVSPost2010PropOp38
 70
     1
102
RTVSPost2010Prop39
140
1.0
102
RTVSPost2010PropOp39
 70
     1
102
RTVSPost2010Prop40
 90
        0
102
RTVSPost2010PropOp40
 70
     1
102
RTVSPost2010Prop41ColorIndex
 90
       18
102
RTVSPost2010Prop41ColorRGB
 90
        0
102
RTVSPost2010PropOp41
 70
     1
102
RTVSPost2010Prop42
 90
       50
102
RTVSPost2010PropOp42
 70
     1
102
RTVSPost2010Prop43
 90
        3
102
RTVSPost2010PropOp43
 70
     1
102
RTVSPost2010Prop44ColorIndex
 90
        5
102
RTVSPost2010Prop44ColorRGB
 90
      255
102
RTVSPost2010PropOp44
 70
     1
102
RTVSPost2010Prop45
280
     0
102
RTVSPost2010PropOp45
 70
     1
102
RTVSPost2010Prop46
 90
       50
102
RTVSPost2010PropOp46
 70
     1
102
RTVSPost2010Prop47
 90
       50
102
RTVSPost2010PropOp47
 70
     1
102
RTVSPost2010Prop48
 90
       50
102
RTVSPost2010PropOp48
 70
     1
102
RTVSPost2010Prop49
280
     0
102
RTVSPost2010PropOp49
 70
     1
102
RTVSPost2010Prop50
 90
       50
102
RTVSPost2010PropOp50
 70
     1
102
RTVSPost2010Prop51ColorIndex
 90
      256
102
RTVSPost2010Prop51ColorRGB
 90
-16777216
102
RTVSPost2010PropOp51
 70
     0
102
RTVSPost2010Prop52
140
1.0
102
RTVSPost2010PropOp52
 70
     0
102
RTVSPost2010Prop53
 90
        2
102
RTVSPost2010PropOp53
 70
     1
102
RTVSPost2010Prop54
  1
strokes_ogs.tif
102
RTVSPost2010PropOp54
 70
     1
102
RTVSPost2010Prop55
280
     0
102
RTVSPost2010PropOp55
 70
     1
102
RTVSPost2010Prop56
140
1.0
102
RTVSPost2010PropOp56
 70
     1
102
RTVSPost2010Prop57
140
1.0
102
RTVSPost2010PropOp57
 70
     1
  0
XRECORD
  5
155
102
{ACAD_REACTORS
330
154
102
}
330
154
100
AcDbXrecord
280
     1
102
RTVSPropertyOp0
 70
     1
102
RTVSPropertyOp1
 70
     1
102
RTVSPropertyOp2
 70
     1
102
RTVSPropertyOp3
 70
     1
102
RTVSPropertyOp4
 70
     1
102
RTVSPropertyOp5
 70
     1
102
RTVSPropertyOp6
 70
     1
102
RTVSPropertyOp7
 70
     1
102
RTVSPropertyOp8
 70
     1
102
RTVSPropertyOp9
 70
     1
102
RTVSPropertyOp10
 70
     1
102
RTVSPropertyOp11
 70
     1
102
RTVSPropertyOp12
 70
     1
102
RTVSPropertyOp13
 70
     1
102
RTVSPropertyOp14
 70
     1
102
RTVSPropertyOp15
 70
     1
102
RTVSPropertyOp16
 70
     1
102
RTVSPropertyOp17
 70
     1
102
RTVSPropertyOp18
 70
     1
102
RTVSPropertyOp19
 70
     1
102
RTVSPropertyOp20
 70
     1
102
RTVSPropertyOp21
 70
     1
102
RTVSPropertyOp22
 70
     1
102
RTVSPropertyOp23
 70
     1
102
RTVSPropertyOp24
 70
     1
102
RTVSPropertyOp25
 70
     1
102
RTVSPropertyOp26
 70
     1
102
RTVSPropertyOp27
 70
     1
102
RTVSPropertyOp28
 70
     1
102
RTVSPropertyOp29
 70
     1
102
RTVSPropertyOp30
 70
     1
102
RTVSPropertyOp31
 70
     1
102
RTVSPropertyOp32
 70
     1
102
RTVSPropertyOp33
 70
     1
102
RTVSPropertyOp34
 70
     1
102
RTVSPropertyOp35
 70
     1
102
RTVSPropertyOp36
 70
     1
102
RTVSPropertyOp37
 70
     1
102
RTVSPropertyOp38
 70
     1
102
RTVSPropertyOp39
 70
     1
102
RTVSPropertyOp40
 70
     1
102
RTVSPropertyOp41
 70
     1
102
RTVSPropertyOp42
 70
     1
102
RTVSPropertyOp43
 70
     1
102
RTVSPropertyOp44
 70
     1
102
RTVSPropertyOp45
 70
     1
102
RTVSPropertyOp46
 70
     1
102
RTVSPropertyOp47
 70
     1
102
RTVSPropertyOp48
 70
     1
102
RTVSPropertyOp49
 70
     1
102
RTVSPropertyOp50
 70
     1
102
RTVSPropertyOp51
 70
     0
102
RTVSPropertyOp52
 70
     0
102
RTVSPropertyOp53
 70
     1
102
RTVSPropertyOp54
 70
     1
102
RTVSPropertyOp55
 70
     1
102
RTVSPropertyOp56
 70
     1
102
RTVSPropertyOp57
 70
     1
102
RTVSPost2010Prop28
280
     0
102
RTVSPost2010PropOp28
 70
     1
102
RTVSPost2010Prop29
280
     1
102
RTVSPost2010PropOp29
 70
     1
102
RTVSPost2010Prop30
280
     1
102
RTVSPost2010PropOp30
 70
     1
102
RTVSPost2010Prop31
280
     0
102
RTVSPost2010PropOp31
 70
     1
102
RTVSPost2010Prop32
280
     0
102
RTVSPost2010PropOp32
 70
     1
102
RTVSPost2010Prop33
280
     0
102
RTVSPost2010PropOp33
 70
     1
102
RTVSPost2010Prop34
280
     0
102
RTVSPost2010PropOp34
 70
     1
102
RTVSPost2010Prop35
280
     0
102
RTVSPost2010PropOp35
 70
     1
102
RTVSPost2010Prop36
280
     0
102
RTVSPost2010PropOp36
 70
     1
102
RTVSPost2010Prop37
 90
       50
102
RTVSPost2010PropOp37
 70
     1
102
RTVSPost2010Prop38
140
0.0
102
RTVSPost2010PropOp38
 70
     1
102
RTVSPost2010Prop39
140
1.0
102
RTVSPost2010PropOp39
 70
     1
102
RTVSPost2010Prop40
 90
        0
102
RTVSPost2010PropOp40
 70
     1
102
RTVSPost2010Prop41ColorIndex
 90
       18
102
RTVSPost2010Prop41ColorRGB
 90
        0
102
RTVSPost2010PropOp41
 70
     1
102
RTVSPost2010Prop42
 90
       50
102
RTVSPost2010PropOp42
 70
     1
102
RTVSPost2010Prop43
 90
        3
102
RTVSPost2010PropOp43
 70
     1
102
RTVSPost2010Prop44ColorIndex
 90
        5
102
RTVSPost2010Prop44ColorRGB
 90
      255
102
RTVSPost2010PropOp44
 70
     1
102
RTVSPost2010Prop45
280
     0
102
RTVSPost2010PropOp45
 70
     1
102
RTVSPost2010Prop46
 90
       50
102
RTVSPost2010PropOp46
 70
     1
102
RTVSPost2010Prop47
 90
       50
102
RTVSPost2010PropOp47
 70
     1
102
RTVSPost2010Prop48
 90
       50
102
RTVSPost2010PropOp48
 70
     1
102
RTVSPost2010Prop49
280
     0
102
RTVSPost2010PropOp49
 70
     1
102
RTVSPost2010Prop50
 90
       50
102
RTVSPost2010PropOp50
 70
     1
102
RTVSPost2010Prop51ColorIndex
 90
      256
102
RTVSPost2010Prop51ColorRGB
 90
-16777216
102
RTVSPost2010PropOp51
 70
     0
102
RTVSPost2010Prop52
140
1.0
102
RTVSPost2010PropOp52
 70
     0
102
RTVSPost2010Prop53
 90
        2
102
RTVSPost2010PropOp53
 70
     1
102
RTVSPost2010Prop54
  1
strokes_ogs.tif
102
RTVSPost2010PropOp54
 70
     1
102
RTVSPost2010Prop55
280
     0
102
RTVSPost2010PropOp55
 70
     1
102
RTVSPost2010Prop56
140
1.0
102
RTVSPost2010PropOp56
 70
     1
102
RTVSPost2010Prop57
140
1.0
102
RTVSPost2010PropOp57
 70
     1
  0
XRECORD
  5
157
102
{ACAD_REACTORS
330
156
102
}
330
156
100
AcDbXrecord
280
     1
102
RTVSPropertyOp0
 70
     1
102
RTVSPropertyOp1
 70
     1
102
RTVSPropertyOp2
 70
     1
102
RTVSPropertyOp3
 70
     1
102
RTVSPropertyOp4
 70
     1
102
RTVSPropertyOp5
 70
     1
102
RTVSPropertyOp6
 70
     1
102
RTVSPropertyOp7
 70
     1
102
RTVSPropertyOp8
 70
     1
102
RTVSPropertyOp9
 70
     1
102
RTVSPropertyOp10
 70
     1
102
RTVSPropertyOp11
 70
     1
102
RTVSPropertyOp12
 70
     1
102
RTVSPropertyOp13
 70
     1
102
RTVSPropertyOp14
 70
     1
102
RTVSPropertyOp15
 70
     1
102
RTVSPropertyOp16
 70
     1
102
RTVSPropertyOp17
 70
     1
102
RTVSPropertyOp18
 70
     1
102
RTVSPropertyOp19
 70
     1
102
RTVSPropertyOp20
 70
     1
102
RTVSPropertyOp21
 70
     1
102
RTVSPropertyOp22
 70
     1
102
RTVSPropertyOp23
 70
     1
102
RTVSPropertyOp24
 70
     1
102
RTVSPropertyOp25
 70
     1
102
RTVSPropertyOp26
 70
     1
102
RTVSPropertyOp27
 70
     1
102
RTVSPropertyOp28
 70
     1
102
RTVSPropertyOp29
 70
     1
102
RTVSPropertyOp30
 70
     1
102
RTVSPropertyOp31
 70
     1
102
RTVSPropertyOp32
 70
     1
102
RTVSPropertyOp33
 70
     1
102
RTVSPropertyOp34
 70
     1
102
RTVSPropertyOp35
 70
     1
102
RTVSPropertyOp36
 70
     1
102
RTVSPropertyOp37
 70
     1
102
RTVSPropertyOp38
 70
     1
102
RTVSPropertyOp39
 70
     1
102
RTVSPropertyOp40
 70
     1
102
RTVSPropertyOp41
 70
     1
102
RTVSPropertyOp42
 70
     1
102
RTVSPropertyOp43
 70
     1
102
RTVSPropertyOp44
 70
     1
102
RTVSPropertyOp45
 70
     1
102
RTVSPropertyOp46
 70
     1
102
RTVSPropertyOp47
 70
     1
102
RTVSPropertyOp48
 70
     1
102
RTVSPropertyOp49
 70
     1
102
RTVSPropertyOp50
 70
     1
102
RTVSPropertyOp51
 70
     0
102
RTVSPropertyOp52
 70
     0
102
RTVSPropertyOp53
 70
     1
102
RTVSPropertyOp54
 70
     1
102
RTVSPropertyOp55
 70
     1
102
RTVSPropertyOp56
 70
     1
102
RTVSPropertyOp57
 70
     1
102
RTVSPost2010Prop28
280
     0
102
RTVSPost2010PropOp28
 70
     1
102
RTVSPost2010Prop29
280
     1
102
RTVSPost2010PropOp29
 70
     1
102
RTVSPost2010Prop30
280
     1
102
RTVSPost2010PropOp30
 70
     1
102
RTVSPost2010Prop31
280
     0
102
RTVSPost2010PropOp31
 70
     1
102
RTVSPost2010Prop32
280
     0
102
RTVSPost2010PropOp32
 70
     1
102
RTVSPost2010Prop33
280
     0
102
RTVSPost2010PropOp33
 70
     1
102
RTVSPost2010Prop34
280
     0
102
RTVSPost2010PropOp34
 70
     1
102
RTVSPost2010Prop35
280
     0
102
RTVSPost2010PropOp35
 70
     1
102
RTVSPost2010Prop36
280
     0
102
RTVSPost2010PropOp36
 70
     1
102
RTVSPost2010Prop37
 90
       50
102
RTVSPost2010PropOp37
 70
     1
102
RTVSPost2010Prop38
140
0.0
102
RTVSPost2010PropOp38
 70
     1
102
RTVSPost2010Prop39
140
1.0
102
RTVSPost2010PropOp39
 70
     1
102
RTVSPost2010Prop40
 90
        0
102
RTVSPost2010PropOp40
 70
     1
102
RTVSPost2010Prop41ColorIndex
 90
       18
102
RTVSPost2010Prop41ColorRGB
 90
        0
102
RTVSPost2010PropOp41
 70
     1
102
RTVSPost2010Prop42
 90
       50
102
RTVSPost2010PropOp42
 70
     1
102
RTVSPost2010Prop43
 90
        3
102
RTVSPost2010PropOp43
 70
     1
102
RTVSPost2010Prop44ColorIndex
 90
        5
102
RTVSPost2010Prop44ColorRGB
 90
      255
102
RTVSPost2010PropOp44
 70
     1
102
RTVSPost2010Prop45
280
     0
102
RTVSPost2010PropOp45
 70
     1
102
RTVSPost2010Prop46
 90
       50
102
RTVSPost2010PropOp46
 70
     1
102
RTVSPost2010Prop47
 90
       50
102
RTVSPost2010PropOp47
 70
     1
102
RTVSPost2010Prop48
 90
       50
102
RTVSPost2010PropOp48
 70
     1
102
RTVSPost2010Prop49
280
     0
102
RTVSPost2010PropOp49
 70
     1
102
RTVSPost2010Prop50
 90
       50
102
RTVSPost2010PropOp50
 70
     1
102
RTVSPost2010Prop51ColorIndex
 90
      256
102
RTVSPost2010Prop51ColorRGB
 90
-16777216
102
RTVSPost2010PropOp51
 70
     0
102
RTVSPost2010Prop52
140
1.0
102
RTVSPost2010PropOp52
 70
     0
102
RTVSPost2010Prop53
 90
        2
102
RTVSPost2010PropOp53
 70
     1
102
RTVSPost2010Prop54
  1
strokes_ogs.tif
102
RTVSPost2010PropOp54
 70
     1
102
RTVSPost2010Prop55
280
     0
102
RTVSPost2010PropOp55
 70
     1
102
RTVSPost2010Prop56
140
1.0
102
RTVSPost2010PropOp56
 70
     1
102
RTVSPost2010Prop57
140
1.0
102
RTVSPost2010PropOp57
 70
     1
  0
XRECORD
  5
15D
102
{ACAD_REACTORS
330
15C
102
}
330
15C
100
AcDbXrecord
280
     1
102
RTVSPropertyOp0
 70
     1
102
RTVSPropertyOp1
 70
     1
102
RTVSPropertyOp2
 70
     1
102
RTVSPropertyOp3
 70
     1
102
RTVSPropertyOp4
 70
     1
102
RTVSPropertyOp5
 70
     1
102
RTVSPropertyOp6
 70
     1
102
RTVSPropertyOp7
 70
     1
102
RTVSPropertyOp8
 70
     1
102
RTVSPropertyOp9
 70
     1
102
RTVSPropertyOp10
 70
     1
102
RTVSPropertyOp11
 70
     1
102
RTVSPropertyOp12
 70
     1
102
RTVSPropertyOp13
 70
     1
102
RTVSPropertyOp14
 70
     1
102
RTVSPropertyOp15
 70
     1
102
RTVSPropertyOp16
 70
     1
102
RTVSPropertyOp17
 70
     1
102
RTVSPropertyOp18
 70
     1
102
RTVSPropertyOp19
 70
     1
102
RTVSPropertyOp20
 70
     1
102
RTVSPropertyOp21
 70
     1
102
RTVSPropertyOp22
 70
     1
102
RTVSPropertyOp23
 70
     1
102
RTVSPropertyOp24
 70
     1
102
RTVSPropertyOp25
 70
     1
102
RTVSPropertyOp26
 70
     1
102
RTVSPropertyOp27
 70
     1
102
RTVSPropertyOp28
 70
     1
102
RTVSPropertyOp29
 70
     1
102
RTVSPropertyOp30
 70
     1
102
RTVSPropertyOp31
 70
     1
102
RTVSPropertyOp32
 70
     1
102
RTVSPropertyOp33
 70
     1
102
RTVSPropertyOp34
 70
     1
102
RTVSPropertyOp35
 70
     1
102
RTVSPropertyOp36
 70
     1
102
RTVSPropertyOp37
 70
     1
102
RTVSPropertyOp38
 70
     1
102
RTVSPropertyOp39
 70
     1
102
RTVSPropertyOp40
 70
     1
102
RTVSPropertyOp41
 70
     1
102
RTVSPropertyOp42
 70
     1
102
RTVSPropertyOp43
 70
     1
102
RTVSPropertyOp44
 70
     1
102
RTVSPropertyOp45
 70
     1
102
RTVSPropertyOp46
 70
     1
102
RTVSPropertyOp47
 70
     1
102
RTVSPropertyOp48
 70
     1
102
RTVSPropertyOp49
 70
     1
102
RTVSPropertyOp50
 70
     1
102
RTVSPropertyOp51
 70
     0
102
RTVSPropertyOp52
 70
     0
102
RTVSPropertyOp53
 70
     1
102
RTVSPropertyOp54
 70
     1
102
RTVSPropertyOp55
 70
     1
102
RTVSPropertyOp56
 70
     1
102
RTVSPropertyOp57
 70
     1
102
RTVSPost2010Prop28
280
     0
102
RTVSPost2010PropOp28
 70
     1
102
RTVSPost2010Prop29
280
     1
102
RTVSPost2010PropOp29
 70
     1
102
RTVSPost2010Prop30
280
     1
102
RTVSPost2010PropOp30
 70
     1
102
RTVSPost2010Prop31
280
     0
102
RTVSPost2010PropOp31
 70
     1
102
RTVSPost2010Prop32
280
     0
102
RTVSPost2010PropOp32
 70
     1
102
RTVSPost2010Prop33
280
     0
102
RTVSPost2010PropOp33
 70
     1
102
RTVSPost2010Prop34
280
     0
102
RTVSPost2010PropOp34
 70
     1
102
RTVSPost2010Prop35
280
     0
102
RTVSPost2010PropOp35
 70
     1
102
RTVSPost2010Prop36
280
     0
102
RTVSPost2010PropOp36
 70
     1
102
RTVSPost2010Prop37
 90
       50
102
RTVSPost2010PropOp37
 70
     1
102
RTVSPost2010Prop38
140
0.0
102
RTVSPost2010PropOp38
 70
     1
102
RTVSPost2010Prop39
140
1.0
102
RTVSPost2010PropOp39
 70
     1
102
RTVSPost2010Prop40
 90
        0
102
RTVSPost2010PropOp40
 70
     1
102
RTVSPost2010Prop41ColorIndex
 90
       18
102
RTVSPost2010Prop41ColorRGB
 90
        0
102
RTVSPost2010PropOp41
 70
     1
102
RTVSPost2010Prop42
 90
       50
102
RTVSPost2010PropOp42
 70
     1
102
RTVSPost2010Prop43
 90
        3
102
RTVSPost2010PropOp43
 70
     1
102
RTVSPost2010Prop44ColorIndex
 90
        5
102
RTVSPost2010Prop44ColorRGB
 90
      255
102
RTVSPost2010PropOp44
 70
     1
102
RTVSPost2010Prop45
280
     0
102
RTVSPost2010PropOp45
 70
     1
102
RTVSPost2010Prop46
 90
       50
102
RTVSPost2010PropOp46
 70
     1
102
RTVSPost2010Prop47
 90
       50
102
RTVSPost2010PropOp47
 70
     1
102
RTVSPost2010Prop48
 90
       50
102
RTVSPost2010PropOp48
 70
     1
102
RTVSPost2010Prop49
280
     0
102
RTVSPost2010PropOp49
 70
     1
102
RTVSPost2010Prop50
 90
       50
102
RTVSPost2010PropOp50
 70
     1
102
RTVSPost2010Prop51ColorIndex
 90
      256
102
RTVSPost2010Prop51ColorRGB
 90
-16777216
102
RTVSPost2010PropOp51
 70
     0
102
RTVSPost2010Prop52
140
1.0
102
RTVSPost2010PropOp52
 70
     0
102
RTVSPost2010Prop53
 90
        2
102
RTVSPost2010PropOp53
 70
     1
102
RTVSPost2010Prop54
  1
strokes_ogs.tif
102
RTVSPost2010PropOp54
 70
     1
102
RTVSPost2010Prop55
280
     0
102
RTVSPost2010PropOp55
 70
     1
102
RTVSPost2010Prop56
140
1.0
102
RTVSPost2010PropOp56
 70
     1
102
RTVSPost2010Prop57
140
1.0
102
RTVSPost2010PropOp57
 70
     1
  0
XRECORD
  5
171
102
{ACAD_REACTORS
330
170
102
}
330
170
100
AcDbXrecord
280
     1
102
RTVSPropertyOp0
 70
     0
102
RTVSPropertyOp1
 70
     0
102
RTVSPropertyOp2
 70
     0
102
RTVSPropertyOp3
 70
     0
102
RTVSPropertyOp4
 70
     0
102
RTVSPropertyOp5
 70
     0
102
RTVSPropertyOp6
 70
     0
102
RTVSPropertyOp7
 70
     0
102
RTVSPropertyOp8
 70
     0
102
RTVSPropertyOp9
 70
     0
102
RTVSPropertyOp10
 70
     0
102
RTVSPropertyOp11
 70
     0
102
RTVSPropertyOp12
 70
     0
102
RTVSPropertyOp13
 70
     0
102
RTVSPropertyOp14
 70
     2
102
RTVSPropertyOp15
 70
     0
102
RTVSPropertyOp16
 70
     0
102
RTVSPropertyOp17
 70
     0
102
RTVSPropertyOp18
 70
     0
102
RTVSPropertyOp19
 70
     0
102
RTVSPropertyOp20
 70
     0
102
RTVSPropertyOp21
 70
     0
102
RTVSPropertyOp22
 70
     0
102
RTVSPropertyOp23
 70
     0
102
RTVSPropertyOp24
 70
     0
102
RTVSPropertyOp25
 70
     0
102
RTVSPropertyOp26
 70
     0
102
RTVSPropertyOp27
 70
     0
102
RTVSPropertyOp28
 70
     0
102
RTVSPropertyOp29
 70
     0
102
RTVSPropertyOp30
 70
     0
102
RTVSPropertyOp31
 70
     0
102
RTVSPropertyOp32
 70
     0
102
RTVSPropertyOp33
 70
     0
102
RTVSPropertyOp34
 70
     0
102
RTVSPropertyOp35
 70
     0
102
RTVSPropertyOp36
 70
     0
102
RTVSPropertyOp37
 70
     0
102
RTVSPropertyOp38
 70
     0
102
RTVSPropertyOp39
 70
     0
102
RTVSPropertyOp40
 70
     0
102
RTVSPropertyOp41
 70
     0
102
RTVSPropertyOp42
 70
     0
102
RTVSPropertyOp43
 70
     0
102
RTVSPropertyOp44
 70
     0
102
RTVSPropertyOp45
 70
     0
102
RTVSPropertyOp46
 70
     0
102
RTVSPropertyOp47
 70
     0
102
RTVSPropertyOp48
 70
     0
102
RTVSPropertyOp49
 70
     0
102
RTVSPropertyOp50
 70
     0
102
RTVSPropertyOp51
 70
     0
102
RTVSPropertyOp52
 70
     0
102
RTVSPropertyOp53
 70
     0
102
RTVSPropertyOp54
 70
     0
102
RTVSPropertyOp55
 70
     0
102
RTVSPropertyOp56
 70
     0
102
RTVSPropertyOp57
 70
     0
102
RTVSPost2010Prop28
280
     0
102
RTVSPost2010PropOp28
 70
     0
102
RTVSPost2010Prop29
280
     1
102
RTVSPost2010PropOp29
 70
     0
102
RTVSPost2010Prop30
280
     1
102
RTVSPost2010PropOp30
 70
     0
102
RTVSPost2010Prop31
280
     0
102
RTVSPost2010PropOp31
 70
     0
102
RTVSPost2010Prop32
280
     0
102
RTVSPost2010PropOp32
 70
     0
102
RTVSPost2010Prop33
280
     0
102
RTVSPost2010PropOp33
 70
     0
102
RTVSPost2010Prop34
280
     0
102
RTVSPost2010PropOp34
 70
     0
102
RTVSPost2010Prop35
280
     0
102
RTVSPost2010PropOp35
 70
     0
102
RTVSPost2010Prop36
280
     0
102
RTVSPost2010PropOp36
 70
     0
102
RTVSPost2010Prop37
 90
       50
102
RTVSPost2010PropOp37
 70
     0
102
RTVSPost2010Prop38
140
0.0
102
RTVSPost2010PropOp38
 70
     0
102
RTVSPost2010Prop39
140
1.0
102
RTVSPost2010PropOp39
 70
     0
102
RTVSPost2010Prop40
 90
        0
102
RTVSPost2010PropOp40
 70
     0
102
RTVSPost2010Prop41ColorIndex
 90
       18
102
RTVSPost2010Prop41ColorRGB
 90
        0
102
RTVSPost2010PropOp41
 70
     0
102
RTVSPost2010Prop42
 90
       50
102
RTVSPost2010PropOp42
 70
     0
102
RTVSPost2010Prop43
 90
        3
102
RTVSPost2010PropOp43
 70
     0
102
RTVSPost2010Prop44ColorIndex
 90
        5
102
RTVSPost2010Prop44ColorRGB
 90
      255
102
RTVSPost2010PropOp44
 70
     0
102
RTVSPost2010Prop45
280
     0
102
RTVSPost2010PropOp45
 70
     0
102
RTVSPost2010Prop46
 90
       50
102
RTVSPost2010PropOp46
 70
     0
102
RTVSPost2010Prop47
 90
       50
102
RTVSPost2010PropOp47
 70
     0
102
RTVSPost2010Prop48
 90
       50
102
RTVSPost2010PropOp48
 70
     0
102
RTVSPost2010Prop49
280
     0
102
RTVSPost2010PropOp49
 70
     0
102
RTVSPost2010Prop50
 90
       50
102
RTVSPost2010PropOp50
 70
     0
102
RTVSPost2010Prop51ColorIndex
 90
      256
102
RTVSPost2010Prop51ColorRGB
 90
-16777216
102
RTVSPost2010PropOp51
 70
     0
102
RTVSPost2010Prop52
140
1.0
102
RTVSPost2010PropOp52
 70
     0
102
RTVSPost2010Prop53
 90
        2
102
RTVSPost2010PropOp53
 70
     0
102
RTVSPost2010Prop54
  1
strokes_ogs.tif
102
RTVSPost2010PropOp54
 70
     0
102
RTVSPost2010Prop55
280
     0
102
RTVSPost2010PropOp55
 70
     0
102
RTVSPost2010Prop56
140
1.0
102
RTVSPost2010PropOp56
 70
     0
102
RTVSPost2010Prop57
140
1.0
102
RTVSPost2010PropOp57
 70
     0
  0
XRECORD
  5
16B
102
{ACAD_REACTORS
330
16A
102
}
330
16A
100
AcDbXrecord
280
     1
102
RTVSPropertyOp0
 70
     1
102
RTVSPropertyOp1
 70
     1
102
RTVSPropertyOp2
 70
     1
102
RTVSPropertyOp3
 70
     1
102
RTVSPropertyOp4
 70
     1
102
RTVSPropertyOp5
 70
     1
102
RTVSPropertyOp6
 70
     1
102
RTVSPropertyOp7
 70
     1
102
RTVSPropertyOp8
 70
     1
102
RTVSPropertyOp9
 70
     1
102
RTVSPropertyOp10
 70
     1
102
RTVSPropertyOp11
 70
     1
102
RTVSPropertyOp12
 70
     1
102
RTVSPropertyOp13
 70
     1
102
RTVSPropertyOp14
 70
     1
102
RTVSPropertyOp15
 70
     1
102
RTVSPropertyOp16
 70
     1
102
RTVSPropertyOp17
 70
     1
102
RTVSPropertyOp18
 70
     1
102
RTVSPropertyOp19
 70
     1
102
RTVSPropertyOp20
 70
     1
102
RTVSPropertyOp21
 70
     1
102
RTVSPropertyOp22
 70
     1
102
RTVSPropertyOp23
 70
     1
102
RTVSPropertyOp24
 70
     1
102
RTVSPropertyOp25
 70
     1
102
RTVSPropertyOp26
 70
     1
102
RTVSPropertyOp27
 70
     1
102
RTVSPropertyOp28
 70
     1
102
RTVSPropertyOp29
 70
     1
102
RTVSPropertyOp30
 70
     1
102
RTVSPropertyOp31
 70
     1
102
RTVSPropertyOp32
 70
     1
102
RTVSPropertyOp33
 70
     1
102
RTVSPropertyOp34
 70
     1
102
RTVSPropertyOp35
 70
     1
102
RTVSPropertyOp36
 70
     1
102
RTVSPropertyOp37
 70
     1
102
RTVSPropertyOp38
 70
     1
102
RTVSPropertyOp39
 70
     1
102
RTVSPropertyOp40
 70
     1
102
RTVSPropertyOp41
 70
     1
102
RTVSPropertyOp42
 70
     1
102
RTVSPropertyOp43
 70
     1
102
RTVSPropertyOp44
 70
     1
102
RTVSPropertyOp45
 70
     1
102
RTVSPropertyOp46
 70
     1
102
RTVSPropertyOp47
 70
     1
102
RTVSPropertyOp48
 70
     1
102
RTVSPropertyOp49
 70
     1
102
RTVSPropertyOp50
 70
     1
102
RTVSPropertyOp51
 70
     0
102
RTVSPropertyOp52
 70
     0
102
RTVSPropertyOp53
 70
     1
102
RTVSPropertyOp54
 70
     1
102
RTVSPropertyOp55
 70
     1
102
RTVSPropertyOp56
 70
     1
102
RTVSPropertyOp57
 70
     1
102
RTVSPost2010Prop28
280
     0
102
RTVSPost2010PropOp28
 70
     1
102
RTVSPost2010Prop29
280
     1
102
RTVSPost2010PropOp29
 70
     1
102
RTVSPost2010Prop30
280
     1
102
RTVSPost2010PropOp30
 70
     1
102
RTVSPost2010Prop31
280
     0
102
RTVSPost2010PropOp31
 70
     1
102
RTVSPost2010Prop32
280
     0
102
RTVSPost2010PropOp32
 70
     1
102
RTVSPost2010Prop33
280
     0
102
RTVSPost2010PropOp33
 70
     1
102
RTVSPost2010Prop34
280
     0
102
RTVSPost2010PropOp34
 70
     1
102
RTVSPost2010Prop35
280
     0
102
RTVSPost2010PropOp35
 70
     1
102
RTVSPost2010Prop36
280
     0
102
RTVSPost2010PropOp36
 70
     1
102
RTVSPost2010Prop37
 90
       50
102
RTVSPost2010PropOp37
 70
     1
102
RTVSPost2010Prop38
140
0.0
102
RTVSPost2010PropOp38
 70
     1
102
RTVSPost2010Prop39
140
1.0
102
RTVSPost2010PropOp39
 70
     1
102
RTVSPost2010Prop40
 90
        0
102
RTVSPost2010PropOp40
 70
     1
102
RTVSPost2010Prop41ColorIndex
 90
       18
102
RTVSPost2010Prop41ColorRGB
 90
        0
102
RTVSPost2010PropOp41
 70
     1
102
RTVSPost2010Prop42
 90
       50
102
RTVSPost2010PropOp42
 70
     1
102
RTVSPost2010Prop43
 90
        3
102
RTVSPost2010PropOp43
 70
     1
102
RTVSPost2010Prop44ColorIndex
 90
        5
102
RTVSPost2010Prop44ColorRGB
 90
      255
102
RTVSPost2010PropOp44
 70
     1
102
RTVSPost2010Prop45
280
     0
102
RTVSPost2010PropOp45
 70
     1
102
RTVSPost2010Prop46
 90
       50
102
RTVSPost2010PropOp46
 70
     1
102
RTVSPost2010Prop47
 90
       50
102
RTVSPost2010PropOp47
 70
     1
102
RTVSPost2010Prop48
 90
       50
102
RTVSPost2010PropOp48
 70
     1
102
RTVSPost2010Prop49
280
     0
102
RTVSPost2010PropOp49
 70
     1
102
RTVSPost2010Prop50
 90
       50
102
RTVSPost2010PropOp50
 70
     1
102
RTVSPost2010Prop51ColorIndex
 90
      256
102
RTVSPost2010Prop51ColorRGB
 90
-16777216
102
RTVSPost2010PropOp51
 70
     0
102
RTVSPost2010Prop52
140
1.0
102
RTVSPost2010PropOp52
 70
     0
102
RTVSPost2010Prop53
 90
        2
102
RTVSPost2010PropOp53
 70
     1
102
RTVSPost2010Prop54
  1
strokes_ogs.tif
102
RTVSPost2010PropOp54
 70
     1
102
RTVSPost2010Prop55
280
     0
102
RTVSPost2010PropOp55
 70
     1
102
RTVSPost2010Prop56
140
1.0
102
RTVSPost2010PropOp56
 70
     1
102
RTVSPost2010Prop57
140
1.0
102
RTVSPost2010PropOp57
 70
     1
  0
XRECORD
  5
173
102
{ACAD_REACTORS
330
172
102
}
330
172
100
AcDbXrecord
280
     1
102
RTVSPropertyOp0
 70
     0
102
RTVSPropertyOp1
 70
     0
102
RTVSPropertyOp2
 70
     0
102
RTVSPropertyOp3
 70
     0
102
RTVSPropertyOp4
 70
     0
102
RTVSPropertyOp5
 70
     0
102
RTVSPropertyOp6
 70
     0
102
RTVSPropertyOp7
 70
     0
102
RTVSPropertyOp8
 70
     0
102
RTVSPropertyOp9
 70
     0
102
RTVSPropertyOp10
 70
     0
102
RTVSPropertyOp11
 70
     0
102
RTVSPropertyOp12
 70
     0
102
RTVSPropertyOp13
 70
     0
102
RTVSPropertyOp14
 70
     2
102
RTVSPropertyOp15
 70
     0
102
RTVSPropertyOp16
 70
     0
102
RTVSPropertyOp17
 70
     0
102
RTVSPropertyOp18
 70
     0
102
RTVSPropertyOp19
 70
     0
102
RTVSPropertyOp20
 70
     0
102
RTVSPropertyOp21
 70
     0
102
RTVSPropertyOp22
 70
     0
102
RTVSPropertyOp23
 70
     0
102
RTVSPropertyOp24
 70
     0
102
RTVSPropertyOp25
 70
     0
102
RTVSPropertyOp26
 70
     0
102
RTVSPropertyOp27
 70
     0
102
RTVSPropertyOp28
 70
     0
102
RTVSPropertyOp29
 70
     0
102
RTVSPropertyOp30
 70
     0
102
RTVSPropertyOp31
 70
     0
102
RTVSPropertyOp32
 70
     0
102
RTVSPropertyOp33
 70
     0
102
RTVSPropertyOp34
 70
     0
102
RTVSPropertyOp35
 70
     0
102
RTVSPropertyOp36
 70
     0
102
RTVSPropertyOp37
 70
     0
102
RTVSPropertyOp38
 70
     0
102
RTVSPropertyOp39
 70
     0
102
RTVSPropertyOp40
 70
     0
102
RTVSPropertyOp41
 70
     0
102
RTVSPropertyOp42
 70
     0
102
RTVSPropertyOp43
 70
     0
102
RTVSPropertyOp44
 70
     0
102
RTVSPropertyOp45
 70
     0
102
RTVSPropertyOp46
 70
     0
102
RTVSPropertyOp47
 70
     0
102
RTVSPropertyOp48
 70
     0
102
RTVSPropertyOp49
 70
     0
102
RTVSPropertyOp50
 70
     0
102
RTVSPropertyOp51
 70
     0
102
RTVSPropertyOp52
 70
     0
102
RTVSPropertyOp53
 70
     0
102
RTVSPropertyOp54
 70
     0
102
RTVSPropertyOp55
 70
     0
102
RTVSPropertyOp56
 70
     0
102
RTVSPropertyOp57
 70
     0
102
RTVSPost2010Prop28
280
     0
102
RTVSPost2010PropOp28
 70
     0
102
RTVSPost2010Prop29
280
     1
102
RTVSPost2010PropOp29
 70
     0
102
RTVSPost2010Prop30
280
     1
102
RTVSPost2010PropOp30
 70
     0
102
RTVSPost2010Prop31
280
     0
102
RTVSPost2010PropOp31
 70
     0
102
RTVSPost2010Prop32
280
     0
102
RTVSPost2010PropOp32
 70
     0
102
RTVSPost2010Prop33
280
     0
102
RTVSPost2010PropOp33
 70
     0
102
RTVSPost2010Prop34
280
     0
102
RTVSPost2010PropOp34
 70
     0
102
RTVSPost2010Prop35
280
     0
102
RTVSPost2010PropOp35
 70
     0
102
RTVSPost2010Prop36
280
     0
102
RTVSPost2010PropOp36
 70
     0
102
RTVSPost2010Prop37
 90
       50
102
RTVSPost2010PropOp37
 70
     0
102
RTVSPost2010Prop38
140
0.0
102
RTVSPost2010PropOp38
 70
     0
102
RTVSPost2010Prop39
140
1.0
102
RTVSPost2010PropOp39
 70
     0
102
RTVSPost2010Prop40
 90
        0
102
RTVSPost2010PropOp40
 70
     0
102
RTVSPost2010Prop41ColorIndex
 90
       18
102
RTVSPost2010Prop41ColorRGB
 90
        0
102
RTVSPost2010PropOp41
 70
     0
102
RTVSPost2010Prop42
 90
       50
102
RTVSPost2010PropOp42
 70
     0
102
RTVSPost2010Prop43
 90
        3
102
RTVSPost2010PropOp43
 70
     0
102
RTVSPost2010Prop44ColorIndex
 90
        5
102
RTVSPost2010Prop44ColorRGB
 90
      255
102
RTVSPost2010PropOp44
 70
     0
102
RTVSPost2010Prop45
280
     0
102
RTVSPost2010PropOp45
 70
     0
102
RTVSPost2010Prop46
 90
       50
102
RTVSPost2010PropOp46
 70
     0
102
RTVSPost2010Prop47
 90
       50
102
RTVSPost2010PropOp47
 70
     0
102
RTVSPost2010Prop48
 90
       50
102
RTVSPost2010PropOp48
 70
     0
102
RTVSPost2010Prop49
280
     0
102
RTVSPost2010PropOp49
 70
     0
102
RTVSPost2010Prop50
 90
       50
102
RTVSPost2010PropOp50
 70
     0
102
RTVSPost2010Prop51ColorIndex
 90
      256
102
RTVSPost2010Prop51ColorRGB
 90
-16777216
102
RTVSPost2010PropOp51
 70
     0
102
RTVSPost2010Prop52
140
1.0
102
RTVSPost2010PropOp52
 70
     0
102
RTVSPost2010Prop53
 90
        2
102
RTVSPost2010PropOp53
 70
     0
102
RTVSPost2010Prop54
  1
strokes_ogs.tif
102
RTVSPost2010PropOp54
 70
     0
102
RTVSPost2010Prop55
280
     0
102
RTVSPost2010PropOp55
 70
     0
102
RTVSPost2010Prop56
140
1.0
102
RTVSPost2010PropOp56
 70
     0
102
RTVSPost2010Prop57
140
1.0
102
RTVSPost2010PropOp57
 70
     0
  0
XRECORD
  5
161
102
{ACAD_REACTORS
330
160
102
}
330
160
100
AcDbXrecord
280
     1
102
RTVSPropertyOp0
 70
     1
102
RTVSPropertyOp1
 70
     1
102
RTVSPropertyOp2
 70
     1
102
RTVSPropertyOp3
 70
     1
102
RTVSPropertyOp4
 70
     1
102
RTVSPropertyOp5
 70
     1
102
RTVSPropertyOp6
 70
     1
102
RTVSPropertyOp7
 70
     1
102
RTVSPropertyOp8
 70
     1
102
RTVSPropertyOp9
 70
     1
102
RTVSPropertyOp10
 70
     1
102
RTVSPropertyOp11
 70
     1
102
RTVSPropertyOp12
 70
     1
102
RTVSPropertyOp13
 70
     1
102
RTVSPropertyOp14
 70
     1
102
RTVSPropertyOp15
 70
     1
102
RTVSPropertyOp16
 70
     1
102
RTVSPropertyOp17
 70
     1
102
RTVSPropertyOp18
 70
     1
102
RTVSPropertyOp19
 70
     1
102
RTVSPropertyOp20
 70
     1
102
RTVSPropertyOp21
 70
     1
102
RTVSPropertyOp22
 70
     1
102
RTVSPropertyOp23
 70
     1
102
RTVSPropertyOp24
 70
     1
102
RTVSPropertyOp25
 70
     1
102
RTVSPropertyOp26
 70
     1
102
RTVSPropertyOp27
 70
     1
102
RTVSPropertyOp28
 70
     1
102
RTVSPropertyOp29
 70
     1
102
RTVSPropertyOp30
 70
     1
102
RTVSPropertyOp31
 70
     1
102
RTVSPropertyOp32
 70
     1
102
RTVSPropertyOp33
 70
     1
102
RTVSPropertyOp34
 70
     1
102
RTVSPropertyOp35
 70
     1
102
RTVSPropertyOp36
 70
     1
102
RTVSPropertyOp37
 70
     1
102
RTVSPropertyOp38
 70
     1
102
RTVSPropertyOp39
 70
     1
102
RTVSPropertyOp40
 70
     1
102
RTVSPropertyOp41
 70
     1
102
RTVSPropertyOp42
 70
     1
102
RTVSPropertyOp43
 70
     1
102
RTVSPropertyOp44
 70
     1
102
RTVSPropertyOp45
 70
     1
102
RTVSPropertyOp46
 70
     1
102
RTVSPropertyOp47
 70
     1
102
RTVSPropertyOp48
 70
     1
102
RTVSPropertyOp49
 70
     1
102
RTVSPropertyOp50
 70
     1
102
RTVSPropertyOp51
 70
     0
102
RTVSPropertyOp52
 70
     0
102
RTVSPropertyOp53
 70
     1
102
RTVSPropertyOp54
 70
     1
102
RTVSPropertyOp55
 70
     1
102
RTVSPropertyOp56
 70
     1
102
RTVSPropertyOp57
 70
     1
102
RTVSPost2010Prop28
280
     0
102
RTVSPost2010PropOp28
 70
     1
102
RTVSPost2010Prop29
280
     1
102
RTVSPost2010PropOp29
 70
     1
102
RTVSPost2010Prop30
280
     1
102
RTVSPost2010PropOp30
 70
     1
102
RTVSPost2010Prop31
280
     0
102
RTVSPost2010PropOp31
 70
     1
102
RTVSPost2010Prop32
280
     0
102
RTVSPost2010PropOp32
 70
     1
102
RTVSPost2010Prop33
280
     0
102
RTVSPost2010PropOp33
 70
     1
102
RTVSPost2010Prop34
280
     0
102
RTVSPost2010PropOp34
 70
     1
102
RTVSPost2010Prop35
280
     0
102
RTVSPost2010PropOp35
 70
     1
102
RTVSPost2010Prop36
280
     0
102
RTVSPost2010PropOp36
 70
     1
102
RTVSPost2010Prop37
 90
       50
102
RTVSPost2010PropOp37
 70
     1
102
RTVSPost2010Prop38
140
0.0
102
RTVSPost2010PropOp38
 70
     1
102
RTVSPost2010Prop39
140
1.0
102
RTVSPost2010PropOp39
 70
     1
102
RTVSPost2010Prop40
 90
        0
102
RTVSPost2010PropOp40
 70
     1
102
RTVSPost2010Prop41ColorIndex
 90
       18
102
RTVSPost2010Prop41ColorRGB
 90
        0
102
RTVSPost2010PropOp41
 70
     1
102
RTVSPost2010Prop42
 90
       50
102
RTVSPost2010PropOp42
 70
     1
102
RTVSPost2010Prop43
 90
        3
102
RTVSPost2010PropOp43
 70
     1
102
RTVSPost2010Prop44ColorIndex
 90
        5
102
RTVSPost2010Prop44ColorRGB
 90
      255
102
RTVSPost2010PropOp44
 70
     1
102
RTVSPost2010Prop45
280
     0
102
RTVSPost2010PropOp45
 70
     1
102
RTVSPost2010Prop46
 90
       50
102
RTVSPost2010PropOp46
 70
     1
102
RTVSPost2010Prop47
 90
       50
102
RTVSPost2010PropOp47
 70
     1
102
RTVSPost2010Prop48
 90
       50
102
RTVSPost2010PropOp48
 70
     1
102
RTVSPost2010Prop49
280
     0
102
RTVSPost2010PropOp49
 70
     1
102
RTVSPost2010Prop50
 90
       50
102
RTVSPost2010PropOp50
 70
     1
102
RTVSPost2010Prop51ColorIndex
 90
      256
102
RTVSPost2010Prop51ColorRGB
 90
-16777216
102
RTVSPost2010PropOp51
 70
     0
102
RTVSPost2010Prop52
140
1.0
102
RTVSPost2010PropOp52
 70
     0
102
RTVSPost2010Prop53
 90
        2
102
RTVSPost2010PropOp53
 70
     1
102
RTVSPost2010Prop54
  1
strokes_ogs.tif
102
RTVSPost2010PropOp54
 70
     1
102
RTVSPost2010Prop55
280
     0
102
RTVSPost2010PropOp55
 70
     1
102
RTVSPost2010Prop56
140
1.0
102
RTVSPost2010PropOp56
 70
     1
102
RTVSPost2010Prop57
140
1.0
102
RTVSPost2010PropOp57
 70
     1
  0
XRECORD
  5
17F
102
{ACAD_REACTORS
330
17E
102
}
330
17E
100
AcDbXrecord
280
     1
102
RTVSPropertyOp0
 70
     1
102
RTVSPropertyOp1
 70
     1
102
RTVSPropertyOp2
 70
     1
102
RTVSPropertyOp3
 70
     1
102
RTVSPropertyOp4
 70
     1
102
RTVSPropertyOp5
 70
     1
102
RTVSPropertyOp6
 70
     1
102
RTVSPropertyOp7
 70
     1
102
RTVSPropertyOp8
 70
     1
102
RTVSPropertyOp9
 70
     1
102
RTVSPropertyOp10
 70
     1
102
RTVSPropertyOp11
 70
     1
102
RTVSPropertyOp12
 70
     1
102
RTVSPropertyOp13
 70
     1
102
RTVSPropertyOp14
 70
     1
102
RTVSPropertyOp15
 70
     1
102
RTVSPropertyOp16
 70
     1
102
RTVSPropertyOp17
 70
     1
102
RTVSPropertyOp18
 70
     1
102
RTVSPropertyOp19
 70
     1
102
RTVSPropertyOp20
 70
     1
102
RTVSPropertyOp21
 70
     1
102
RTVSPropertyOp22
 70
     1
102
RTVSPropertyOp23
 70
     1
102
RTVSPropertyOp24
 70
     1
102
RTVSPropertyOp25
 70
     1
102
RTVSPropertyOp26
 70
     1
102
RTVSPropertyOp27
 70
     1
102
RTVSPropertyOp28
 70
     1
102
RTVSPropertyOp29
 70
     1
102
RTVSPropertyOp30
 70
     1
102
RTVSPropertyOp31
 70
     1
102
RTVSPropertyOp32
 70
     1
102
RTVSPropertyOp33
 70
     1
102
RTVSPropertyOp34
 70
     1
102
RTVSPropertyOp35
 70
     1
102
RTVSPropertyOp36
 70
     1
102
RTVSPropertyOp37
 70
     1
102
RTVSPropertyOp38
 70
     1
102
RTVSPropertyOp39
 70
     1
102
RTVSPropertyOp40
 70
     1
102
RTVSPropertyOp41
 70
     1
102
RTVSPropertyOp42
 70
     1
102
RTVSPropertyOp43
 70
     1
102
RTVSPropertyOp44
 70
     1
102
RTVSPropertyOp45
 70
     1
102
RTVSPropertyOp46
 70
     1
102
RTVSPropertyOp47
 70
     1
102
RTVSPropertyOp48
 70
     1
102
RTVSPropertyOp49
 70
     1
102
RTVSPropertyOp50
 70
     1
102
RTVSPropertyOp51
 70
     0
102
RTVSPropertyOp52
 70
     0
102
RTVSPropertyOp53
 70
     1
102
RTVSPropertyOp54
 70
     1
102
RTVSPropertyOp55
 70
     1
102
RTVSPropertyOp56
 70
     1
102
RTVSPropertyOp57
 70
     1
102
RTVSPost2010Prop28
280
     0
102
RTVSPost2010PropOp28
 70
     1
102
RTVSPost2010Prop29
280
     1
102
RTVSPost2010PropOp29
 70
     1
102
RTVSPost2010Prop30
280
     1
102
RTVSPost2010PropOp30
 70
     1
102
RTVSPost2010Prop31
280
     0
102
RTVSPost2010PropOp31
 70
     1
102
RTVSPost2010Prop32
280
     0
102
RTVSPost2010PropOp32
 70
     1
102
RTVSPost2010Prop33
280
     0
102
RTVSPost2010PropOp33
 70
     1
102
RTVSPost2010Prop34
280
     0
102
RTVSPost2010PropOp34
 70
     1
102
RTVSPost2010Prop35
280
     0
102
RTVSPost2010PropOp35
 70
     1
102
RTVSPost2010Prop36
280
     0
102
RTVSPost2010PropOp36
 70
     1
102
RTVSPost2010Prop37
 90
       50
102
RTVSPost2010PropOp37
 70
     1
102
RTVSPost2010Prop38
140
0.0
102
RTVSPost2010PropOp38
 70
     1
102
RTVSPost2010Prop39
140
1.0
102
RTVSPost2010PropOp39
 70
     1
102
RTVSPost2010Prop40
 90
        0
102
RTVSPost2010PropOp40
 70
     1
102
RTVSPost2010Prop41ColorIndex
 90
       18
102
RTVSPost2010Prop41ColorRGB
 90
        0
102
RTVSPost2010PropOp41
 70
     1
102
RTVSPost2010Prop42
 90
       50
102
RTVSPost2010PropOp42
 70
     1
102
RTVSPost2010Prop43
 90
        3
102
RTVSPost2010PropOp43
 70
     1
102
RTVSPost2010Prop44ColorIndex
 90
        5
102
RTVSPost2010Prop44ColorRGB
 90
      255
102
RTVSPost2010PropOp44
 70
     1
102
RTVSPost2010Prop45
280
     0
102
RTVSPost2010PropOp45
 70
     1
102
RTVSPost2010Prop46
 90
       50
102
RTVSPost2010PropOp46
 70
     1
102
RTVSPost2010Prop47
 90
       50
102
RTVSPost2010PropOp47
 70
     1
102
RTVSPost2010Prop48
 90
       50
102
RTVSPost2010PropOp48
 70
     1
102
RTVSPost2010Prop49
280
     0
102
RTVSPost2010PropOp49
 70
     1
102
RTVSPost2010Prop50
 90
       50
102
RTVSPost2010PropOp50
 70
     1
102
RTVSPost2010Prop51ColorIndex
 90
      256
102
RTVSPost2010Prop51ColorRGB
 90
-16777216
102
RTVSPost2010PropOp51
 70
     0
102
RTVSPost2010Prop52
140
1.0
102
RTVSPost2010PropOp52
 70
     0
102
RTVSPost2010Prop53
 90
        2
102
RTVSPost2010PropOp53
 70
     1
102
RTVSPost2010Prop54
  1
strokes_ogs.tif
102
RTVSPost2010PropOp54
 70
     1
102
RTVSPost2010Prop55
280
     0
102
RTVSPost2010PropOp55
 70
     1
102
RTVSPost2010Prop56
140
1.0
102
RTVSPost2010PropOp56
 70
     1
102
RTVSPost2010Prop57
140
1.0
102
RTVSPost2010PropOp57
 70
     1
  0
XRECORD
  5
17D
102
{ACAD_REACTORS
330
17C
102
}
330
17C
100
AcDbXrecord
280
     1
102
RTVSPropertyOp0
 70
     1
102
RTVSPropertyOp1
 70
     1
102
RTVSPropertyOp2
 70
     1
102
RTVSPropertyOp3
 70
     1
102
RTVSPropertyOp4
 70
     1
102
RTVSPropertyOp5
 70
     1
102
RTVSPropertyOp6
 70
     1
102
RTVSPropertyOp7
 70
     1
102
RTVSPropertyOp8
 70
     1
102
RTVSPropertyOp9
 70
     1
102
RTVSPropertyOp10
 70
     1
102
RTVSPropertyOp11
 70
     1
102
RTVSPropertyOp12
 70
     1
102
RTVSPropertyOp13
 70
     1
102
RTVSPropertyOp14
 70
     1
102
RTVSPropertyOp15
 70
     1
102
RTVSPropertyOp16
 70
     1
102
RTVSPropertyOp17
 70
     1
102
RTVSPropertyOp18
 70
     1
102
RTVSPropertyOp19
 70
     1
102
RTVSPropertyOp20
 70
     1
102
RTVSPropertyOp21
 70
     1
102
RTVSPropertyOp22
 70
     1
102
RTVSPropertyOp23
 70
     1
102
RTVSPropertyOp24
 70
     1
102
RTVSPropertyOp25
 70
     1
102
RTVSPropertyOp26
 70
     1
102
RTVSPropertyOp27
 70
     1
102
RTVSPropertyOp28
 70
     1
102
RTVSPropertyOp29
 70
     1
102
RTVSPropertyOp30
 70
     1
102
RTVSPropertyOp31
 70
     1
102
RTVSPropertyOp32
 70
     1
102
RTVSPropertyOp33
 70
     1
102
RTVSPropertyOp34
 70
     1
102
RTVSPropertyOp35
 70
     1
102
RTVSPropertyOp36
 70
     1
102
RTVSPropertyOp37
 70
     1
102
RTVSPropertyOp38
 70
     1
102
RTVSPropertyOp39
 70
     1
102
RTVSPropertyOp40
 70
     1
102
RTVSPropertyOp41
 70
     1
102
RTVSPropertyOp42
 70
     1
102
RTVSPropertyOp43
 70
     1
102
RTVSPropertyOp44
 70
     1
102
RTVSPropertyOp45
 70
     1
102
RTVSPropertyOp46
 70
     1
102
RTVSPropertyOp47
 70
     1
102
RTVSPropertyOp48
 70
     1
102
RTVSPropertyOp49
 70
     1
102
RTVSPropertyOp50
 70
     1
102
RTVSPropertyOp51
 70
     0
102
RTVSPropertyOp52
 70
     0
102
RTVSPropertyOp53
 70
     1
102
RTVSPropertyOp54
 70
     1
102
RTVSPropertyOp55
 70
     1
102
RTVSPropertyOp56
 70
     1
102
RTVSPropertyOp57
 70
     1
102
RTVSPost2010Prop28
280
     0
102
RTVSPost2010PropOp28
 70
     1
102
RTVSPost2010Prop29
280
     1
102
RTVSPost2010PropOp29
 70
     1
102
RTVSPost2010Prop30
280
     1
102
RTVSPost2010PropOp30
 70
     1
102
RTVSPost2010Prop31
280
     0
102
RTVSPost2010PropOp31
 70
     1
102
RTVSPost2010Prop32
280
     0
102
RTVSPost2010PropOp32
 70
     1
102
RTVSPost2010Prop33
280
     0
102
RTVSPost2010PropOp33
 70
     1
102
RTVSPost2010Prop34
280
     0
102
RTVSPost2010PropOp34
 70
     1
102
RTVSPost2010Prop35
280
     0
102
RTVSPost2010PropOp35
 70
     1
102
RTVSPost2010Prop36
280
     0
102
RTVSPost2010PropOp36
 70
     1
102
RTVSPost2010Prop37
 90
       50
102
RTVSPost2010PropOp37
 70
     1
102
RTVSPost2010Prop38
140
0.0
102
RTVSPost2010PropOp38
 70
     1
102
RTVSPost2010Prop39
140
1.0
102
RTVSPost2010PropOp39
 70
     1
102
RTVSPost2010Prop40
 90
        0
102
RTVSPost2010PropOp40
 70
     1
102
RTVSPost2010Prop41ColorIndex
 90
       18
102
RTVSPost2010Prop41ColorRGB
 90
        0
102
RTVSPost2010PropOp41
 70
     1
102
RTVSPost2010Prop42
 90
       50
102
RTVSPost2010PropOp42
 70
     1
102
RTVSPost2010Prop43
 90
        3
102
RTVSPost2010PropOp43
 70
     1
102
RTVSPost2010Prop44ColorIndex
 90
        5
102
RTVSPost2010Prop44ColorRGB
 90
      255
102
RTVSPost2010PropOp44
 70
     1
102
RTVSPost2010Prop45
280
     0
102
RTVSPost2010PropOp45
 70
     1
102
RTVSPost2010Prop46
 90
       50
102
RTVSPost2010PropOp46
 70
     1
102
RTVSPost2010Prop47
 90
       50
102
RTVSPost2010PropOp47
 70
     1
102
RTVSPost2010Prop48
 90
       50
102
RTVSPost2010PropOp48
 70
     1
102
RTVSPost2010Prop49
280
     0
102
RTVSPost2010PropOp49
 70
     1
102
RTVSPost2010Prop50
 90
       50
102
RTVSPost2010PropOp50
 70
     1
102
RTVSPost2010Prop51ColorIndex
 90
      256
102
RTVSPost2010Prop51ColorRGB
 90
-16777216
102
RTVSPost2010PropOp51
 70
     0
102
RTVSPost2010Prop52
140
1.0
102
RTVSPost2010PropOp52
 70
     0
102
RTVSPost2010Prop53
 90
        2
102
RTVSPost2010PropOp53
 70
     1
102
RTVSPost2010Prop54
  1
strokes_ogs.tif
102
RTVSPost2010PropOp54
 70
     1
102
RTVSPost2010Prop55
280
     0
102
RTVSPost2010PropOp55
 70
     1
102
RTVSPost2010Prop56
140
1.0
102
RTVSPost2010PropOp56
 70
     1
102
RTVSPost2010Prop57
140
1.0
102
RTVSPost2010PropOp57
 70
     1
  0
XRECORD
  5
177
102
{ACAD_REACTORS
330
176
102
}
330
176
100
AcDbXrecord
280
     1
102
RTVSPropertyOp0
 70
     1
102
RTVSPropertyOp1
 70
     1
102
RTVSPropertyOp2
 70
     1
102
RTVSPropertyOp3
 70
     1
102
RTVSPropertyOp4
 70
     1
102
RTVSPropertyOp5
 70
     1
102
RTVSPropertyOp6
 70
     1
102
RTVSPropertyOp7
 70
     1
102
RTVSPropertyOp8
 70
     1
102
RTVSPropertyOp9
 70
     1
102
RTVSPropertyOp10
 70
     1
102
RTVSPropertyOp11
 70
     1
102
RTVSPropertyOp12
 70
     1
102
RTVSPropertyOp13
 70
     1
102
RTVSPropertyOp14
 70
     1
102
RTVSPropertyOp15
 70
     1
102
RTVSPropertyOp16
 70
     1
102
RTVSPropertyOp17
 70
     1
102
RTVSPropertyOp18
 70
     1
102
RTVSPropertyOp19
 70
     1
102
RTVSPropertyOp20
 70
     1
102
RTVSPropertyOp21
 70
     1
102
RTVSPropertyOp22
 70
     1
102
RTVSPropertyOp23
 70
     1
102
RTVSPropertyOp24
 70
     1
102
RTVSPropertyOp25
 70
     1
102
RTVSPropertyOp26
 70
     1
102
RTVSPropertyOp27
 70
     1
102
RTVSPropertyOp28
 70
     1
102
RTVSPropertyOp29
 70
     1
102
RTVSPropertyOp30
 70
     1
102
RTVSPropertyOp31
 70
     1
102
RTVSPropertyOp32
 70
     1
102
RTVSPropertyOp33
 70
     1
102
RTVSPropertyOp34
 70
     1
102
RTVSPropertyOp35
 70
     1
102
RTVSPropertyOp36
 70
     1
102
RTVSPropertyOp37
 70
     1
102
RTVSPropertyOp38
 70
     1
102
RTVSPropertyOp39
 70
     1
102
RTVSPropertyOp40
 70
     1
102
RTVSPropertyOp41
 70
     1
102
RTVSPropertyOp42
 70
     1
102
RTVSPropertyOp43
 70
     1
102
RTVSPropertyOp44
 70
     1
102
RTVSPropertyOp45
 70
     1
102
RTVSPropertyOp46
 70
     1
102
RTVSPropertyOp47
 70
     1
102
RTVSPropertyOp48
 70
     1
102
RTVSPropertyOp49
 70
     1
102
RTVSPropertyOp50
 70
     1
102
RTVSPropertyOp51
 70
     0
102
RTVSPropertyOp52
 70
     0
102
RTVSPropertyOp53
 70
     1
102
RTVSPropertyOp54
 70
     1
102
RTVSPropertyOp55
 70
     1
102
RTVSPropertyOp56
 70
     1
102
RTVSPropertyOp57
 70
     1
102
RTVSPost2010Prop28
280
     0
102
RTVSPost2010PropOp28
 70
     1
102
RTVSPost2010Prop29
280
     1
102
RTVSPost2010PropOp29
 70
     1
102
RTVSPost2010Prop30
280
     1
102
RTVSPost2010PropOp30
 70
     1
102
RTVSPost2010Prop31
280
     0
102
RTVSPost2010PropOp31
 70
     1
102
RTVSPost2010Prop32
280
     0
102
RTVSPost2010PropOp32
 70
     1
102
RTVSPost2010Prop33
280
     0
102
RTVSPost2010PropOp33
 70
     1
102
RTVSPost2010Prop34
280
     0
102
RTVSPost2010PropOp34
 70
     1
102
RTVSPost2010Prop35
280
     0
102
RTVSPost2010PropOp35
 70
     1
102
RTVSPost2010Prop36
280
     0
102
RTVSPost2010PropOp36
 70
     1
102
RTVSPost2010Prop37
 90
       50
102
RTVSPost2010PropOp37
 70
     1
102
RTVSPost2010Prop38
140
0.0
102
RTVSPost2010PropOp38
 70
     1
102
RTVSPost2010Prop39
140
1.0
102
RTVSPost2010PropOp39
 70
     1
102
RTVSPost2010Prop40
 90
        0
102
RTVSPost2010PropOp40
 70
     1
102
RTVSPost2010Prop41ColorIndex
 90
       18
102
RTVSPost2010Prop41ColorRGB
 90
        0
102
RTVSPost2010PropOp41
 70
     1
102
RTVSPost2010Prop42
 90
       50
102
RTVSPost2010PropOp42
 70
     1
102
RTVSPost2010Prop43
 90
        3
102
RTVSPost2010PropOp43
 70
     1
102
RTVSPost2010Prop44ColorIndex
 90
        5
102
RTVSPost2010Prop44ColorRGB
 90
      255
102
RTVSPost2010PropOp44
 70
     1
102
RTVSPost2010Prop45
280
     0
102
RTVSPost2010PropOp45
 70
     1
102
RTVSPost2010Prop46
 90
       50
102
RTVSPost2010PropOp46
 70
     1
102
RTVSPost2010Prop47
 90
       50
102
RTVSPost2010PropOp47
 70
     1
102
RTVSPost2010Prop48
 90
       50
102
RTVSPost2010PropOp48
 70
     1
102
RTVSPost2010Prop49
280
     0
102
RTVSPost2010PropOp49
 70
     1
102
RTVSPost2010Prop50
 90
       50
102
RTVSPost2010PropOp50
 70
     1
102
RTVSPost2010Prop51ColorIndex
 90
      256
102
RTVSPost2010Prop51ColorRGB
 90
-16777216
102
RTVSPost2010PropOp51
 70
     0
102
RTVSPost2010Prop52
140
1.0
102
RTVSPost2010PropOp52
 70
     0
102
RTVSPost2010Prop53
 90
        2
102
RTVSPost2010PropOp53
 70
     1
102
RTVSPost2010Prop54
  1
strokes_ogs.tif
102
RTVSPost2010PropOp54
 70
     1
102
RTVSPost2010Prop55
280
     0
102
RTVSPost2010PropOp55
 70
     1
102
RTVSPost2010Prop56
140
1.0
102
RTVSPost2010PropOp56
 70
     1
102
RTVSPost2010Prop57
140
1.0
102
RTVSPost2010PropOp57
 70
     1
  0
XRECORD
  5
179
102
{ACAD_REACTORS
330
178
102
}
330
178
100
AcDbXrecord
280
     1
102
RTVSPropertyOp0
 70
     1
102
RTVSPropertyOp1
 70
     1
102
RTVSPropertyOp2
 70
     1
102
RTVSPropertyOp3
 70
     1
102
RTVSPropertyOp4
 70
     1
102
RTVSPropertyOp5
 70
     1
102
RTVSPropertyOp6
 70
     1
102
RTVSPropertyOp7
 70
     1
102
RTVSPropertyOp8
 70
     1
102
RTVSPropertyOp9
 70
     1
102
RTVSPropertyOp10
 70
     1
102
RTVSPropertyOp11
 70
     1
102
RTVSPropertyOp12
 70
     1
102
RTVSPropertyOp13
 70
     1
102
RTVSPropertyOp14
 70
     1
102
RTVSPropertyOp15
 70
     1
102
RTVSPropertyOp16
 70
     1
102
RTVSPropertyOp17
 70
     1
102
RTVSPropertyOp18
 70
     1
102
RTVSPropertyOp19
 70
     1
102
RTVSPropertyOp20
 70
     1
102
RTVSPropertyOp21
 70
     1
102
RTVSPropertyOp22
 70
     1
102
RTVSPropertyOp23
 70
     1
102
RTVSPropertyOp24
 70
     1
102
RTVSPropertyOp25
 70
     1
102
RTVSPropertyOp26
 70
     1
102
RTVSPropertyOp27
 70
     1
102
RTVSPropertyOp28
 70
     1
102
RTVSPropertyOp29
 70
     1
102
RTVSPropertyOp30
 70
     1
102
RTVSPropertyOp31
 70
     1
102
RTVSPropertyOp32
 70
     1
102
RTVSPropertyOp33
 70
     1
102
RTVSPropertyOp34
 70
     1
102
RTVSPropertyOp35
 70
     1
102
RTVSPropertyOp36
 70
     1
102
RTVSPropertyOp37
 70
     1
102
RTVSPropertyOp38
 70
     1
102
RTVSPropertyOp39
 70
     1
102
RTVSPropertyOp40
 70
     1
102
RTVSPropertyOp41
 70
     1
102
RTVSPropertyOp42
 70
     1
102
RTVSPropertyOp43
 70
     1
102
RTVSPropertyOp44
 70
     1
102
RTVSPropertyOp45
 70
     1
102
RTVSPropertyOp46
 70
     1
102
RTVSPropertyOp47
 70
     1
102
RTVSPropertyOp48
 70
     1
102
RTVSPropertyOp49
 70
     1
102
RTVSPropertyOp50
 70
     1
102
RTVSPropertyOp51
 70
     0
102
RTVSPropertyOp52
 70
     0
102
RTVSPropertyOp53
 70
     1
102
RTVSPropertyOp54
 70
     1
102
RTVSPropertyOp55
 70
     1
102
RTVSPropertyOp56
 70
     1
102
RTVSPropertyOp57
 70
     1
102
RTVSPost2010Prop28
280
     0
102
RTVSPost2010PropOp28
 70
     1
102
RTVSPost2010Prop29
280
     1
102
RTVSPost2010PropOp29
 70
     1
102
RTVSPost2010Prop30
280
     1
102
RTVSPost2010PropOp30
 70
     1
102
RTVSPost2010Prop31
280
     0
102
RTVSPost2010PropOp31
 70
     1
102
RTVSPost2010Prop32
280
     0
102
RTVSPost2010PropOp32
 70
     1
102
RTVSPost2010Prop33
280
     0
102
RTVSPost2010PropOp33
 70
     1
102
RTVSPost2010Prop34
280
     0
102
RTVSPost2010PropOp34
 70
     1
102
RTVSPost2010Prop35
280
     0
102
RTVSPost2010PropOp35
 70
     1
102
RTVSPost2010Prop36
280
     0
102
RTVSPost2010PropOp36
 70
     1
102
RTVSPost2010Prop37
 90
       50
102
RTVSPost2010PropOp37
 70
     1
102
RTVSPost2010Prop38
140
0.0
102
RTVSPost2010PropOp38
 70
     1
102
RTVSPost2010Prop39
140
1.0
102
RTVSPost2010PropOp39
 70
     1
102
RTVSPost2010Prop40
 90
        0
102
RTVSPost2010PropOp40
 70
     1
102
RTVSPost2010Prop41ColorIndex
 90
       18
102
RTVSPost2010Prop41ColorRGB
 90
        0
102
RTVSPost2010PropOp41
 70
     1
102
RTVSPost2010Prop42
 90
       50
102
RTVSPost2010PropOp42
 70
     1
102
RTVSPost2010Prop43
 90
        3
102
RTVSPost2010PropOp43
 70
     1
102
RTVSPost2010Prop44ColorIndex
 90
        5
102
RTVSPost2010Prop44ColorRGB
 90
      255
102
RTVSPost2010PropOp44
 70
     1
102
RTVSPost2010Prop45
280
     0
102
RTVSPost2010PropOp45
 70
     1
102
RTVSPost2010Prop46
 90
       50
102
RTVSPost2010PropOp46
 70
     1
102
RTVSPost2010Prop47
 90
       50
102
RTVSPost2010PropOp47
 70
     1
102
RTVSPost2010Prop48
 90
       50
102
RTVSPost2010PropOp48
 70
     1
102
RTVSPost2010Prop49
280
     0
102
RTVSPost2010PropOp49
 70
     1
102
RTVSPost2010Prop50
 90
       50
102
RTVSPost2010PropOp50
 70
     1
102
RTVSPost2010Prop51ColorIndex
 90
      256
102
RTVSPost2010Prop51ColorRGB
 90
-16777216
102
RTVSPost2010PropOp51
 70
     0
102
RTVSPost2010Prop52
140
1.0
102
RTVSPost2010PropOp52
 70
     0
102
RTVSPost2010Prop53
 90
        2
102
RTVSPost2010PropOp53
 70
     1
102
RTVSPost2010Prop54
  1
strokes_ogs.tif
102
RTVSPost2010PropOp54
 70
     1
102
RTVSPost2010Prop55
280
     0
102
RTVSPost2010PropOp55
 70
     1
102
RTVSPost2010Prop56
140
1.0
102
RTVSPost2010PropOp56
 70
     1
102
RTVSPost2010Prop57
140
1.0
102
RTVSPost2010PropOp57
 70
     1
  0
XRECORD
  5
169
102
{ACAD_REACTORS
330
168
102
}
330
168
100
AcDbXrecord
280
     1
102
RTVSPropertyOp0
 70
     1
102
RTVSPropertyOp1
 70
     1
102
RTVSPropertyOp2
 70
     1
102
RTVSPropertyOp3
 70
     1
102
RTVSPropertyOp4
 70
     1
102
RTVSPropertyOp5
 70
     1
102
RTVSPropertyOp6
 70
     1
102
RTVSPropertyOp7
 70
     1
102
RTVSPropertyOp8
 70
     1
102
RTVSPropertyOp9
 70
     1
102
RTVSPropertyOp10
 70
     1
102
RTVSPropertyOp11
 70
     1
102
RTVSPropertyOp12
 70
     1
102
RTVSPropertyOp13
 70
     1
102
RTVSPropertyOp14
 70
     1
102
RTVSPropertyOp15
 70
     1
102
RTVSPropertyOp16
 70
     1
102
RTVSPropertyOp17
 70
     1
102
RTVSPropertyOp18
 70
     1
102
RTVSPropertyOp19
 70
     1
102
RTVSPropertyOp20
 70
     1
102
RTVSPropertyOp21
 70
     1
102
RTVSPropertyOp22
 70
     1
102
RTVSPropertyOp23
 70
     1
102
RTVSPropertyOp24
 70
     1
102
RTVSPropertyOp25
 70
     1
102
RTVSPropertyOp26
 70
     1
102
RTVSPropertyOp27
 70
     1
102
RTVSPropertyOp28
 70
     1
102
RTVSPropertyOp29
 70
     1
102
RTVSPropertyOp30
 70
     1
102
RTVSPropertyOp31
 70
     1
102
RTVSPropertyOp32
 70
     1
102
RTVSPropertyOp33
 70
     1
102
RTVSPropertyOp34
 70
     1
102
RTVSPropertyOp35
 70
     1
102
RTVSPropertyOp36
 70
     1
102
RTVSPropertyOp37
 70
     1
102
RTVSPropertyOp38
 70
     1
102
RTVSPropertyOp39
 70
     1
102
RTVSPropertyOp40
 70
     1
102
RTVSPropertyOp41
 70
     1
102
RTVSPropertyOp42
 70
     1
102
RTVSPropertyOp43
 70
     1
102
RTVSPropertyOp44
 70
     1
102
RTVSPropertyOp45
 70
     1
102
RTVSPropertyOp46
 70
     1
102
RTVSPropertyOp47
 70
     1
102
RTVSPropertyOp48
 70
     1
102
RTVSPropertyOp49
 70
     1
102
RTVSPropertyOp50
 70
     1
102
RTVSPropertyOp51
 70
     0
102
RTVSPropertyOp52
 70
     0
102
RTVSPropertyOp53
 70
     1
102
RTVSPropertyOp54
 70
     1
102
RTVSPropertyOp55
 70
     1
102
RTVSPropertyOp56
 70
     1
102
RTVSPropertyOp57
 70
     1
102
RTVSPost2010Prop28
280
     0
102
RTVSPost2010PropOp28
 70
     1
102
RTVSPost2010Prop29
280
     1
102
RTVSPost2010PropOp29
 70
     1
102
RTVSPost2010Prop30
280
     1
102
RTVSPost2010PropOp30
 70
     1
102
RTVSPost2010Prop31
280
     0
102
RTVSPost2010PropOp31
 70
     1
102
RTVSPost2010Prop32
280
     0
102
RTVSPost2010PropOp32
 70
     1
102
RTVSPost2010Prop33
280
     0
102
RTVSPost2010PropOp33
 70
     1
102
RTVSPost2010Prop34
280
     0
102
RTVSPost2010PropOp34
 70
     1
102
RTVSPost2010Prop35
280
     0
102
RTVSPost2010PropOp35
 70
     1
102
RTVSPost2010Prop36
280
     0
102
RTVSPost2010PropOp36
 70
     1
102
RTVSPost2010Prop37
 90
       50
102
RTVSPost2010PropOp37
 70
     1
102
RTVSPost2010Prop38
140
0.0
102
RTVSPost2010PropOp38
 70
     1
102
RTVSPost2010Prop39
140
1.0
102
RTVSPost2010PropOp39
 70
     1
102
RTVSPost2010Prop40
 90
        0
102
RTVSPost2010PropOp40
 70
     1
102
RTVSPost2010Prop41ColorIndex
 90
       18
102
RTVSPost2010Prop41ColorRGB
 90
        0
102
RTVSPost2010PropOp41
 70
     1
102
RTVSPost2010Prop42
 90
       50
102
RTVSPost2010PropOp42
 70
     1
102
RTVSPost2010Prop43
 90
        3
102
RTVSPost2010PropOp43
 70
     1
102
RTVSPost2010Prop44ColorIndex
 90
        5
102
RTVSPost2010Prop44ColorRGB
 90
      255
102
RTVSPost2010PropOp44
 70
     1
102
RTVSPost2010Prop45
280
     0
102
RTVSPost2010PropOp45
 70
     1
102
RTVSPost2010Prop46
 90
       50
102
RTVSPost2010PropOp46
 70
     1
102
RTVSPost2010Prop47
 90
       50
102
RTVSPost2010PropOp47
 70
     1
102
RTVSPost2010Prop48
 90
       50
102
RTVSPost2010PropOp48
 70
     1
102
RTVSPost2010Prop49
280
     0
102
RTVSPost2010PropOp49
 70
     1
102
RTVSPost2010Prop50
 90
       50
102
RTVSPost2010PropOp50
 70
     1
102
RTVSPost2010Prop51ColorIndex
 90
      256
102
RTVSPost2010Prop51ColorRGB
 90
-16777216
102
RTVSPost2010PropOp51
 70
     0
102
RTVSPost2010Prop52
140
1.0
102
RTVSPost2010PropOp52
 70
     0
102
RTVSPost2010Prop53
 90
        2
102
RTVSPost2010PropOp53
 70
     1
102
RTVSPost2010Prop54
  1
strokes_ogs.tif
102
RTVSPost2010PropOp54
 70
     1
102
RTVSPost2010Prop55
280
     0
102
RTVSPost2010PropOp55
 70
     1
102
RTVSPost2010Prop56
140
1.0
102
RTVSPost2010PropOp56
 70
     1
102
RTVSPost2010Prop57
140
1.0
102
RTVSPost2010PropOp57
 70
     1
  0
XRECORD
  5
15B
102
{ACAD_REACTORS
330
15A
102
}
330
15A
100
AcDbXrecord
280
     1
102
RTVSPropertyOp0
 70
     1
102
RTVSPropertyOp1
 70
     1
102
RTVSPropertyOp2
 70
     1
102
RTVSPropertyOp3
 70
     1
102
RTVSPropertyOp4
 70
     1
102
RTVSPropertyOp5
 70
     1
102
RTVSPropertyOp6
 70
     1
102
RTVSPropertyOp7
 70
     1
102
RTVSPropertyOp8
 70
     1
102
RTVSPropertyOp9
 70
     1
102
RTVSPropertyOp10
 70
     1
102
RTVSPropertyOp11
 70
     1
102
RTVSPropertyOp12
 70
     1
102
RTVSPropertyOp13
 70
     1
102
RTVSPropertyOp14
 70
     1
102
RTVSPropertyOp15
 70
     1
102
RTVSPropertyOp16
 70
     1
102
RTVSPropertyOp17
 70
     1
102
RTVSPropertyOp18
 70
     1
102
RTVSPropertyOp19
 70
     1
102
RTVSPropertyOp20
 70
     1
102
RTVSPropertyOp21
 70
     1
102
RTVSPropertyOp22
 70
     1
102
RTVSPropertyOp23
 70
     1
102
RTVSPropertyOp24
 70
     1
102
RTVSPropertyOp25
 70
     1
102
RTVSPropertyOp26
 70
     1
102
RTVSPropertyOp27
 70
     1
102
RTVSPropertyOp28
 70
     1
102
RTVSPropertyOp29
 70
     1
102
RTVSPropertyOp30
 70
     1
102
RTVSPropertyOp31
 70
     1
102
RTVSPropertyOp32
 70
     1
102
RTVSPropertyOp33
 70
     1
102
RTVSPropertyOp34
 70
     1
102
RTVSPropertyOp35
 70
     1
102
RTVSPropertyOp36
 70
     1
102
RTVSPropertyOp37
 70
     1
102
RTVSPropertyOp38
 70
     1
102
RTVSPropertyOp39
 70
     1
102
RTVSPropertyOp40
 70
     1
102
RTVSPropertyOp41
 70
     1
102
RTVSPropertyOp42
 70
     1
102
RTVSPropertyOp43
 70
     1
102
RTVSPropertyOp44
 70
     1
102
RTVSPropertyOp45
 70
     1
102
RTVSPropertyOp46
 70
     1
102
RTVSPropertyOp47
 70
     1
102
RTVSPropertyOp48
 70
     1
102
RTVSPropertyOp49
 70
     1
102
RTVSPropertyOp50
 70
     1
102
RTVSPropertyOp51
 70
     0
102
RTVSPropertyOp52
 70
     0
102
RTVSPropertyOp53
 70
     1
102
RTVSPropertyOp54
 70
     1
102
RTVSPropertyOp55
 70
     1
102
RTVSPropertyOp56
 70
     1
102
RTVSPropertyOp57
 70
     1
102
RTVSPost2010Prop28
280
     0
102
RTVSPost2010PropOp28
 70
     1
102
RTVSPost2010Prop29
280
     1
102
RTVSPost2010PropOp29
 70
     1
102
RTVSPost2010Prop30
280
     1
102
RTVSPost2010PropOp30
 70
     1
102
RTVSPost2010Prop31
280
     0
102
RTVSPost2010PropOp31
 70
     1
102
RTVSPost2010Prop32
280
     0
102
RTVSPost2010PropOp32
 70
     1
102
RTVSPost2010Prop33
280
     0
102
RTVSPost2010PropOp33
 70
     1
102
RTVSPost2010Prop34
280
     0
102
RTVSPost2010PropOp34
 70
     1
102
RTVSPost2010Prop35
280
     0
102
RTVSPost2010PropOp35
 70
     1
102
RTVSPost2010Prop36
280
     0
102
RTVSPost2010PropOp36
 70
     1
102
RTVSPost2010Prop37
 90
       50
102
RTVSPost2010PropOp37
 70
     1
102
RTVSPost2010Prop38
140
0.0
102
RTVSPost2010PropOp38
 70
     1
102
RTVSPost2010Prop39
140
1.0
102
RTVSPost2010PropOp39
 70
     1
102
RTVSPost2010Prop40
 90
        0
102
RTVSPost2010PropOp40
 70
     1
102
RTVSPost2010Prop41ColorIndex
 90
       18
102
RTVSPost2010Prop41ColorRGB
 90
        0
102
RTVSPost2010PropOp41
 70
     1
102
RTVSPost2010Prop42
 90
       50
102
RTVSPost2010PropOp42
 70
     1
102
RTVSPost2010Prop43
 90
        3
102
RTVSPost2010PropOp43
 70
     1
102
RTVSPost2010Prop44ColorIndex
 90
        5
102
RTVSPost2010Prop44ColorRGB
 90
      255
102
RTVSPost2010PropOp44
 70
     1
102
RTVSPost2010Prop45
280
     0
102
RTVSPost2010PropOp45
 70
     1
102
RTVSPost2010Prop46
 90
       50
102
RTVSPost2010PropOp46
 70
     1
102
RTVSPost2010Prop47
 90
       50
102
RTVSPost2010PropOp47
 70
     1
102
RTVSPost2010Prop48
 90
       50
102
RTVSPost2010PropOp48
 70
     1
102
RTVSPost2010Prop49
280
     0
102
RTVSPost2010PropOp49
 70
     1
102
RTVSPost2010Prop50
 90
       50
102
RTVSPost2010PropOp50
 70
     1
102
RTVSPost2010Prop51ColorIndex
 90
      256
102
RTVSPost2010Prop51ColorRGB
 90
-16777216
102
RTVSPost2010PropOp51
 70
     0
102
RTVSPost2010Prop52
140
1.0
102
RTVSPost2010PropOp52
 70
     0
102
RTVSPost2010Prop53
 90
        2
102
RTVSPost2010PropOp53
 70
     1
102
RTVSPost2010Prop54
  1
strokes_ogs.tif
102
RTVSPost2010PropOp54
 70
     1
102
RTVSPost2010Prop55
280
     0
102
RTVSPost2010PropOp55
 70
     1
102
RTVSPost2010Prop56
140
1.0
102
RTVSPost2010PropOp56
 70
     1
102
RTVSPost2010Prop57
140
1.0
102
RTVSPost2010PropOp57
 70
     1
  0
XRECORD
  5
17B
102
{ACAD_REACTORS
330
17A
102
}
330
17A
100
AcDbXrecord
280
     1
102
RTVSPropertyOp0
 70
     1
102
RTVSPropertyOp1
 70
     1
102
RTVSPropertyOp2
 70
     1
102
RTVSPropertyOp3
 70
     1
102
RTVSPropertyOp4
 70
     1
102
RTVSPropertyOp5
 70
     1
102
RTVSPropertyOp6
 70
     1
102
RTVSPropertyOp7
 70
     1
102
RTVSPropertyOp8
 70
     1
102
RTVSPropertyOp9
 70
     1
102
RTVSPropertyOp10
 70
     1
102
RTVSPropertyOp11
 70
     1
102
RTVSPropertyOp12
 70
     1
102
RTVSPropertyOp13
 70
     1
102
RTVSPropertyOp14
 70
     1
102
RTVSPropertyOp15
 70
     1
102
RTVSPropertyOp16
 70
     1
102
RTVSPropertyOp17
 70
     1
102
RTVSPropertyOp18
 70
     1
102
RTVSPropertyOp19
 70
     1
102
RTVSPropertyOp20
 70
     1
102
RTVSPropertyOp21
 70
     1
102
RTVSPropertyOp22
 70
     1
102
RTVSPropertyOp23
 70
     1
102
RTVSPropertyOp24
 70
     1
102
RTVSPropertyOp25
 70
     1
102
RTVSPropertyOp26
 70
     1
102
RTVSPropertyOp27
 70
     1
102
RTVSPropertyOp28
 70
     1
102
RTVSPropertyOp29
 70
     1
102
RTVSPropertyOp30
 70
     1
102
RTVSPropertyOp31
 70
     1
102
RTVSPropertyOp32
 70
     1
102
RTVSPropertyOp33
 70
     1
102
RTVSPropertyOp34
 70
     1
102
RTVSPropertyOp35
 70
     1
102
RTVSPropertyOp36
 70
     1
102
RTVSPropertyOp37
 70
     1
102
RTVSPropertyOp38
 70
     1
102
RTVSPropertyOp39
 70
     1
102
RTVSPropertyOp40
 70
     1
102
RTVSPropertyOp41
 70
     1
102
RTVSPropertyOp42
 70
     1
102
RTVSPropertyOp43
 70
     1
102
RTVSPropertyOp44
 70
     1
102
RTVSPropertyOp45
 70
     1
102
RTVSPropertyOp46
 70
     1
102
RTVSPropertyOp47
 70
     1
102
RTVSPropertyOp48
 70
     1
102
RTVSPropertyOp49
 70
     1
102
RTVSPropertyOp50
 70
     1
102
RTVSPropertyOp51
 70
     0
102
RTVSPropertyOp52
 70
     0
102
RTVSPropertyOp53
 70
     1
102
RTVSPropertyOp54
 70
     1
102
RTVSPropertyOp55
 70
     1
102
RTVSPropertyOp56
 70
     1
102
RTVSPropertyOp57
 70
     1
102
RTVSPost2010Prop28
280
     0
102
RTVSPost2010PropOp28
 70
     1
102
RTVSPost2010Prop29
280
     1
102
RTVSPost2010PropOp29
 70
     1
102
RTVSPost2010Prop30
280
     1
102
RTVSPost2010PropOp30
 70
     1
102
RTVSPost2010Prop31
280
     0
102
RTVSPost2010PropOp31
 70
     1
102
RTVSPost2010Prop32
280
     0
102
RTVSPost2010PropOp32
 70
     1
102
RTVSPost2010Prop33
280
     0
102
RTVSPost2010PropOp33
 70
     1
102
RTVSPost2010Prop34
280
     0
102
RTVSPost2010PropOp34
 70
     1
102
RTVSPost2010Prop35
280
     0
102
RTVSPost2010PropOp35
 70
     1
102
RTVSPost2010Prop36
280
     0
102
RTVSPost2010PropOp36
 70
     1
102
RTVSPost2010Prop37
 90
       50
102
RTVSPost2010PropOp37
 70
     1
102
RTVSPost2010Prop38
140
0.0
102
RTVSPost2010PropOp38
 70
     1
102
RTVSPost2010Prop39
140
1.0
102
RTVSPost2010PropOp39
 70
     1
102
RTVSPost2010Prop40
 90
        0
102
RTVSPost2010PropOp40
 70
     1
102
RTVSPost2010Prop41ColorIndex
 90
       18
102
RTVSPost2010Prop41ColorRGB
 90
        0
102
RTVSPost2010PropOp41
 70
     1
102
RTVSPost2010Prop42
 90
       50
102
RTVSPost2010PropOp42
 70
     1
102
RTVSPost2010Prop43
 90
        3
102
RTVSPost2010PropOp43
 70
     1
102
RTVSPost2010Prop44ColorIndex
 90
        5
102
RTVSPost2010Prop44ColorRGB
 90
      255
102
RTVSPost2010PropOp44
 70
     1
102
RTVSPost2010Prop45
280
     0
102
RTVSPost2010PropOp45
 70
     1
102
RTVSPost2010Prop46
 90
       50
102
RTVSPost2010PropOp46
 70
     1
102
RTVSPost2010Prop47
 90
       50
102
RTVSPost2010PropOp47
 70
     1
102
RTVSPost2010Prop48
 90
       50
102
RTVSPost2010PropOp48
 70
     1
102
RTVSPost2010Prop49
280
     0
102
RTVSPost2010PropOp49
 70
     1
102
RTVSPost2010Prop50
 90
       50
102
RTVSPost2010PropOp50
 70
     1
102
RTVSPost2010Prop51ColorIndex
 90
      256
102
RTVSPost2010Prop51ColorRGB
 90
-16777216
102
RTVSPost2010PropOp51
 70
     0
102
RTVSPost2010Prop52
140
1.0
102
RTVSPost2010PropOp52
 70
     0
102
RTVSPost2010Prop53
 90
        2
102
RTVSPost2010PropOp53
 70
     1
102
RTVSPost2010Prop54
  1
strokes_ogs.tif
102
RTVSPost2010PropOp54
 70
     1
102
RTVSPost2010Prop55
280
     0
102
RTVSPost2010PropOp55
 70
     1
102
RTVSPost2010Prop56
140
1.0
102
RTVSPost2010PropOp56
 70
     1
102
RTVSPost2010Prop57
140
1.0
102
RTVSPost2010PropOp57
 70
     1
  0
ENDSEC
  0
EOF
