  0
SECTION
  2
HEADER
  9
$ACADVER
  1
AC1032
  9
$ACADMAINTVER
 90
       55
  9
$DWGCODEPAGE
  3
ANSI_1252
  9
$LASTSAVEDBY
  1
jgmal
  9
$REQUIREDVERSIONS
160
                 0
  9
$INSBASE
 10
0.0
 20
0.0
 30
0.0
  9
$EXTMIN
 10
-339.5425609999996
 20
-367.590075
 30
0.0
  9
$EXTMAX
 10
1078.005403
 20
79.86045899999997
 30
0.0
  9
$LIMMIN
 10
-0.5
 20
-0.5
  9
$LIMMAX
 10
5.0
 20
5.0
  9
$ORTHOMODE
 70
     1
  9
$REGENMODE
 70
     1
  9
$FILLMODE
 70
     1
  9
$QTEXTMODE
 70
     0
  9
$MIRRTEXT
 70
     1
  9
$LTSCALE
 40
1.0
  9
$ATTMODE
 70
     1
  9
$TEXTSIZE
 40
0.2
  9
$TRACEWID
 40
0.05
  9
$TEXTSTYLE
  7
Standard
  9
$CLAYER
  8
0
  9
$CELTYPE
  6
ByLayer
  9
$CECOLOR
 62
   256
  9
$CELTSCALE
 40
1.0
  9
$DISPSILH
 70
     0
  9
$DIMSCALE
 40
1.0
  9
$DIMASZ
 40
0.18
  9
$DIMEXO
 40
0.0625
  9
$DIMDLI
 40
0.38
  9
$DIMRND
 40
0.0
  9
$DIMDLE
 40
0.0
  9
$DIMEXE
 40
0.18
  9
$DIMTP
 40
0.0
  9
$DIMTM
 40
0.0
  9
$DIMTXT
 40
0.18
  9
$DIMCEN
 40
0.09
  9
$DIMTSZ
 40
0.0
  9
$DIMTOL
 70
     0
  9
$DIMLIM
 70
     0
  9
$DIMTIH
 70
     1
  9
$DIMTOH
 70
     1
  9
$DIMSE1
 70
     0
  9
$DIMSE2
 70
     0
  9
$DIMTAD
 70
     0
  9
$DIMZIN
 70
     0
  9
$DIMBLK
  1

  9
$DIMASO
 70
     1
  9
$DIMSHO
 70
     1
  9
$DIMPOST
  1

  9
$DIMAPOST
  1

  9
$DIMALT
 70
     0
  9
$DIMALTD
 70
     2
  9
$DIMALTF
 40
25.4
  9
$DIMLFAC
 40
1.0
  9
$DIMTOFL
 70
     0
  9
$DIMTVP
 40
0.0
  9
$DIMTIX
 70
     0
  9
$DIMSOXD
 70
     0
  9
$DIMSAH
 70
     0
  9
$DIMBLK1
  1

  9
$DIMBLK2
  1

  9
$DIMSTYLE
  2
Standard
  9
$DIMCLRD
 70
     0
  9
$DIMCLRE
 70
     0
  9
$DIMCLRT
 70
     0
  9
$DIMTFAC
 40
1.0
  9
$DIMGAP
 40
0.09
  9
$DIMJUST
 70
     0
  9
$DIMSD1
 70
     0
  9
$DIMSD2
 70
     0
  9
$DIMTOLJ
 70
     1
  9
$DIMTZIN
 70
     0
  9
$DIMALTZ
 70
     0
  9
$DIMALTTZ
 70
     0
  9
$DIMUPT
 70
     0
  9
$DIMDEC
 70
     4
  9
$DIMTDEC
 70
     4
  9
$DIMALTU
 70
     2
  9
$DIMALTTD
 70
     2
  9
$DIMTXSTY
  7
Standard
  9
$DIMAUNIT
 70
     0
  9
$DIMADEC
 70
     0
  9
$DIMALTRND
 40
0.0
  9
$DIMAZIN
 70
     0
  9
$DIMDSEP
 70
    46
  9
$DIMATFIT
 70
     3
  9
$DIMFRAC
 70
     0
  9
$DIMLDRBLK
  1

  9
$DIMLUNIT
 70
     2
  9
$DIMLWD
 70
    -2
  9
$DIMLWE
 70
    -2
  9
$DIMTMOVE
 70
     0
  9
$DIMFXL
 40
1.0
  9
$DIMFXLON
 70
     0
  9
$DIMJOGANG
 40
0.7853981633974483
  9
$DIMTFILL
 70
     0
  9
$DIMTFILLCLR
 70
     0
  9
$DIMARCSYM
 70
     0
  9
$DIMLTYPE
  6

  9
$DIMLTEX1
  6

  9
$DIMLTEX2
  6

  9
$DIMTXTDIRECTION
 70
     0
  9
$LUNITS
 70
     2
  9
$LUPREC
 70
     4
  9
$SKETCHINC
 40
0.1
  9
$FILLETRAD
 40
0.5
  9
$AUNITS
 70
     0
  9
$AUPREC
 70
     0
  9
$MENU
  1
.
  9
$ELEVATION
 40
0.0
  9
$PELEVATION
 40
0.0
  9
$THICKNESS
 40
0.0
  9
$LIMCHECK
 70
     0
  9
$CHAMFERA
 40
0.0
  9
$CHAMFERB
 40
0.0
  9
$CHAMFERC
 40
0.0
  9
$CHAMFERD
 40
0.0
  9
$SKPOLY
 70
     0
  9
$TDCREATE
 40
2459058.896099537
  9
$TDUCREATE
 40
2459058.812772512
  9
$TDUPDATE
 40
2459383.554664352
  9
$TDUUPDATE
 40
2459383.471331019
  9
$TDINDWG
 40
0.0102430671
  9
$TDUSRTIMER
 40
0.0102430671
  9
$USRTIMER
 70
     1
  9
$ANGBASE
 50
0.0
  9
$ANGDIR
 70
     0
  9
$PDMODE
 70
     0
  9
$PDSIZE
 40
0.0
  9
$PLINEWID
 40
0.0
  9
$SPLFRAME
 70
     0
  9
$SPLINETYPE
 70
     6
  9
$SPLINESEGS
 70
     8
  9
$HANDSEED
  5
197
  9
$SURFTAB1
 70
     6
  9
$SURFTAB2
 70
     6
  9
$SURFTYPE
 70
     6
  9
$SURFU
 70
     6
  9
$SURFV
 70
     6
  9
$UCSBASE
  2

  9
$UCSNAME
  2

  9
$UCSORG
 10
0.0
 20
0.0
 30
0.0
  9
$UCSXDIR
 10
1.0
 20
0.0
 30
0.0
  9
$UCSYDIR
 10
0.0
 20
1.0
 30
0.0
  9
$UCSORTHOREF
  2

  9
$UCSORTHOVIEW
 70
     0
  9
$UCSORGTOP
 10
0.0
 20
0.0
 30
0.0
  9
$UCSORGBOTTOM
 10
0.0
 20
0.0
 30
0.0
  9
$UCSORGLEFT
 10
0.0
 20
0.0
 30
0.0
  9
$UCSORGRIGHT
 10
0.0
 20
0.0
 30
0.0
  9
$UCSORGFRONT
 10
0.0
 20
0.0
 30
0.0
  9
$UCSORGBACK
 10
0.0
 20
0.0
 30
0.0
  9
$PUCSBASE
  2

  9
$PUCSNAME
  2

  9
$PUCSORG
 10
0.0
 20
0.0
 30
0.0
  9
$PUCSXDIR
 10
1.0
 20
0.0
 30
0.0
  9
$PUCSYDIR
 10
0.0
 20
1.0
 30
0.0
  9
$PUCSORTHOREF
  2

  9
$PUCSORTHOVIEW
 70
     0
  9
$PUCSORGTOP
 10
0.0
 20
0.0
 30
0.0
  9
$PUCSORGBOTTOM
 10
0.0
 20
0.0
 30
0.0
  9
$PUCSORGLEFT
 10
0.0
 20
0.0
 30
0.0
  9
$PUCSORGRIGHT
 10
0.0
 20
0.0
 30
0.0
  9
$PUCSORGFRONT
 10
0.0
 20
0.0
 30
0.0
  9
$PUCSORGBACK
 10
0.0
 20
0.0
 30
0.0
  9
$USERI1
 70
     0
  9
$USERI2
 70
     0
  9
$USERI3
 70
     0
  9
$USERI4
 70
     0
  9
$USERI5
 70
     0
  9
$USERR1
 40
0.0
  9
$USERR2
 40
0.0
  9
$USERR3
 40
0.0
  9
$USERR4
 40
0.0
  9
$USERR5
 40
0.0
  9
$WORLDVIEW
 70
     1
  9
$SHADEDGE
 70
     3
  9
$SHADEDIF
 70
    70
  9
$TILEMODE
 70
     1
  9
$MAXACTVP
 70
    64
  9
$PINSBASE
 10
0.0
 20
0.0
 30
0.0
  9
$PLIMCHECK
 70
     0
  9
$PEXTMIN
 10
-0.5
 20
-0.5
 30
-0.5
  9
$PEXTMAX
 10
5.0
 20
5.0
 30
5.0
  9
$PLIMMIN
 10
-0.5
 20
-0.5
  9
$PLIMMAX
 10
5.0
 20
5.0
  9
$UNITMODE
 70
     0
  9
$VISRETAIN
 70
     1
  9
$PLINEGEN
 70
     0
  9
$PSLTSCALE
 70
     1
  9
$TREEDEPTH
 70
  3020
  9
$CMLSTYLE
  2
Standard
  9
$CMLJUST
 70
     0
  9
$CMLSCALE
 40
1.0
  9
$PROXYGRAPHICS
 70
     1
  9
$MEASUREMENT
 70
     1
  9
$CELWEIGHT
370
    70
  9
$ENDCAPS
280
     0
  9
$JOINSTYLE
280
     0
  9
$LWDISPLAY
290
     1
  9
$INSUNITS
 70
     4
  9
$HYPERLINKBASE
  1

  9
$STYLESHEET
  1

  9
$XEDIT
290
     1
  9
$CEPSNTYPE
380
     0
  9
$PSTYLEMODE
290
     1
  9
$FINGERPRINTGUID
  2
{27294781-56B5-4EE7-A4EE-1B6370C7419A}
  9
$VERSIONGUID
  2
{8CF4019E-D159-4A4B-89B5-C3914F3D26CE}
  9
$EXTNAMES
290
     1
  9
$PSVPSCALE
 40
0.0
  9
$OLESTARTUP
290
     0
  9
$SORTENTS
280
   127
  9
$INDEXCTL
280
     0
  9
$HIDETEXT
280
     1
  9
$XCLIPFRAME
280
     2
  9
$HALOGAP
280
     0
  9
$OBSCOLOR
 70
   257
  9
$OBSLTYPE
280
     0
  9
$INTERSECTIONDISPLAY
280
     0
  9
$INTERSECTIONCOLOR
 70
   257
  9
$DIMASSOC
280
     2
  9
$PROJECTNAME
  1

  9
$CAMERADISPLAY
290
     0
  9
$LENSLENGTH
 40
50.0
  9
$CAMERAHEIGHT
 40
0.0
  9
$STEPSPERSEC
 40
2.0
  9
$STEPSIZE
 40
6.0
  9
$3DDWFPREC
 40
2.0
  9
$PSOLWIDTH
 40
0.25
  9
$PSOLHEIGHT
 40
4.0
  9
$LOFTANG1
 40
1.570796326794896
  9
$LOFTANG2
 40
1.570796326794896
  9
$LOFTMAG1
 40
0.0
  9
$LOFTMAG2
 40
0.0
  9
$LOFTPARAM
 70
     7
  9
$LOFTNORMALS
280
     1
  9
$LATITUDE
 40
37.795
  9
$LONGITUDE
 40
-122.394
  9
$NORTHDIRECTION
 40
0.0
  9
$TIMEZONE
 70
 -8000
  9
$LIGHTGLYPHDISPLAY
280
     1
  9
$TILEMODELIGHTSYNCH
280
     1
  9
$CMATERIAL
347
44
  9
$SOLIDHIST
280
     0
  9
$SHOWHIST
280
     1
  9
$DWFFRAME
280
     2
  9
$DGNFRAME
280
     0
  9
$REALWORLDSCALE
290
     1
  9
$INTERFERECOLOR
 62
     1
  9
$INTERFEREOBJVS
345
33
  9
$INTERFEREVPVS
346
30
  9
$CSHADOW
280
     0
  9
$SHADOWPLANELOCATION
 40
0.0
  0
ENDSEC
  0
SECTION
  2
CLASSES
  0
CLASS
  1
ACDBDICTIONARYWDFLT
  2
AcDbDictionaryWithDefault
  3
ObjectDBX Classes
 90
        0
 91
        1
280
     0
281
     0
  0
CLASS
  1
VISUALSTYLE
  2
AcDbVisualStyle
  3
ObjectDBX Classes
 90
     4095
 91
       24
280
     0
281
     0
  0
CLASS
  1
MATERIAL
  2
AcDbMaterial
  3
ObjectDBX Classes
 90
     1153
 91
        3
280
     0
281
     0
  0
CLASS
  1
SCALE
  2
AcDbScale
  3
ObjectDBX Classes
 90
     1153
 91
       33
280
     0
281
     0
  0
CLASS
  1
TABLESTYLE
  2
AcDbTableStyle
  3
ObjectDBX Classes
 90
     4095
 91
        1
280
     0
281
     0
  0
CLASS
  1
MLEADERSTYLE
  2
AcDbMLeaderStyle
  3
ACDB_MLEADERSTYLE_CLASS
 90
     4095
 91
        1
280
     0
281
     0
  0
CLASS
  1
SUN
  2
AcDbSun
  3
SCENEOE
 90
     1153
 91
        0
280
     0
281
     0
  0
CLASS
  1
DICTIONARYVAR
  2
AcDbDictionaryVar
  3
ObjectDBX Classes
 90
        0
 91
        9
280
     0
281
     0
  0
CLASS
  1
CELLSTYLEMAP
  2
AcDbCellStyleMap
  3
ObjectDBX Classes
 90
     1152
 91
        3
280
     0
281
     0
  0
CLASS
  1
ACDBSECTIONVIEWSTYLE
  2
AcDbSectionViewStyle
  3
ObjectDBX Classes
 90
     1025
 91
        1
280
     0
281
     0
  0
CLASS
  1
ACDBDETAILVIEWSTYLE
  2
AcDbDetailViewStyle
  3
ObjectDBX Classes
 90
     1025
 91
        1
280
     0
281
     0
  0
ENDSEC
  0
SECTION
  2
TABLES
  0
TABLE
  2
VPORT
  5
8
330
0
100
AcDbSymbolTable
 70
    16
  0
VPORT
  5
29
330
8
100
AcDbSymbolTableRecord
100
AcDbViewportTableRecord
  2
*Active
 70
     0
 10
0.0
 20
0.0
 11
1.0
 21
1.0
 12
568.71648071357
 22
255.7240926495451
 13
0.0
 23
0.0
 14
0.5
 24
0.5
 15
0.5
 25
0.5
 16
0.0
 26
0.0
 36
1.0
 17
0.0
 27
0.0
 37
0.0
 40
2659.230682142752
 41
2.184482758620689
 42
50.0
 43
2342.689706
 44
-2342.689706
 50
0.0
 51
0.0
 71
     0
 72
   100
 73
     1
 74
     3
 75
     0
 76
     0
 77
     0
 78
     0
281
     0
 65
     1
110
0.0
120
0.0
130
0.0
111
1.0
121
0.0
131
0.0
112
0.0
122
1.0
132
0.0
 79
     0
146
0.0
348
2F
 60
     3
 61
     5
292
     1
282
     1
141
0.0
142
0.0
 63
   250
421
  3355443
1001
ACAD_NAV_VCDISPLAY
1070
     3
  0
VPORT
  5
108
330
8
100
AcDbSymbolTableRecord
100
AcDbViewportTableRecord
  2
L1
 70
     0
 10
0.0
 20
0.0
 11
1.0
 21
1.0
 12
369.231421
 22
-143.864808
 13
0.0
 23
0.0
 14
0.5
 24
0.5
 15
0.5
 25
0.5
 16
0.0
 26
0.0
 36
1.0
 17
0.0
 27
0.0
 37
0.0
 40
254.0
 41
0.069908
 42
50.0
 43
2342.689706
 44
-2342.689706
 50
0.0
 51
0.0
 71
     0
 72
   100
 73
     1
 74
     3
 75
     0
 76
     0
 77
     0
 78
     0
281
     0
 65
     1
110
0.0
120
0.0
130
0.0
111
1.0
121
0.0
131
0.0
112
0.0
122
1.0
132
0.0
 79
     0
146
0.0
348
2F
 60
     3
 61
     5
292
     1
282
     1
141
0.0
142
0.0
 63
   250
421
  3355443
  0
VPORT
  5
109
330
8
100
AcDbSymbolTableRecord
100
AcDbViewportTableRecord
  2
L2
 70
     0
 10
0.0
 20
0.0
 11
0.5
 21
1.0
 12
0.0
 22
0.0
 13
0.0
 23
0.0
 14
0.5
 24
0.5
 15
0.5
 25
0.5
 16
0.0
 26
-1.0
 36
0.0
 17
0.0
 27
0.0
 37
0.0
 40
1656.926416
 41
0.010717
 42
50.0
 43
854.6078289999996
 44
-854.6078289999996
 50
0.0
 51
0.0
 71
     0
 72
   100
 73
     1
 74
     3
 75
     0
 76
     0
 77
     0
 78
     0
281
     0
 65
     1
110
0.0
120
0.0
130
0.0
111
1.0
121
0.0
131
0.0
112
0.0
122
1.0
132
0.0
 79
     0
146
0.0
348
2F
 60
     3
 61
     5
292
     1
282
     1
141
0.0
142
0.0
 63
   250
421
  3355443
  0
VPORT
  5
10A
330
8
100
AcDbSymbolTableRecord
100
AcDbViewportTableRecord
  2
L2
 70
     0
 10
0.5
 20
0.0
 11
1.0
 21
1.0
 12
0.0
 22
0.0
 13
0.0
 23
0.0
 14
0.5
 24
0.5
 15
0.5
 25
0.5
 16
1.0
 26
0.0
 36
0.0
 17
0.0
 27
0.0
 37
0.0
 40
1656.926416
 41
0.010717
 42
50.0
 43
838.1409709999996
 44
-838.1409709999996
 50
0.0
 51
0.0
 71
     0
 72
   100
 73
     1
 74
     3
 75
     0
 76
     0
 77
     0
 78
     0
281
     0
 65
     1
110
0.0
120
0.0
130
0.0
111
1.0
121
0.0
131
0.0
112
0.0
122
1.0
132
0.0
 79
     0
146
0.0
348
2F
 60
     3
 61
     5
292
     1
282
     1
141
0.0
142
0.0
 63
   250
421
  3355443
  0
VPORT
  5
10B
330
8
100
AcDbSymbolTableRecord
100
AcDbViewportTableRecord
  2
L3
 70
     0
 10
0.0
 20
0.5
 11
1.0
 21
1.0
 12
369.231421
 22
-143.864808
 13
0.0
 23
0.0
 14
0.5
 24
0.5
 15
0.5
 25
0.5
 16
0.0
 26
0.0
 36
1.0
 17
0.0
 27
0.0
 37
0.0
 40
254.0
 41
0.069908
 42
50.0
 43
2342.689706
 44
-2342.689706
 50
0.0
 51
0.0
 71
     0
 72
   100
 73
     1
 74
     3
 75
     0
 76
     0
 77
     0
 78
     0
281
     0
 65
     1
110
0.0
120
0.0
130
0.0
111
1.0
121
0.0
131
0.0
112
0.0
122
1.0
132
0.0
 79
     0
146
0.0
348
2F
 60
     3
 61
     5
292
     1
282
     1
141
0.0
142
0.0
 63
   250
421
  3355443
  0
VPORT
  5
10C
330
8
100
AcDbSymbolTableRecord
100
AcDbViewportTableRecord
  2
L3
 70
     0
 10
0.0
 20
0.0
 11
1.0
 21
0.5
 12
0.0
 22
0.0
 13
0.0
 23
0.0
 14
0.5
 24
0.5
 15
0.5
 25
0.5
 16
0.0
 26
-1.0
 36
0.0
 17
0.0
 27
0.0
 37
0.0
 40
1656.926416
 41
0.010717
 42
50.0
 43
854.6078289999996
 44
-854.6078289999996
 50
0.0
 51
0.0
 71
     0
 72
   100
 73
     1
 74
     3
 75
     0
 76
     0
 77
     0
 78
     0
281
     0
 65
     1
110
0.0
120
0.0
130
0.0
111
1.0
121
0.0
131
0.0
112
0.0
122
1.0
132
0.0
 79
     0
146
0.0
348
2F
 60
     3
 61
     5
292
     1
282
     1
141
0.0
142
0.0
 63
   250
421
  3355443
  0
VPORT
  5
10D
330
8
100
AcDbSymbolTableRecord
100
AcDbViewportTableRecord
  2
L4
 70
     0
 10
0.0
 20
0.5
 11
0.5
 21
1.0
 12
369.231421
 22
-143.864808
 13
0.0
 23
0.0
 14
0.5
 24
0.5
 15
0.5
 25
0.5
 16
0.0
 26
0.0
 36
1.0
 17
0.0
 27
0.0
 37
0.0
 40
254.0
 41
0.069908
 42
50.0
 43
2342.689706
 44
-2342.689706
 50
0.0
 51
0.0
 71
     0
 72
   100
 73
     1
 74
     3
 75
     0
 76
     0
 77
     0
 78
     0
281
     0
 65
     1
110
0.0
120
0.0
130
0.0
111
1.0
121
0.0
131
0.0
112
0.0
122
1.0
132
0.0
 79
     0
146
0.0
348
2F
 60
     3
 61
     5
292
     1
282
     1
141
0.0
142
0.0
 63
   250
421
  3355443
  0
VPORT
  5
10E
330
8
100
AcDbSymbolTableRecord
100
AcDbViewportTableRecord
  2
L4
 70
     0
 10
0.0
 20
0.0
 11
0.5
 21
0.5
 12
0.0
 22
0.0
 13
0.0
 23
0.0
 14
0.5
 24
0.5
 15
0.5
 25
0.5
 16
0.0
 26
-1.0
 36
0.0
 17
0.0
 27
0.0
 37
0.0
 40
1656.926416
 41
0.010717
 42
50.0
 43
854.6078289999996
 44
-854.6078289999996
 50
0.0
 51
0.0
 71
     0
 72
   100
 73
     1
 74
     3
 75
     0
 76
     0
 77
     0
 78
     0
281
     0
 65
     1
110
0.0
120
0.0
130
0.0
111
1.0
121
0.0
131
0.0
112
0.0
122
1.0
132
0.0
 79
     0
146
0.0
348
2F
 60
     3
 61
     5
292
     1
282
     1
141
0.0
142
0.0
 63
   250
421
  3355443
  0
VPORT
  5
10F
330
8
100
AcDbSymbolTableRecord
100
AcDbViewportTableRecord
  2
L4
 70
     0
 10
0.5
 20
0.0
 11
1.0
 21
0.5
 12
0.0
 22
0.0
 13
0.0
 23
0.0
 14
0.5
 24
0.5
 15
0.5
 25
0.5
 16
1.0
 26
0.0
 36
0.0
 17
0.0
 27
0.0
 37
0.0
 40
1656.926416
 41
0.010717
 42
50.0
 43
838.1409709999996
 44
-838.1409709999996
 50
0.0
 51
0.0
 71
     0
 72
   100
 73
     1
 74
     3
 75
     0
 76
     0
 77
     0
 78
     0
281
     0
 65
     1
110
0.0
120
0.0
130
0.0
111
1.0
121
0.0
131
0.0
112
0.0
122
1.0
132
0.0
 79
     0
146
0.0
348
2F
 60
     3
 61
     5
292
     1
282
     1
141
0.0
142
0.0
 63
   250
421
  3355443
  0
VPORT
  5
110
330
8
100
AcDbSymbolTableRecord
100
AcDbViewportTableRecord
  2
L4
 70
     0
 10
0.5
 20
0.5
 11
1.0
 21
1.0
 12
0.0
 22
0.0
 13
0.0
 23
0.0
 14
0.5
 24
0.5
 15
0.5
 25
0.5
 16
0.577350269189626
 26
-0.577350269189626
 36
0.577350269189626
 17
0.0
 27
0.0
 37
0.0
 40
1627.845921
 41
0.010908
 42
50.0
 43
848.0433019999997
 44
-848.0433019999997
 50
0.0
 51
0.0
 71
     0
 72
   100
 73
     1
 74
     3
 75
     0
 76
     0
 77
     0
 78
     0
281
     0
 65
     1
110
0.0
120
0.0
130
0.0
111
1.0
121
0.0
131
0.0
112
0.0
122
1.0
132
0.0
 79
     0
146
0.0
348
2F
 60
     3
 61
     5
292
     1
282
     1
141
0.0
142
0.0
 63
   250
421
  3355443
  0
VPORT
  5
111
330
8
100
AcDbSymbolTableRecord
100
AcDbViewportTableRecord
  2
L6
 70
     0
 10
0.0
 20
0.5
 11
0.333333
 21
1.0
 12
0.0
 22
0.0
 13
0.0
 23
0.0
 14
0.5
 24
0.5
 15
0.5
 25
0.5
 16
0.7188730927569436
 26
-0.5850486126764433
 36
0.3754192287502549
 17
0.0
 27
0.0
 37
0.0
 40
1718.081626
 41
0.010335
 42
50.0
 43
889.5344919999999
 44
-889.5344919999999
 50
0.0
 51
0.0
 71
     0
 72
   100
 73
     1
 74
     3
 75
     0
 76
     0
 77
     0
 78
     0
281
     0
 65
     1
110
0.0
120
0.0
130
0.0
111
1.0
121
0.0
131
0.0
112
0.0
122
1.0
132
0.0
 79
     0
146
0.0
348
2F
 60
     3
 61
     5
292
     1
282
     1
141
0.0
142
0.0
 63
   250
421
  3355443
  0
VPORT
  5
112
330
8
100
AcDbSymbolTableRecord
100
AcDbViewportTableRecord
  2
L6
 70
     0
 10
0.0
 20
0.0
 11
0.333333
 21
0.5
 12
0.0
 22
0.0
 13
0.0
 23
0.0
 14
0.5
 24
0.5
 15
0.5
 25
0.5
 16
-1.0
 26
0.0
 36
0.0
 17
0.0
 27
0.0
 37
0.0
 40
1656.926416
 41
0.010717
 42
50.0
 43
838.1409709999996
 44
-838.1409709999996
 50
0.0
 51
0.0
 71
     0
 72
   100
 73
     1
 74
     3
 75
     0
 76
     0
 77
     0
 78
     0
281
     0
 65
     1
110
0.0
120
0.0
130
0.0
111
1.0
121
0.0
131
0.0
112
0.0
122
1.0
132
0.0
 79
     0
146
0.0
348
2F
 60
     3
 61
     5
292
     1
282
     1
141
0.0
142
0.0
 63
   250
421
  3355443
  0
VPORT
  5
113
330
8
100
AcDbSymbolTableRecord
100
AcDbViewportTableRecord
  2
L6
 70
     0
 10
0.333333
 20
0.5
 11
0.666667
 21
1.0
 12
369.231421
 22
-143.864808
 13
0.0
 23
0.0
 14
0.5
 24
0.5
 15
0.5
 25
0.5
 16
0.0
 26
0.0
 36
1.0
 17
0.0
 27
0.0
 37
0.0
 40
254.0
 41
0.069908
 42
50.0
 43
2342.689706
 44
-2342.689706
 50
0.0
 51
0.0
 71
     0
 72
   100
 73
     1
 74
     3
 75
     0
 76
     0
 77
     0
 78
     0
281
     0
 65
     1
110
0.0
120
0.0
130
0.0
111
1.0
121
0.0
131
0.0
112
0.0
122
1.0
132
0.0
 79
     0
146
0.0
348
2F
 60
     3
 61
     5
292
     1
282
     1
141
0.0
142
0.0
 63
   250
421
  3355443
  0
VPORT
  5
114
330
8
100
AcDbSymbolTableRecord
100
AcDbViewportTableRecord
  2
L6
 70
     0
 10
0.333333
 20
0.0
 11
0.666667
 21
0.5
 12
0.0
 22
0.0
 13
0.0
 23
0.0
 14
0.5
 24
0.5
 15
0.5
 25
0.5
 16
0.0
 26
-1.0
 36
0.0
 17
0.0
 27
0.0
 37
0.0
 40
1656.926416
 41
0.010717
 42
50.0
 43
854.6078289999996
 44
-854.6078289999996
 50
0.0
 51
0.0
 71
     0
 72
   100
 73
     1
 74
     3
 75
     0
 76
     0
 77
     0
 78
     0
281
     0
 65
     1
110
0.0
120
0.0
130
0.0
111
1.0
121
0.0
131
0.0
112
0.0
122
1.0
132
0.0
 79
     0
146
0.0
348
2F
 60
     3
 61
     5
292
     1
282
     1
141
0.0
142
0.0
 63
   250
421
  3355443
  0
VPORT
  5
115
330
8
100
AcDbSymbolTableRecord
100
AcDbViewportTableRecord
  2
L6
 70
     0
 10
0.666667
 20
0.5
 11
1.0
 21
1.0
 12
0.0
 22
0.0
 13
0.0
 23
0.0
 14
0.5
 24
0.5
 15
0.5
 25
0.5
 16
0.577350269189626
 26
-0.577350269189626
 36
0.577350269189626
 17
0.0
 27
0.0
 37
0.0
 40
1627.845921
 41
0.010908
 42
50.0
 43
848.0433019999997
 44
-848.0433019999997
 50
0.0
 51
0.0
 71
     0
 72
   100
 73
     1
 74
     3
 75
     0
 76
     0
 77
     0
 78
     0
281
     0
 65
     1
110
0.0
120
0.0
130
0.0
111
1.0
121
0.0
131
0.0
112
0.0
122
1.0
132
0.0
 79
     0
146
0.0
348
2F
 60
     3
 61
     5
292
     1
282
     1
141
0.0
142
0.0
 63
   250
421
  3355443
  0
VPORT
  5
116
330
8
100
AcDbSymbolTableRecord
100
AcDbViewportTableRecord
  2
L6
 70
     0
 10
0.666667
 20
0.0
 11
1.0
 21
0.5
 12
0.0
 22
0.0
 13
0.0
 23
0.0
 14
0.5
 24
0.5
 15
0.5
 25
0.5
 16
1.0
 26
0.0
 36
0.0
 17
0.0
 27
0.0
 37
0.0
 40
1656.926416
 41
0.010717
 42
50.0
 43
838.1409709999996
 44
-838.1409709999996
 50
0.0
 51
0.0
 71
     0
 72
   100
 73
     1
 74
     3
 75
     0
 76
     0
 77
     0
 78
     0
281
     0
 65
     1
110
0.0
120
0.0
130
0.0
111
1.0
121
0.0
131
0.0
112
0.0
122
1.0
132
0.0
 79
     0
146
0.0
348
2F
 60
     3
 61
     5
292
     1
282
     1
141
0.0
142
0.0
 63
   250
421
  3355443
  0
ENDTAB
  0
TABLE
  2
LTYPE
  5
5
330
0
100
AcDbSymbolTable
 70
    10
  0
LTYPE
  5
14
330
5
100
AcDbSymbolTableRecord
100
AcDbLinetypeTableRecord
  2
ByBlock
 70
     0
  3

 72
    65
 73
     0
 40
0.0
  0
LTYPE
  5
15
330
5
100
AcDbSymbolTableRecord
100
AcDbLinetypeTableRecord
  2
ByLayer
 70
     0
  3

 72
    65
 73
     0
 40
0.0
  0
LTYPE
  5
16
330
5
100
AcDbSymbolTableRecord
100
AcDbLinetypeTableRecord
  2
Continuous
 70
     0
  3
Solid line
 72
    65
 73
     0
 40
0.0
  0
LTYPE
  5
6E
330
5
100
AcDbSymbolTableRecord
100
AcDbLinetypeTableRecord
  2
ACAD_ISO04W100
 70
     0
  3
ISO long-dash dot ____ . ____ . ____ . ____ . _
 72
    65
 73
     4
 40
30.0
 49
24.0
 74
     4
 75
     0
340
0
 46
0.0
 50
0.0
 44
0.0
 45
0.0
 49
-3.0
 74
     4
 75
     0
340
0
 46
0.0
 50
0.0
 44
0.0
 45
0.0
 49
0.0
 74
     4
 75
     0
340
0
 46
0.0
 50
0.0
 44
0.0
 45
0.0
 49
-3.0
 74
     4
 75
     0
340
0
 46
0.0
 50
0.0
 44
0.0
 45
0.0
  0
LTYPE
  5
6F
330
5
100
AcDbSymbolTableRecord
100
AcDbLinetypeTableRecord
  2
ACAD_ISO05W100
 70
     0
  3
ISO long-dash double-dot ____ .. ____ .. ____ . 
 72
    65
 73
     6
 40
33.0
 49
24.0
 74
     4
 75
     0
340
0
 46
0.0
 50
0.0
 44
0.0
 45
0.0
 49
-3.0
 74
     4
 75
     0
340
0
 46
0.0
 50
0.0
 44
0.0
 45
0.0
 49
0.0
 74
     4
 75
     0
340
0
 46
0.0
 50
0.0
 44
0.0
 45
0.0
 49
-3.0
 74
     4
 75
     0
340
0
 46
0.0
 50
0.0
 44
0.0
 45
0.0
 49
0.0
 74
     4
 75
     0
340
0
 46
0.0
 50
0.0
 44
0.0
 45
0.0
 49
-3.0
 74
     4
 75
     0
340
0
 46
0.0
 50
0.0
 44
0.0
 45
0.0
  0
LTYPE
  5
70
330
5
100
AcDbSymbolTableRecord
100
AcDbLinetypeTableRecord
  2
ACAD_ISO06W100
 70
     0
  3
ISO long-dash triple-dot ____ ... ____ ... ____
 72
    65
 73
     8
 40
36.0
 49
24.0
 74
     4
 75
     0
340
0
 46
0.0
 50
0.0
 44
0.0
 45
0.0
 49
-3.0
 74
     4
 75
     0
340
0
 46
0.0
 50
0.0
 44
0.0
 45
0.0
 49
0.0
 74
     4
 75
     0
340
0
 46
0.0
 50
0.0
 44
0.0
 45
0.0
 49
-3.0
 74
     4
 75
     0
340
0
 46
0.0
 50
0.0
 44
0.0
 45
0.0
 49
0.0
 74
     4
 75
     0
340
0
 46
0.0
 50
0.0
 44
0.0
 45
0.0
 49
-3.0
 74
     4
 75
     0
340
0
 46
0.0
 50
0.0
 44
0.0
 45
0.0
 49
0.0
 74
     4
 75
     0
340
0
 46
0.0
 50
0.0
 44
0.0
 45
0.0
 49
-3.0
 74
     4
 75
     0
340
0
 46
0.0
 50
0.0
 44
0.0
 45
0.0
  0
LTYPE
  5
71
330
5
100
AcDbSymbolTableRecord
100
AcDbLinetypeTableRecord
  2
ACAD_ISO09W100
 70
     0
  3
ISO long-dash double-short-dash ____ __ __ ____
 72
    65
 73
     6
 40
45.0
 49
24.0
 74
     4
 75
     0
340
0
 46
0.0
 50
0.0
 44
0.0
 45
0.0
 49
-3.0
 74
     4
 75
     0
340
0
 46
0.0
 50
0.0
 44
0.0
 45
0.0
 49
6.0
 74
     4
 75
     0
340
0
 46
0.0
 50
0.0
 44
0.0
 45
0.0
 49
-3.0
 74
     4
 75
     0
340
0
 46
0.0
 50
0.0
 44
0.0
 45
0.0
 49
6.0
 74
     4
 75
     0
340
0
 46
0.0
 50
0.0
 44
0.0
 45
0.0
 49
-3.0
 74
     4
 75
     0
340
0
 46
0.0
 50
0.0
 44
0.0
 45
0.0
  0
LTYPE
  5
72
330
5
100
AcDbSymbolTableRecord
100
AcDbLinetypeTableRecord
  2
CENTER
 70
     0
  3
____ _ ____ _ ____ _ ____
 72
    65
 73
     4
 40
47.4
 49
22.0
 74
     4
 75
     0
340
0
 46
0.0
 50
0.0
 44
0.0
 45
0.0
 49
-8.5
 74
     4
 75
     0
340
0
 46
0.0
 50
0.0
 44
0.0
 45
0.0
 49
8.5
 74
     4
 75
     0
340
0
 46
0.0
 50
0.0
 44
0.0
 45
0.0
 49
-8.5
 74
     4
 75
     0
340
0
 46
0.0
 50
0.0
 44
0.0
 45
0.0
  0
LTYPE
  5
73
330
5
100
AcDbSymbolTableRecord
100
AcDbLinetypeTableRecord
  2
DASHDOT
 70
     0
  3
_._._._._._._._._._._._._._._._.
 72
    65
 73
     4
 40
70.0
 49
31.0
 74
     4
 75
     0
340
0
 46
0.0
 50
0.0
 44
0.0
 45
0.0
 49
-13.0
 74
     4
 75
     0
340
0
 46
0.0
 50
0.0
 44
0.0
 45
0.0
 49
13.0
 74
     4
 75
     0
340
0
 46
0.0
 50
0.0
 44
0.0
 45
0.0
 49
-13.0
 74
     4
 75
     0
340
0
 46
0.0
 50
0.0
 44
0.0
 45
0.0
  0
LTYPE
  5
74
330
5
100
AcDbSymbolTableRecord
100
AcDbLinetypeTableRecord
  2
DASHED
 70
     0
  3
__ __ __ __ __ __ __ __ __
 72
    65
 73
     2
 40
25.72
 49
12.86
 74
     4
 75
     0
340
0
 46
0.0
 50
0.0
 44
0.0
 45
0.0
 49
-12.86
 74
     4
 75
     0
340
0
 46
0.0
 50
0.0
 44
0.0
 45
0.0
  0
LTYPE
  5
75
330
5
100
AcDbSymbolTableRecord
100
AcDbLinetypeTableRecord
  2
DOT
 70
     0
  3
.........................
 72
    65
 73
     2
 40
10.0
 49
0.0
 74
     4
 75
     0
340
0
 46
0.0
 50
0.0
 44
0.0
 45
0.0
 49
-10.0
 74
     4
 75
     0
340
0
 46
0.0
 50
0.0
 44
0.0
 45
0.0
  0
LTYPE
  5
76
330
5
100
AcDbSymbolTableRecord
100
AcDbLinetypeTableRecord
  2
PHANTOM
 70
     0
  3
____ _ _ ____ _ _ _____ _ _ ____
 72
    65
 73
     6
 40
50.5
 49
18.0
 74
     4
 75
     0
340
0
 46
0.0
 50
0.0
 44
0.0
 45
0.0
 49
-6.5
 74
     4
 75
     0
340
0
 46
0.0
 50
0.0
 44
0.0
 45
0.0
 49
6.5
 74
     4
 75
     0
340
0
 46
0.0
 50
0.0
 44
0.0
 45
0.0
 49
-6.5
 74
     4
 75
     0
340
0
 46
0.0
 50
0.0
 44
0.0
 45
0.0
 49
6.5
 74
     4
 75
     0
340
0
 46
0.0
 50
0.0
 44
0.0
 45
0.0
 49
-6.5
 74
     4
 75
     0
340
0
 46
0.0
 50
0.0
 44
0.0
 45
0.0
  0
ENDTAB
  0
TABLE
  2
LAYER
  5
2
102
{ACAD_XDICTIONARY
360
180
102
}
330
0
100
AcDbSymbolTable
 70
     2
  0
LAYER
  5
10
102
{ACAD_XDICTIONARY
360
16C
102
}
330
2
100
AcDbSymbolTableRecord
100
AcDbLayerTableRecord
  2
0
 70
     0
 62
     7
  6
Continuous
370
    -3
390
F
347
46
348
0
  0
LAYER
  5
78
102
{ACAD_XDICTIONARY
360
16E
102
}
330
2
100
AcDbSymbolTableRecord
100
AcDbLayerTableRecord
  2
1
 70
     0
 62
     7
420
 16777215
  6
Continuous
370
    -3
390
F
347
46
348
0
  0
ENDTAB
  0
TABLE
  2
STYLE
  5
3
330
0
100
AcDbSymbolTable
 70
     1
  0
STYLE
  5
11
330
3
100
AcDbSymbolTableRecord
100
AcDbTextStyleTableRecord
  2
Standard
 70
     0
 40
0.0
 41
1.0
 50
0.0
 71
     0
 42
0.2
  3
txt
  4

  0
ENDTAB
  0
TABLE
  2
VIEW
  5
6
330
0
100
AcDbSymbolTable
 70
     9
  0
VIEW
  5
100
330
6
100
AcDbSymbolTableRecord
100
AcDbViewTableRecord
  2
Top
 70
     0
 40
254.0
 10
369.231421
 20
-143.864808
 41
419.539052
 11
0.0
 21
0.0
 31
1.0
 12
0.0
 22
0.0
 32
0.0
 42
50.0
 43
2342.689706
 44
-2342.689706
 50
0.0
 71
     0
281
     0
 72
     0
 73
     0
348
2F
  0
VIEW
  5
101
330
6
100
AcDbSymbolTableRecord
100
AcDbViewTableRecord
  2
Front
 70
     0
 40
1656.926416
 10
0.0
 20
0.0
 41
419.539052
 11
0.0
 21
-1.0
 31
0.0
 12
0.0
 22
0.0
 32
0.0
 42
50.0
 43
854.6078289999996
 44
-854.6078289999996
 50
0.0
 71
     0
281
     0
 72
     0
 73
     0
348
2F
  0
VIEW
  5
102
330
6
100
AcDbSymbolTableRecord
100
AcDbViewTableRecord
  2
Right
 70
     0
 40
1656.926416
 10
0.0
 20
0.0
 41
254.0
 11
1.0
 21
0.0
 31
0.0
 12
0.0
 22
0.0
 32
0.0
 42
50.0
 43
838.1409709999996
 44
-838.1409709999996
 50
0.0
 71
     0
281
     0
 72
     0
 73
     0
348
2F
  0
VIEW
  5
103
330
6
100
AcDbSymbolTableRecord
100
AcDbViewTableRecord
  2
Back
 70
     0
 40
1656.926416
 10
0.0
 20
0.0
 41
419.539052
 11
0.0
 21
1.0
 31
0.0
 12
0.0
 22
0.0
 32
0.0
 42
50.0
 43
854.6078289999996
 44
-854.6078289999996
 50
0.0
 71
     0
281
     0
 72
     0
 73
     0
348
2F
  0
VIEW
  5
104
330
6
100
AcDbSymbolTableRecord
100
AcDbViewTableRecord
  2
Bottom
 70
     0
 40
254.0
 10
0.0
 20
0.0
 41
419.539052
 11
0.0
 21
0.0
 31
-1.0
 12
0.0
 22
0.0
 32
0.0
 42
50.0
 43
828.4632079999999
 44
-828.4632079999999
 50
180.0
 71
     0
281
     0
 72
     0
 73
     0
348
2F
  0
VIEW
  5
105
330
6
100
AcDbSymbolTableRecord
100
AcDbViewTableRecord
  2
Left
 70
     0
 40
1656.926416
 10
0.0
 20
0.0
 41
254.0
 11
-1.0
 21
0.0
 31
0.0
 12
0.0
 22
0.0
 32
0.0
 42
50.0
 43
838.1409709999996
 44
-838.1409709999996
 50
0.0
 71
     0
281
     0
 72
     0
 73
     0
348
2F
  0
VIEW
  5
106
330
6
100
AcDbSymbolTableRecord
100
AcDbViewTableRecord
  2
Isometric
 70
     0
 40
1627.845921
 10
0.0
 20
0.0
 41
476.2640309999999
 11
0.577350269189626
 21
-0.577350269189626
 31
0.577350269189626
 12
0.0
 22
0.0
 32
0.0
 42
50.0
 43
848.0433019999997
 44
-848.0433019999997
 50
0.0
 71
     0
281
     0
 72
     0
 73
     0
348
2F
  0
VIEW
  5
107
330
6
100
AcDbSymbolTableRecord
100
AcDbViewTableRecord
  2
Trimetric
 70
     0
 40
1718.081626
 10
0.0
 20
0.0
 41
461.824615
 11
0.7188730927569436
 21
-0.5850486126764433
 31
0.3754192287502549
 12
0.0
 22
0.0
 32
0.0
 42
50.0
 43
889.5344919999999
 44
-889.5344919999999
 50
0.0
 71
     0
281
     0
 72
     0
 73
     0
348
2F
  0
ENDTAB
  0
TABLE
  2
UCS
  5
7
330
0
100
AcDbSymbolTable
 70
     0
  0
ENDTAB
  0
TABLE
  2
APPID
  5
9
330
0
100
AcDbSymbolTable
 70
     3
  0
APPID
  5
12
330
9
100
AcDbSymbolTableRecord
100
AcDbRegAppTableRecord
  2
ACAD
 70
     0
  0
APPID
  5
156
330
9
100
AcDbSymbolTableRecord
100
AcDbRegAppTableRecord
  2
ACAD_MLEADERVER
 70
     0
  0
APPID
  5
166
330
9
100
AcDbSymbolTableRecord
100
AcDbRegAppTableRecord
  2
ACAD_NAV_VCDISPLAY
 70
     0
  0
ENDTAB
  0
TABLE
  2
DIMSTYLE
  5
A
330
0
100
AcDbSymbolTable
 70
     1
100
AcDbDimStyleTable
 71
     0
  0
DIMSTYLE
105
27
330
A
100
AcDbSymbolTableRecord
100
AcDbDimStyleTableRecord
  2
Standard
 70
     0
340
11
  0
ENDTAB
  0
TABLE
  2
BLOCK_RECORD
  5
1
330
0
100
AcDbSymbolTable
 70
     1
  0
BLOCK_RECORD
  5
1F
330
1
100
AcDbSymbolTableRecord
100
AcDbBlockTableRecord
  2
*Model_Space
340
22
 70
     0
280
     1
281
     0
  0
BLOCK_RECORD
  5
1B
330
1
100
AcDbSymbolTableRecord
100
AcDbBlockTableRecord
  2
*Paper_Space
340
1E
 70
     0
280
     1
281
     0
  0
BLOCK_RECORD
  5
23
330
1
100
AcDbSymbolTableRecord
100
AcDbBlockTableRecord
  2
*Paper_Space0
340
26
 70
     0
280
     1
281
     0
  0
ENDTAB
  0
ENDSEC
  0
SECTION
  2
BLOCKS
  0
BLOCK
  5
20
330
1F
100
AcDbEntity
  8
0
100
AcDbBlockBegin
  2
*Model_Space
 70
     0
 10
0.0
 20
0.0
 30
0.0
  3
*Model_Space
  1

  0
ENDBLK
  5
21
330
1F
100
AcDbEntity
  8
0
100
AcDbBlockEnd
  0
BLOCK
  5
1C
330
1B
100
AcDbEntity
 67
     1
  8
0
100
AcDbBlockBegin
  2
*Paper_Space
 70
     0
 10
0.0
 20
0.0
 30
0.0
  3
*Paper_Space
  1

  0
ENDBLK
  5
1D
330
1B
100
AcDbEntity
 67
     1
  8
0
100
AcDbBlockEnd
  0
BLOCK
  5
24
330
23
100
AcDbEntity
 67
     1
  8
0
100
AcDbBlockBegin
  2
*Paper_Space0
 70
     0
 10
0.0
 20
0.0
 30
0.0
  3
*Paper_Space0
  1

  0
ENDBLK
  5
25
330
23
100
AcDbEntity
 67
     1
  8
0
100
AcDbBlockEnd
  0
ENDSEC
  0
SECTION
  2
ENTITIES
  0
LINE
  5
77
330
1F
100
AcDbEntity
  8
1
  6
Continuous
 62
   163
370
    18
100
AcDbLine
 10
-195.513115
 20
47.496583
 30
0.0
 11
-199.204298
 21
48.813702
 31
0.0
  0
LINE
  5
79
330
1F
100
AcDbEntity
  8
1
  6
Continuous
 62
   163
370
    18
100
AcDbLine
 10
-339.251739
 20
-306.470373
 30
0.0
 11
-219.75849
 21
28.405474
 31
0.0
  0
LINE
  5
7A
330
1F
100
AcDbEntity
  8
1
  6
Continuous
 62
   163
370
    18
100
AcDbLine
 10
-219.15288
 20
43.265259
 30
0.0
 11
-199.204298
 21
48.813702
 31
0.0
  0
LINE
  5
7B
330
1F
100
AcDbEntity
  8
1
  6
Continuous
 62
   163
370
    18
100
AcDbLine
 10
-330.162341
 20
-318.1918490000001
 30
0.0
 11
-337.707824
 21
-312.021286
 31
0.0
  0
LINE
  5
7C
330
1F
100
AcDbEntity
  8
1
  6
Continuous
 62
   163
370
    18
100
AcDbLine
 10
-195.009004
 20
48.909336
 30
0.0
 11
-195.513115
 21
47.496583
 31
0.0
  0
LINE
  5
7D
330
1F
100
AcDbEntity
  8
1
  6
Continuous
 62
   163
370
    18
100
AcDbLine
 10
-195.009004
 20
48.909336
 30
0.0
 11
-182.765141
 21
44.54037699999999
 31
0.0
  0
LINE
  5
7E
330
1F
100
AcDbEntity
  8
1
  6
Continuous
 62
   163
370
    18
100
AcDbLine
 10
-182.765141
 20
44.54037699999999
 30
0.0
 11
-183.185233
 21
43.363082
 31
0.0
  0
LINE
  5
7F
330
1F
100
AcDbEntity
  8
1
  6
Continuous
 62
   163
370
    18
100
AcDbLine
 10
-330.162341
 20
-318.1918490000001
 30
0.0
 11
-310.536112
 21
-325.1950470000001
 31
0.0
  0
LINE
  5
80
330
1F
100
AcDbEntity
  8
1
  6
Continuous
 62
   163
370
    18
100
AcDbLine
 10
1048.998954
 20
-325.1950470000001
 30
0.0
 11
1048.998954
 21
-367.590075
 31
0.0
  0
LINE
  5
81
330
1F
100
AcDbEntity
  8
1
  6
Continuous
 62
   163
370
    18
100
AcDbLine
 10
-310.536112
 20
-367.590075
 30
0.0
 11
1048.998954
 21
-367.590075
 31
0.0
  0
LINE
  5
82
330
1F
100
AcDbEntity
  8
1
  6
Continuous
 62
   163
370
    18
100
AcDbLine
 10
-310.536112
 20
-367.590075
 30
0.0
 11
-310.536112
 21
-325.1950470000001
 31
0.0
  0
LINE
  5
83
330
1F
100
AcDbEntity
  8
1
  6
Continuous
 62
   163
370
    18
100
AcDbLine
 10
905.7023259999999
 20
79.86045899999997
 30
0.0
 11
917.632243
 21
62.93685899999999
 31
0.0
  0
LINE
  5
84
330
1F
100
AcDbEntity
  8
1
  6
Continuous
 62
   163
370
    18
100
AcDbLine
 10
-179.169401
 20
62.93685899999999
 30
0.0
 11
-167.239484
 21
79.86045899999997
 31
0.0
  0
LINE
  5
85
330
1F
100
AcDbEntity
  8
1
  6
Continuous
 62
   163
370
    18
100
AcDbLine
 10
612.8953240000002
 20
75.43685899999998
 30
0.0
 11
725.5420190000003
 21
75.43685899999998
 31
0.0
  0
LINE
  5
86
330
1F
100
AcDbEntity
  8
1
  6
Continuous
 62
   163
370
    18
100
AcDbLine
 10
586.7149839999997
 20
70.43685899999998
 30
0.0
 11
601.714984
 21
70.43685899999998
 31
0.0
  0
LINE
  5
87
330
1F
100
AcDbEntity
  8
1
  6
Continuous
 62
   163
370
    18
100
AcDbLine
 10
462.887949
 20
75.43685899999998
 30
0.0
 11
575.5346440000002
 21
75.43685899999998
 31
0.0
  0
LINE
  5
88
330
1F
100
AcDbEntity
  8
1
  6
Continuous
 62
   163
370
    18
100
AcDbLine
 10
436.707609
 20
70.43685899999998
 30
0.0
 11
451.7076089999997
 21
70.43685899999998
 31
0.0
  0
LINE
  5
89
330
1F
100
AcDbEntity
  8
1
  6
Continuous
 62
   163
370
    18
100
AcDbLine
 10
312.935573
 20
75.43685899999998
 30
0.0
 11
425.527269
 21
75.43685899999998
 31
0.0
  0
LINE
  5
8A
330
1F
100
AcDbEntity
  8
1
  6
Continuous
 62
   163
370
    18
100
AcDbLine
 10
286.755233
 20
70.43685899999998
 30
0.0
 11
301.755233
 21
70.43685899999998
 31
0.0
  0
LINE
  5
8B
330
1F
100
AcDbEntity
  8
1
  6
Continuous
 62
   163
370
    18
100
AcDbLine
 10
162.928199
 20
75.43685899999998
 30
0.0
 11
275.574894
 21
75.43685899999998
 31
0.0
  0
LINE
  5
8C
330
1F
100
AcDbEntity
  8
1
  6
Continuous
 62
   163
370
    18
100
AcDbLine
 10
136.747859
 20
70.43685899999998
 30
0.0
 11
151.747859
 21
70.43685899999998
 31
0.0
  0
LINE
  5
8D
330
1F
100
AcDbEntity
  8
1
  6
Continuous
 62
   163
370
    18
100
AcDbLine
 10
12.920824
 20
75.43685899999998
 30
0.0
 11
125.567519
 21
75.43685899999998
 31
0.0
  0
LINE
  5
8E
330
1F
100
AcDbEntity
  8
1
  6
Continuous
 62
   163
370
    18
100
AcDbLine
 10
-13.259516
 20
70.43685899999998
 30
0.0
 11
1.740483999999999
 21
70.43685899999998
 31
0.0
  0
LINE
  5
8F
330
1F
100
AcDbEntity
  8
1
  6
Continuous
 62
   163
370
    18
100
AcDbLine
 10
-153.040478
 20
75.43685899999998
 30
0.0
 11
-24.439856
 21
75.43685899999998
 31
0.0
  0
LINE
  5
90
330
1F
100
AcDbEntity
  8
1
  6
Continuous
 62
   163
370
    18
100
AcDbLine
 10
762.902698
 20
75.43685899999998
 30
0.0
 11
891.5033210000002
 21
75.43685899999998
 31
0.0
  0
LINE
  5
91
330
1F
100
AcDbEntity
  8
1
  6
Continuous
 62
   163
370
    18
100
AcDbLine
 10
736.722358
 20
70.43685899999998
 30
0.0
 11
751.7223579999996
 21
70.43685899999998
 31
0.0
  0
LINE
  5
92
330
1F
100
AcDbEntity
  8
1
  6
Continuous
 62
   163
370
    18
100
AcDbLine
 10
-179.169401
 20
62.93685899999999
 30
0.0
 11
-179.169401
 21
59.01772199999999
 31
0.0
  0
LINE
  5
93
330
1F
100
AcDbEntity
  8
1
  6
Continuous
 62
   163
370
    18
100
AcDbLine
 10
917.632243
 20
59.01772199999999
 30
0.0
 11
917.632243
 21
62.93685899999999
 31
0.0
  0
LINE
  5
94
330
1F
100
AcDbEntity
  8
1
  6
Continuous
 62
   163
370
    18
100
AcDbLine
 10
917.632243
 20
59.01772199999999
 30
0.0
 11
919.1322429999999
 21
59.01772199999999
 31
0.0
  0
LINE
  5
95
330
1F
100
AcDbEntity
  8
1
  6
Continuous
 62
   163
370
    18
100
AcDbLine
 10
937.6671400000001
 20
48.813702
 30
0.0
 11
933.975957
 21
47.496583
 31
0.0
  0
LINE
  5
96
330
1F
100
AcDbEntity
  8
1
  6
Continuous
 62
   163
370
    18
100
AcDbLine
 10
958.2213319999999
 20
28.405474
 30
0.0
 11
1077.714581
 21
-306.470373
 31
0.0
  0
LINE
  5
97
330
1F
100
AcDbEntity
  8
1
  6
Continuous
 62
   163
370
    18
100
AcDbLine
 10
1076.170666
 20
-312.021286
 30
0.0
 11
1068.625184
 21
-318.1918490000001
 31
0.0
  0
LINE
  5
98
330
1F
100
AcDbEntity
  8
1
  6
Continuous
 62
   163
370
    18
100
AcDbLine
 10
937.6671400000001
 20
48.813702
 30
0.0
 11
957.6157229999999
 21
43.265259
 31
0.0
  0
LINE
  5
99
330
1F
100
AcDbEntity
  8
1
  6
Continuous
 62
   150
370
    18
100
AcDbLine
 10
296.755233
 20
50.731922
 30
0.0
 11
291.755233
 21
50.731922
 31
0.0
  0
LINE
  5
9A
330
1F
100
AcDbEntity
  8
1
  6
Continuous
 62
   150
370
    18
100
AcDbLine
 10
291.755233
 20
57.23192199999999
 30
0.0
 11
296.755233
 21
57.23192199999999
 31
0.0
  0
LINE
  5
9B
330
1F
100
AcDbEntity
  8
1
  6
Continuous
 62
   150
370
    18
100
AcDbLine
 10
146.747859
 20
50.731922
 30
0.0
 11
141.747859
 21
50.731922
 31
0.0
  0
LINE
  5
9C
330
1F
100
AcDbEntity
  8
1
  6
Continuous
 62
   150
370
    18
100
AcDbLine
 10
141.747859
 20
57.23192199999999
 30
0.0
 11
146.747859
 21
57.23192199999999
 31
0.0
  0
LINE
  5
9D
330
1F
100
AcDbEntity
  8
1
  6
Continuous
 62
   150
370
    18
100
AcDbLine
 10
-3.259516
 20
50.731922
 30
0.0
 11
-8.259515999999999
 21
50.731922
 31
0.0
  0
LINE
  5
9E
330
1F
100
AcDbEntity
  8
1
  6
Continuous
 62
   150
370
    18
100
AcDbLine
 10
-8.259515999999999
 20
57.23192199999999
 30
0.0
 11
-3.259516
 21
57.23192199999999
 31
0.0
  0
LINE
  5
9F
330
1F
100
AcDbEntity
  8
1
  6
Continuous
 62
   150
370
    18
100
AcDbLine
 10
-153.266891
 20
50.731922
 30
0.0
 11
-158.266891
 21
50.731922
 31
0.0
  0
LINE
  5
A0
330
1F
100
AcDbEntity
  8
1
  6
Continuous
 62
   150
370
    18
100
AcDbLine
 10
-158.266891
 20
57.23192199999999
 30
0.0
 11
-153.266891
 21
57.23192199999999
 31
0.0
  0
LINE
  5
A1
330
1F
100
AcDbEntity
  8
1
  6
Continuous
 62
   163
370
    18
100
AcDbLine
 10
917.882243
 20
46.017722
 30
0.0
 11
919.1322429999999
 21
46.017722
 31
0.0
  0
LINE
  5
A2
330
1F
100
AcDbEntity
  8
1
  6
Continuous
 62
   163
370
    18
100
AcDbLine
 10
-180.669401
 20
46.017722
 30
0.0
 11
-179.419401
 21
46.017722
 31
0.0
  0
LINE
  5
A3
330
1F
100
AcDbEntity
  8
1
  6
Continuous
 62
   150
370
    18
100
AcDbLine
 10
446.7076089999998
 20
50.731922
 30
0.0
 11
441.707609
 21
50.731922
 31
0.0
  0
LINE
  5
A4
330
1F
100
AcDbEntity
  8
1
  6
Continuous
 62
   150
370
    18
100
AcDbLine
 10
441.707609
 20
57.23192199999999
 30
0.0
 11
446.7076089999998
 21
57.23192199999999
 31
0.0
  0
LINE
  5
A5
330
1F
100
AcDbEntity
  8
1
  6
Continuous
 62
   150
370
    18
100
AcDbLine
 10
596.7149839999997
 20
50.731922
 30
0.0
 11
591.7149839999997
 21
50.731922
 31
0.0
  0
LINE
  5
A6
330
1F
100
AcDbEntity
  8
1
  6
Continuous
 62
   150
370
    18
100
AcDbLine
 10
591.7149839999997
 20
57.23192199999999
 30
0.0
 11
596.7149839999997
 21
57.23192199999999
 31
0.0
  0
LINE
  5
A7
330
1F
100
AcDbEntity
  8
1
  6
Continuous
 62
   150
370
    18
100
AcDbLine
 10
746.7223579999996
 20
50.731922
 30
0.0
 11
741.7223579999999
 21
50.731922
 31
0.0
  0
LINE
  5
A8
330
1F
100
AcDbEntity
  8
1
  6
Continuous
 62
   150
370
    18
100
AcDbLine
 10
741.7223579999999
 20
57.23192199999999
 30
0.0
 11
746.7223579999996
 21
57.23192199999999
 31
0.0
  0
LINE
  5
A9
330
1F
100
AcDbEntity
  8
1
  6
Continuous
 62
   150
370
    18
100
AcDbLine
 10
894.7297329999999
 20
50.731922
 30
0.0
 11
889.729733
 21
50.731922
 31
0.0
  0
LINE
  5
AA
330
1F
100
AcDbEntity
  8
1
  6
Continuous
 62
   150
370
    18
100
AcDbLine
 10
889.729733
 20
57.23192199999999
 30
0.0
 11
894.7297329999999
 21
57.23192199999999
 31
0.0
  0
LINE
  5
AB
330
1F
100
AcDbEntity
  8
1
  6
Continuous
 62
   163
370
    18
100
AcDbLine
 10
-180.669401
 20
46.017722
 30
0.0
 11
-180.669401
 21
59.01772199999999
 31
0.0
  0
LINE
  5
AC
330
1F
100
AcDbEntity
  8
1
  6
Continuous
 62
   163
370
    18
100
AcDbLine
 10
919.1322429999999
 20
59.01772199999999
 30
0.0
 11
919.1322429999999
 21
46.017722
 31
0.0
  0
LINE
  5
AD
330
1F
100
AcDbEntity
  8
1
  6
Continuous
 62
   163
370
    18
100
AcDbLine
 10
-180.669401
 20
59.01772199999999
 30
0.0
 11
-179.169401
 21
59.01772199999999
 31
0.0
  0
LINE
  5
AE
330
1F
100
AcDbEntity
  8
1
  6
Continuous
 62
   163
370
    18
100
AcDbLine
 10
933.975957
 20
47.496583
 30
0.0
 11
933.471847
 21
48.909336
 31
0.0
  0
LINE
  5
AF
330
1F
100
AcDbEntity
  8
1
  6
Continuous
 62
   163
370
    18
100
AcDbLine
 10
921.648075
 20
43.363082
 30
0.0
 11
921.2279829999999
 21
44.54037699999999
 31
0.0
  0
LINE
  5
B0
330
1F
100
AcDbEntity
  8
1
  6
Continuous
 62
   163
370
    18
100
AcDbLine
 10
921.2279829999999
 20
44.54037699999999
 30
0.0
 11
933.471847
 21
48.909336
 31
0.0
  0
LINE
  5
B1
330
1F
100
AcDbEntity
  8
1
  6
Continuous
 62
   163
370
    18
100
AcDbLine
 10
1048.998954
 20
-325.1950470000001
 30
0.0
 11
1068.625184
 21
-318.1918490000001
 31
0.0
  0
LINE
  5
B2
330
1F
100
AcDbEntity
  8
1
  6
Continuous
 62
   150
370
    18
100
AcDbLine
 10
-174.957726
 20
-303.6950470000001
 30
0.0
 11
-174.957726
 21
-274.6950470000001
 31
0.0
  0
LINE
  5
B3
330
1F
100
AcDbEntity
  8
1
  6
Continuous
 62
   150
370
    18
100
AcDbLine
 10
-177.957726
 20
-271.695047
 30
0.0
 11
-261.957726
 21
-271.695047
 31
0.0
  0
LINE
  5
B4
330
1F
100
AcDbEntity
  8
1
  6
Continuous
 62
   150
370
    18
100
AcDbLine
 10
-264.957726
 20
-274.6950470000001
 30
0.0
 11
-264.957726
 21
-303.6950470000001
 31
0.0
  0
LINE
  5
B5
330
1F
100
AcDbEntity
  8
1
  6
Continuous
 62
   150
370
    18
100
AcDbLine
 10
-261.957726
 20
-306.695047
 30
0.0
 11
-177.957726
 21
-306.695047
 31
0.0
  0
LINE
  5
B6
330
1F
100
AcDbEntity
  8
1
  6
Continuous
 62
   150
370
    18
100
AcDbLine
 10
1003.420569
 20
-303.6950470000001
 30
0.0
 11
1003.420569
 21
-274.6950470000001
 31
0.0
  0
LINE
  5
B7
330
1F
100
AcDbEntity
  8
1
  6
Continuous
 62
   150
370
    18
100
AcDbLine
 10
1000.420569
 20
-271.695047
 30
0.0
 11
916.4205690000001
 21
-271.695047
 31
0.0
  0
LINE
  5
B8
330
1F
100
AcDbEntity
  8
1
  6
Continuous
 62
   150
370
    18
100
AcDbLine
 10
913.4205689999999
 20
-274.6950470000001
 30
0.0
 11
913.4205689999999
 21
-303.6950470000001
 31
0.0
  0
LINE
  5
B9
330
1F
100
AcDbEntity
  8
1
  6
Continuous
 62
   150
370
    18
100
AcDbLine
 10
916.4205690000001
 20
-306.695047
 30
0.0
 11
1000.420569
 21
-306.695047
 31
0.0
  0
LINE
  5
BA
330
1F
100
AcDbEntity
  8
1
  6
Continuous
 62
   150
370
    18
100
AcDbLine
 10
-68.57199200000001
 20
-288.4
 30
0.0
 11
807.0348349999997
 21
-288.4
 31
0.0
  0
LINE
  5
BB
330
1F
100
AcDbEntity
  8
1
  6
Continuous
 62
   150
370
    18
100
AcDbLine
 10
-46.984631
 20
-32.898993
 30
0.0
 11
-115.556623
 21
-221.298993
 31
0.0
  0
LINE
  5
BC
330
1F
100
AcDbEntity
  8
1
  6
Continuous
 62
   150
370
    18
100
AcDbLine
 10
738.462842
 20
0.0
 30
0.0
 11
0.0
 21
0.0
 31
0.0
  0
LINE
  5
BD
330
1F
100
AcDbEntity
  8
1
  6
Continuous
 62
   150
370
    18
100
AcDbLine
 10
854.0194659999999
 20
-221.298993
 30
0.0
 11
785.447473
 21
-32.898993
 31
0.0
  0
LINE
  5
BE
330
1F
100
AcDbEntity
  8
1
  6
Continuous
 62
   163
370
    18
100
AcDbLine
 10
-183.185233
 20
43.363082
 30
0.0
 11
-179.419401
 21
42.019326
 31
0.0
  0
LINE
  5
BF
330
1F
100
AcDbEntity
  8
1
  6
Continuous
 62
   163
370
    18
100
AcDbLine
 10
-179.419401
 20
46.017722
 30
0.0
 11
-179.419401
 21
42.019326
 31
0.0
  0
LINE
  5
C0
330
1F
100
AcDbEntity
  8
1
  6
Continuous
 62
   163
370
    18
100
AcDbLine
 10
917.882243
 20
42.019326
 30
0.0
 11
921.648075
 21
43.363082
 31
0.0
  0
LINE
  5
C1
330
1F
100
AcDbEntity
  8
1
  6
Continuous
 62
   163
370
    18
100
AcDbLine
 10
917.882243
 20
42.019326
 30
0.0
 11
917.882243
 21
46.017722
 31
0.0
  0
ARC
  5
C2
330
1F
100
AcDbEntity
  8
1
  6
Continuous
 62
   163
370
    18
100
AcDbCircle
 10
-243.304381
 20
36.807319
 30
0.0
 40
25.00000000000052
100
AcDbArc
 50
340.362151
 51
14.970259
  0
ARC
  5
C3
330
1F
100
AcDbEntity
  8
1
  6
Continuous
 62
   163
370
    18
100
AcDbCircle
 10
-334.542561
 20
-308.150742
 30
0.0
 40
4.999999999999597
100
AcDbArc
 50
160.362151
 51
230.724302
  0
ARC
  5
C4
330
1F
100
AcDbEntity
  8
1
  6
Continuous
 62
   163
370
    18
100
AcDbCircle
 10
-153.040478
 20
100.436859
 30
0.0
 40
25.00000000000007
100
AcDbArc
 50
235.3918919999999
 51
270.0
  0
ARC
  5
C5
330
1F
100
AcDbEntity
  8
1
  6
Continuous
 62
   163
370
    18
100
AcDbCircle
 10
725.5420190000003
 20
65.43685899999998
 30
0.0
 40
9.999999999999507
100
AcDbArc
 50
41.810315
 51
90.0
  0
ARC
  5
C6
330
1F
100
AcDbEntity
  8
1
  6
Continuous
 62
   163
370
    18
100
AcDbCircle
 10
612.8953240000002
 20
65.43685899999998
 30
0.0
 40
9.999999999999834
100
AcDbArc
 50
90.0
 51
138.189685
  0
ARC
  5
C7
330
1F
100
AcDbEntity
  8
1
  6
Continuous
 62
   163
370
    18
100
AcDbCircle
 10
601.714984
 20
75.43685899999998
 30
0.0
 40
5.000000000003501
100
AcDbArc
 50
270.0
 51
318.189685
  0
ARC
  5
C8
330
1F
100
AcDbEntity
  8
1
  6
Continuous
 62
   163
370
    18
100
AcDbCircle
 10
586.7149839999997
 20
75.43685899999998
 30
0.0
 40
5.00000000000007
100
AcDbArc
 50
221.810315
 51
270.0
  0
ARC
  5
C9
330
1F
100
AcDbEntity
  8
1
  6
Continuous
 62
   163
370
    18
100
AcDbCircle
 10
575.5346440000002
 20
65.43685899999998
 30
0.0
 40
9.99999999999984
100
AcDbArc
 50
41.810315
 51
90.0
  0
ARC
  5
CA
330
1F
100
AcDbEntity
  8
1
  6
Continuous
 62
   163
370
    18
100
AcDbCircle
 10
462.887949
 20
65.43685899999998
 30
0.0
 40
9.999999999999806
100
AcDbArc
 50
90.0
 51
138.189685
  0
ARC
  5
CB
330
1F
100
AcDbEntity
  8
1
  6
Continuous
 62
   163
370
    18
100
AcDbCircle
 10
451.7076089999997
 20
75.43685899999998
 30
0.0
 40
5.000000000003501
100
AcDbArc
 50
270.0
 51
318.189685
  0
ARC
  5
CC
330
1F
100
AcDbEntity
  8
1
  6
Continuous
 62
   163
370
    18
100
AcDbCircle
 10
436.707609
 20
75.43685899999998
 30
0.0
 40
5.000000000000127
100
AcDbArc
 50
221.810315
 51
270.0
  0
ARC
  5
CD
330
1F
100
AcDbEntity
  8
1
  6
Continuous
 62
   163
370
    18
100
AcDbCircle
 10
425.527269
 20
65.43685899999998
 30
0.0
 40
9.999999999999671
100
AcDbArc
 50
41.810315
 51
90.0
  0
ARC
  5
CE
330
1F
100
AcDbEntity
  8
1
  6
Continuous
 62
   163
370
    18
100
AcDbCircle
 10
312.935573
 20
65.43685899999998
 30
0.0
 40
9.999999999999896
100
AcDbArc
 50
90.0
 51
138.189685
  0
ARC
  5
CF
330
1F
100
AcDbEntity
  8
1
  6
Continuous
 62
   163
370
    18
100
AcDbCircle
 10
301.755233
 20
75.43685899999998
 30
0.0
 40
5.000000000000004
100
AcDbArc
 50
270.0
 51
318.189685
  0
ARC
  5
D0
330
1F
100
AcDbEntity
  8
1
  6
Continuous
 62
   163
370
    18
100
AcDbCircle
 10
286.755233
 20
75.43685899999998
 30
0.0
 40
5.000000000000206
100
AcDbArc
 50
221.810315
 51
270.0
  0
ARC
  5
D1
330
1F
100
AcDbEntity
  8
1
  6
Continuous
 62
   163
370
    18
100
AcDbCircle
 10
275.574894
 20
65.43685899999998
 30
0.0
 40
10.00000000000006
100
AcDbArc
 50
41.810315
 51
90.0
  0
ARC
  5
D2
330
1F
100
AcDbEntity
  8
1
  6
Continuous
 62
   163
370
    18
100
AcDbCircle
 10
162.928199
 20
65.43685899999998
 30
0.0
 40
10.00000000000013
100
AcDbArc
 50
90.0
 51
138.189685
  0
ARC
  5
D3
330
1F
100
AcDbEntity
  8
1
  6
Continuous
 62
   163
370
    18
100
AcDbCircle
 10
151.747859
 20
75.43685899999998
 30
0.0
 40
5.000000000000004
100
AcDbArc
 50
270.0
 51
318.189685
  0
ARC
  5
D4
330
1F
100
AcDbEntity
  8
1
  6
Continuous
 62
   163
370
    18
100
AcDbCircle
 10
136.747859
 20
75.43685899999998
 30
0.0
 40
4.999999999999938
100
AcDbArc
 50
221.810315
 51
270.0
  0
ARC
  5
D5
330
1F
100
AcDbEntity
  8
1
  6
Continuous
 62
   163
370
    18
100
AcDbCircle
 10
125.567519
 20
65.43685899999998
 30
0.0
 40
10.00000000000018
100
AcDbArc
 50
41.810315
 51
90.0
  0
ARC
  5
D6
330
1F
100
AcDbEntity
  8
1
  6
Continuous
 62
   163
370
    18
100
AcDbCircle
 10
12.920824
 20
65.43685899999998
 30
0.0
 40
9.999999999999939
100
AcDbArc
 50
90.0
 51
138.189685
  0
ARC
  5
D7
330
1F
100
AcDbEntity
  8
1
  6
Continuous
 62
   163
370
    18
100
AcDbCircle
 10
1.740483999999999
 20
75.43685899999998
 30
0.0
 40
4.999999999999893
100
AcDbArc
 50
270.0
 51
318.189685
  0
ARC
  5
D8
330
1F
100
AcDbEntity
  8
1
  6
Continuous
 62
   163
370
    18
100
AcDbCircle
 10
-13.259516
 20
75.43685899999998
 30
0.0
 40
4.99999999999975
100
AcDbArc
 50
221.810315
 51
270.0
  0
ARC
  5
D9
330
1F
100
AcDbEntity
  8
1
  6
Continuous
 62
   163
370
    18
100
AcDbCircle
 10
-24.439856
 20
65.43685899999998
 30
0.0
 40
9.999999999999896
100
AcDbArc
 50
41.810315
 51
90.0
  0
ARC
  5
DA
330
1F
100
AcDbEntity
  8
1
  6
Continuous
 62
   163
370
    18
100
AcDbCircle
 10
891.5033210000002
 20
100.436859
 30
0.0
 40
24.99999999999997
100
AcDbArc
 50
270.0
 51
304.608108
  0
ARC
  5
DB
330
1F
100
AcDbEntity
  8
1
  6
Continuous
 62
   163
370
    18
100
AcDbCircle
 10
762.902698
 20
65.43685899999998
 30
0.0
 40
9.999999999999873
100
AcDbArc
 50
90.0
 51
138.189685
  0
ARC
  5
DC
330
1F
100
AcDbEntity
  8
1
  6
Continuous
 62
   163
370
    18
100
AcDbCircle
 10
751.7223579999996
 20
75.43685899999998
 30
0.0
 40
5.000000000003556
100
AcDbArc
 50
270.0
 51
318.189685
  0
ARC
  5
DD
330
1F
100
AcDbEntity
  8
1
  6
Continuous
 62
   163
370
    18
100
AcDbCircle
 10
736.722358
 20
75.43685899999998
 30
0.0
 40
5.000000000000183
100
AcDbArc
 50
221.810315
 51
270.0
  0
ARC
  5
DE
330
1F
100
AcDbEntity
  8
1
  6
Continuous
 62
   163
370
    18
100
AcDbCircle
 10
981.767224
 20
36.807319
 30
0.0
 40
25.00000000000095
100
AcDbArc
 50
165.029741
 51
199.637849
  0
ARC
  5
DF
330
1F
100
AcDbEntity
  8
1
  6
Continuous
 62
   163
370
    18
100
AcDbCircle
 10
1073.005403
 20
-308.150742
 30
0.0
 40
4.999999999999934
100
AcDbArc
 50
309.275698
 51
19.637849
  0
ARC
  5
E0
330
1F
100
AcDbEntity
  8
1
  6
Continuous
 62
   150
370
    18
100
AcDbCircle
 10
291.755233
 20
53.981922
 30
0.0
 40
3.249999999995256
100
AcDbArc
 50
90.0
 51
270.0
  0
ARC
  5
E1
330
1F
100
AcDbEntity
  8
1
  6
Continuous
 62
   150
370
    18
100
AcDbCircle
 10
296.755233
 20
53.981922
 30
0.0
 40
3.250000000003361
100
AcDbArc
 50
270.0
 51
90.0
  0
ARC
  5
E2
330
1F
100
AcDbEntity
  8
1
  6
Continuous
 62
   150
370
    18
100
AcDbCircle
 10
141.747859
 20
53.981922
 30
0.0
 40
3.249999999995312
100
AcDbArc
 50
90.0
 51
270.0
  0
ARC
  5
E3
330
1F
100
AcDbEntity
  8
1
  6
Continuous
 62
   150
370
    18
100
AcDbCircle
 10
146.747859
 20
53.981922
 30
0.0
 40
3.250000000002861
100
AcDbArc
 50
270.0
 51
90.0
  0
ARC
  5
E4
330
1F
100
AcDbEntity
  8
1
  6
Continuous
 62
   150
370
    18
100
AcDbCircle
 10
-8.259515999999999
 20
53.981922
 30
0.0
 40
3.249999999995423
100
AcDbArc
 50
90.0
 51
270.0
  0
ARC
  5
E5
330
1F
100
AcDbEntity
  8
1
  6
Continuous
 62
   150
370
    18
100
AcDbCircle
 10
-3.259516
 20
53.981922
 30
0.0
 40
3.250000000003417
100
AcDbArc
 50
270.0
 51
90.0
  0
ARC
  5
E6
330
1F
100
AcDbEntity
  8
1
  6
Continuous
 62
   150
370
    18
100
AcDbCircle
 10
-158.266891
 20
53.981922
 30
0.0
 40
3.249999999996533
100
AcDbArc
 50
90.0
 51
270.0
  0
ARC
  5
E7
330
1F
100
AcDbEntity
  8
1
  6
Continuous
 62
   150
370
    18
100
AcDbCircle
 10
-153.266891
 20
53.981922
 30
0.0
 40
3.250000000001528
100
AcDbArc
 50
270.0
 51
90.0
  0
ARC
  5
E8
330
1F
100
AcDbEntity
  8
1
  6
Continuous
 62
   150
370
    18
100
AcDbCircle
 10
441.707609
 20
53.981922
 30
0.0
 40
3.249999999999198
100
AcDbArc
 50
90.0
 51
270.0
  0
ARC
  5
E9
330
1F
100
AcDbEntity
  8
1
  6
Continuous
 62
   150
370
    18
100
AcDbCircle
 10
446.7076089999998
 20
53.981922
 30
0.0
 40
3.249999999999253
100
AcDbArc
 50
270.0
 51
90.0
  0
ARC
  5
EA
330
1F
100
AcDbEntity
  8
1
  6
Continuous
 62
   150
370
    18
100
AcDbCircle
 10
591.7149839999997
 20
53.981922
 30
0.0
 40
3.249999999999308
100
AcDbArc
 50
90.0
 51
270.0
  0
ARC
  5
EB
330
1F
100
AcDbEntity
  8
1
  6
Continuous
 62
   150
370
    18
100
AcDbCircle
 10
596.7149839999997
 20
53.981922
 30
0.0
 40
3.249999999999253
100
AcDbArc
 50
270.0
 51
90.0
  0
ARC
  5
EC
330
1F
100
AcDbEntity
  8
1
  6
Continuous
 62
   150
370
    18
100
AcDbCircle
 10
741.7223579999999
 20
53.981922
 30
0.0
 40
3.249999999999253
100
AcDbArc
 50
90.0
 51
270.0
  0
ARC
  5
ED
330
1F
100
AcDbEntity
  8
1
  6
Continuous
 62
   150
370
    18
100
AcDbCircle
 10
746.7223579999996
 20
53.981922
 30
0.0
 40
3.249999999999308
100
AcDbArc
 50
270.0
 51
90.0
  0
ARC
  5
EE
330
1F
100
AcDbEntity
  8
1
  6
Continuous
 62
   150
370
    18
100
AcDbCircle
 10
889.729733
 20
53.981922
 30
0.0
 40
3.249999999999253
100
AcDbArc
 50
90.0
 51
270.0
  0
ARC
  5
EF
330
1F
100
AcDbEntity
  8
1
  6
Continuous
 62
   150
370
    18
100
AcDbCircle
 10
894.7297329999999
 20
53.981922
 30
0.0
 40
3.249999999999253
100
AcDbArc
 50
270.0
 51
90.0
  0
ARC
  5
F0
330
1F
100
AcDbEntity
  8
1
  6
Continuous
 62
   150
370
    18
100
AcDbCircle
 10
-177.957726
 20
-274.6950470000001
 30
0.0
 40
2.999999999999337
100
AcDbArc
 50
0.0
 51
90.0
  0
ARC
  5
F1
330
1F
100
AcDbEntity
  8
1
  6
Continuous
 62
   150
370
    18
100
AcDbCircle
 10
-261.957726
 20
-274.6950470000001
 30
0.0
 40
3.000000000000055
100
AcDbArc
 50
90.0
 51
180.0
  0
ARC
  5
F2
330
1F
100
AcDbEntity
  8
1
  6
Continuous
 62
   150
370
    18
100
AcDbCircle
 10
-261.957726
 20
-303.6950470000001
 30
0.0
 40
2.99999999999989
100
AcDbArc
 50
180.0
 51
270.0
  0
ARC
  5
F3
330
1F
100
AcDbEntity
  8
1
  6
Continuous
 62
   150
370
    18
100
AcDbCircle
 10
-177.957726
 20
-303.6950470000001
 30
0.0
 40
3.000000000000003
100
AcDbArc
 50
270.0
 51
0.0
  0
ARC
  5
F4
330
1F
100
AcDbEntity
  8
1
  6
Continuous
 62
   150
370
    18
100
AcDbCircle
 10
1000.420569
 20
-274.6950470000001
 30
0.0
 40
2.999999999996006
100
AcDbArc
 50
0.0
 51
90.0
  0
ARC
  5
F5
330
1F
100
AcDbEntity
  8
1
  6
Continuous
 62
   150
370
    18
100
AcDbCircle
 10
916.4205690000001
 20
-274.6950470000001
 30
0.0
 40
3.000000000000166
100
AcDbArc
 50
90.0
 51
180.0
  0
ARC
  5
F6
330
1F
100
AcDbEntity
  8
1
  6
Continuous
 62
   150
370
    18
100
AcDbCircle
 10
916.4205690000001
 20
-303.6950470000001
 30
0.0
 40
2.999999999999226
100
AcDbArc
 50
180.0
 51
270.0
  0
ARC
  5
F7
330
1F
100
AcDbEntity
  8
1
  6
Continuous
 62
   150
370
    18
100
AcDbCircle
 10
1000.420569
 20
-303.6950470000001
 30
0.0
 40
3.000000000000613
100
AcDbArc
 50
270.0
 51
0.0
  0
CIRCLE
  5
F8
330
1F
100
AcDbEntity
  8
1
  6
Continuous
 62
   150
370
    18
100
AcDbCircle
 10
828.7772549999997
 20
-50.21609
 30
0.0
 40
2.549999999999998
  0
CIRCLE
  5
F9
330
1F
100
AcDbEntity
  8
1
  6
Continuous
 62
   150
370
    18
100
AcDbCircle
 10
840.4059399999999
 20
-82.165639
 30
0.0
 40
2.549999999999998
  0
CIRCLE
  5
FA
330
1F
100
AcDbEntity
  8
1
  6
Continuous
 62
   150
370
    18
100
AcDbCircle
 10
-90.314413
 20
-50.21609
 30
0.0
 40
2.549999999999998
  0
CIRCLE
  5
FB
330
1F
100
AcDbEntity
  8
1
  6
Continuous
 62
   150
370
    18
100
AcDbCircle
 10
-101.943098
 20
-82.165639
 30
0.0
 40
2.549999999999998
  0
ARC
  5
FC
330
1F
100
AcDbEntity
  8
1
  6
Continuous
 62
   150
370
    18
100
AcDbCircle
 10
807.0348349999997
 20
-238.4
 30
0.0
 40
50.0
100
AcDbArc
 50
270.0
 51
20.0
  0
ARC
  5
FD
330
1F
100
AcDbEntity
  8
1
  6
Continuous
 62
   150
370
    18
100
AcDbCircle
 10
-68.57199200000001
 20
-238.4
 30
0.0
 40
49.99999999998779
100
AcDbArc
 50
160.0
 51
270.0
  0
ARC
  5
FE
330
1F
100
AcDbEntity
  8
1
  6
Continuous
 62
   150
370
    18
100
AcDbCircle
 10
0.0
 20
-50.0
 30
0.0
 40
50.00000000000078
100
AcDbArc
 50
90.0
 51
160.0
  0
ARC
  5
FF
330
1F
100
AcDbEntity
  8
1
  6
Continuous
 62
   150
370
    18
100
AcDbCircle
 10
738.462842
 20
-50.0
 30
0.0
 40
49.99999999999013
100
AcDbArc
 50
20.0
 51
90.0
  0
ENDSEC
  0
SECTION
  2
OBJECTS
  0
DICTIONARY
  5
C
330
0
100
AcDbDictionary
281
     1
  3
ACAD_CIP_PREVIOUS_PRODUCT_INFO
350
165
  3
ACAD_COLOR
350
160
  3
ACAD_DETAILVIEWSTYLE
350
15C
  3
ACAD_GROUP
350
D
  3
ACAD_LAYOUT
350
1A
  3
ACAD_MATERIAL
350
43
  3
ACAD_MLEADERSTYLE
350
6B
  3
ACAD_MLINESTYLE
350
17
  3
ACAD_PLOTSETTINGS
350
19
  3
ACAD_PLOTSTYLENAME
350
E
  3
ACAD_SCALELIST
350
47
  3
ACAD_SECTIONVIEWSTYLE
350
15D
  3
ACAD_TABLESTYLE
350
69
  3
ACAD_VISUALSTYLE
350
2A
  3
ACDB_RECOMPOSE_DATA
350
196
  3
AcDbVariableDictionary
350
119
  0
DICTIONARY
  5
180
330
2
100
AcDbDictionary
280
     1
281
     1
  3
ACAD_LAYERSTATES
360
181
  0
DICTIONARY
  5
16C
330
10
100
AcDbDictionary
280
     1
281
     1
  3
ADSK_XREC_LAYER_RECONCILED
360
16D
  0
DICTIONARY
  5
16E
330
78
100
AcDbDictionary
280
     1
281
     1
  3
ADSK_XREC_LAYER_RECONCILED
360
16F
  0
XRECORD
  5
165
102
{ACAD_REACTORS
330
C
102
}
330
C
100
AcDbXrecord
280
     1
300
ACD
300
2019
300
ACD_F_S
  0
DICTIONARY
  5
160
102
{ACAD_REACTORS
330
C
102
}
330
C
100
AcDbDictionary
281
     1
  0
DICTIONARY
  5
15C
102
{ACAD_REACTORS
330
C
102
}
330
C
100
AcDbDictionary
281
     1
  3
Metric50
350
162
  0
DICTIONARY
  5
D
102
{ACAD_REACTORS
330
C
102
}
330
C
100
AcDbDictionary
281
     1
  0
DICTIONARY
  5
1A
102
{ACAD_REACTORS
330
C
102
}
330
C
100
AcDbDictionary
281
     1
  3
Layout1
350
1E
  3
Layout2
350
26
  3
Model
350
22
  0
DICTIONARY
  5
43
102
{ACAD_REACTORS
330
C
102
}
330
C
100
AcDbDictionary
281
     1
  3
ByBlock
350
45
  3
ByLayer
350
44
  3
Global
350
46
  0
DICTIONARY
  5
6B
102
{ACAD_REACTORS
330
C
102
}
330
C
100
AcDbDictionary
281
     1
  3
Standard
350
6C
  0
DICTIONARY
  5
17
102
{ACAD_REACTORS
330
C
102
}
330
C
100
AcDbDictionary
281
     1
  3
Standard
350
18
  0
DICTIONARY
  5
19
102
{ACAD_REACTORS
330
C
102
}
330
C
100
AcDbDictionary
281
     1
  0
ACDBDICTIONARYWDFLT
  5
E
102
{ACAD_REACTORS
330
C
102
}
330
C
100
AcDbDictionary
281
     1
  3
Normal
350
F
100
AcDbDictionaryWithDefault
340
F
  0
DICTIONARY
  5
47
102
{ACAD_REACTORS
330
C
102
}
330
C
100
AcDbDictionary
281
     1
  3
A0
350
48
  3
A1
350
49
  3
A2
350
4A
  3
A3
350
4B
  3
A4
350
4C
  3
A5
350
4D
  3
A6
350
4E
  3
A7
350
4F
  3
A8
350
50
  3
A9
350
51
  3
B0
350
52
  3
B1
350
53
  3
B2
350
54
  3
B3
350
55
  3
B4
350
56
  3
B5
350
57
  3
B6
350
58
  3
B7
350
59
  3
B8
350
5A
  3
B9
350
5B
  3
C0
350
5C
  3
C1
350
5D
  3
C2
350
5E
  3
C3
350
5F
  3
C4
350
60
  3
C5
350
61
  3
C6
350
62
  3
C7
350
63
  3
C8
350
64
  3
C9
350
65
  3
D0
350
66
  3
D1
350
67
  3
D2
350
68
  0
DICTIONARY
  5
15D
102
{ACAD_REACTORS
330
C
102
}
330
C
100
AcDbDictionary
281
     1
  3
Metric50
350
161
  0
DICTIONARY
  5
69
102
{ACAD_REACTORS
330
C
102
}
330
C
100
AcDbDictionary
281
     1
  3
Standard
350
6A
  0
DICTIONARY
  5
2A
102
{ACAD_REACTORS
330
C
102
}
330
C
100
AcDbDictionary
281
     1
  3
2dWireframe
350
2F
  3
Basic
350
32
  3
Brighten
350
36
  3
ColorChange
350
3A
  3
Conceptual
350
34
  3
Dim
350
35
  3
EdgeColorOff
350
3D
  3
Facepattern
350
39
  3
Flat
350
2B
  3
FlatWithEdges
350
2C
  3
Gouraud
350
2D
  3
GouraudWithEdges
350
2E
  3
Hidden
350
31
  3
JitterOff
350
3B
  3
Linepattern
350
38
  3
OverhangOff
350
3C
  3
Realistic
350
33
  3
Shaded
350
42
  3
Shaded with edges
350
41
  3
Shades of Gray
350
3E
  3
Sketchy
350
3F
  3
Thicken
350
37
  3
Wireframe
350
30
  3
X-Ray
350
40
  0
XRECORD
  5
196
102
{ACAD_REACTORS
330
C
102
}
330
C
100
AcDbXrecord
280
     1
 90
        1
330
6A
  0
DICTIONARY
  5
119
102
{ACAD_REACTORS
330
C
102
}
330
C
100
AcDbDictionary
281
     1
  3
CANNOSCALE
350
11A
  3
CMLEADERSTYLE
350
15B
  3
CTABLESTYLE
350
15A
  3
CVIEWDETAILSTYLE
350
170
  3
CVIEWSECTIONSTYLE
350
171
  3
LAYEREVAL
350
173
  3
LAYERNOTIFY
350
174
  3
LIGHTINGUNITS
350
172
  3
MSLTSCALE
350
11B
  0
DICTIONARY
  5
181
102
{ACAD_REACTORS
330
180
102
}
330
180
100
AcDbDictionary
281
     1
  0
XRECORD
  5
16D
102
{ACAD_REACTORS
330
16C
102
}
330
16C
100
AcDbXrecord
280
     1
290
     1
  0
XRECORD
  5
16F
102
{ACAD_REACTORS
330
16E
102
}
330
16E
100
AcDbXrecord
280
     1
290
     1
  0
ACDBDETAILVIEWSTYLE
  5
162
102
{ACAD_REACTORS
330
15C
102
}
330
15C
100
AcDbModelDocViewStyle
 70
     0
  3
Metric50
290
     0
300
Metric50
 90
        0
100
AcDbDetailViewStyle
 70
     0
 71
     0
 90
        3
 71
     1
340
11
 62
   256
 40
5.0
340
0
 62
   256
 40
5.0
300

 40
0.0
280
     1
 71
     2
340
16
 90
       25
 62
   256
 71
     3
340
11
 62
   256
 40
5.0
 90
        0
 40
15.0
 90
        1
300
%<\AcVar ViewDetailId>% (%<\AcVar ViewScale \f "%sn">%)
 71
     4
340
16
 90
       25
 62
   256
340
16
 90
       25
 62
   256
280
     0
  0
LAYOUT
  5
1E
102
{ACAD_REACTORS
330
1A
102
}
330
1A
100
AcDbPlotSettings
  1

  2
none_device
  4

  6

 40
0.0
 41
0.0
 42
0.0
 43
0.0
 44
0.0
 45
0.0
 46
0.0
 47
0.0
 48
0.0
 49
0.0
140
0.0
141
0.0
142
1.0
143
1.0
 70
   688
 72
     0
 73
     0
 74
     5
  7

 75
    16
147
1.0
 76
     0
 77
     2
 78
   300
148
0.0
149
0.0
100
AcDbLayout
  1
Layout1
 70
     1
 71
     1
 10
-0.5
 20
-0.5
 11
5.0
 21
5.0
 12
0.0
 22
0.0
 32
0.0
 14
-0.5
 24
-0.5
 34
-0.5
 15
5.0
 25
5.0
 35
5.0
146
0.0
 13
0.0
 23
0.0
 33
0.0
 16
1.0
 26
0.0
 36
0.0
 17
0.0
 27
1.0
 37
0.0
 76
     0
330
1B
  0
LAYOUT
  5
26
102
{ACAD_REACTORS
330
1A
102
}
330
1A
100
AcDbPlotSettings
  1

  2
none_device
  4

  6

 40
0.0
 41
0.0
 42
0.0
 43
0.0
 44
0.0
 45
0.0
 46
0.0
 47
0.0
 48
0.0
 49
0.0
140
0.0
141
0.0
142
1.0
143
1.0
 70
   688
 72
     0
 73
     0
 74
     5
  7

 75
    16
147
1.0
 76
     0
 77
     2
 78
   300
148
0.0
149
0.0
100
AcDbLayout
  1
Layout2
 70
     1
 71
     2
 10
0.0
 20
0.0
 11
0.0
 21
0.0
 12
0.0
 22
0.0
 32
0.0
 14
0.0
 24
0.0
 34
0.0
 15
0.0
 25
0.0
 35
0.0
146
0.0
 13
0.0
 23
0.0
 33
0.0
 16
1.0
 26
0.0
 36
0.0
 17
0.0
 27
1.0
 37
0.0
 76
     0
330
23
  0
LAYOUT
  5
22
102
{ACAD_REACTORS
330
1A
102
}
330
1A
100
AcDbPlotSettings
  1

  2
none_device
  4
Letter_(8.50_x_11.00_Inches)
  6

 40
6.349999999999997
 41
6.349999999999997
 42
6.350005
 43
6.350005
 44
215.9
 45
279.4
 46
0.0
 47
0.0
 48
0.0
 49
0.0
140
0.0
141
0.0
142
1.0
143
1.0
 70
  1712
 72
     0
 73
     0
 74
     0
  7

 75
     0
147
1.0
 76
     0
 77
     2
 78
   300
148
0.0
149
0.0
100
AcDbLayout
  1
Model
 70
     1
 71
     0
 10
-0.5
 20
-0.5
 11
5.0
 21
5.0
 12
0.0
 22
0.0
 32
0.0
 14
-0.5
 24
-0.5
 34
-0.5
 15
5.0
 25
5.0
 35
5.0
146
0.0
 13
0.0
 23
0.0
 33
0.0
 16
1.0
 26
0.0
 36
0.0
 17
0.0
 27
1.0
 37
0.0
 76
     0
330
1F
331
29
  0
MATERIAL
  5
45
102
{ACAD_XDICTIONARY
360
14F
102
}
102
{ACAD_REACTORS
330
43
102
}
330
43
100
AcDbMaterial
  1
ByBlock
  0
MATERIAL
  5
44
102
{ACAD_XDICTIONARY
360
14D
102
}
102
{ACAD_REACTORS
330
43
102
}
330
43
100
AcDbMaterial
  1
ByLayer
  0
MATERIAL
  5
46
102
{ACAD_XDICTIONARY
360
151
102
}
102
{ACAD_REACTORS
330
43
102
}
330
43
100
AcDbMaterial
  1
Global
  0
MLEADERSTYLE
  5
6C
102
{ACAD_REACTORS
330
6B
102
}
330
6B
100
AcDbMLeaderStyle
179
     2
170
     2
171
     1
172
     0
 90
        2
 40
0.0
 41
0.0
173
     1
 91
-1056964608
340
14
 92
       -2
290
     1
 42
0.09
291
     1
 43
0.36
  3
Standard
 44
0.18
300

342
11
174
     1
178
     6
175
     1
176
     0
 93
-1056964608
 45
0.18
292
     0
297
     0
 46
0.18
 94
-1056964608
 47
1.0
 49
1.0
140
1.0
293
     1
141
0.0
294
     1
177
     0
142
1.0
295
     0
296
     0
143
0.125
271
     0
272
     9
273
     9
298
     0
1001
ACAD_MLEADERVER
1070
     2
  0
MLINESTYLE
  5
18
102
{ACAD_REACTORS
330
17
102
}
330
17
100
AcDbMlineStyle
  2
STANDARD
 70
     0
  3

 62
   256
 51
90.0
 52
90.0
 71
     2
 49
0.5
 62
   256
  6
BYLAYER
 49
-0.5
 62
   256
  6
BYLAYER
  0
ACDBPLACEHOLDER
  5
F
102
{ACAD_REACTORS
330
E
102
}
330
E
  0
SCALE
  5
48
102
{ACAD_REACTORS
330
47
102
}
330
47
100
AcDbScale
 70
     0
300
1:1
140
1.0
141
1.0
290
     1
  0
SCALE
  5
49
102
{ACAD_REACTORS
330
47
102
}
330
47
100
AcDbScale
 70
     0
300
1:2
140
1.0
141
2.0
290
     0
  0
SCALE
  5
4A
102
{ACAD_REACTORS
330
47
102
}
330
47
100
AcDbScale
 70
     0
300
1:4
140
1.0
141
4.0
290
     0
  0
SCALE
  5
4B
102
{ACAD_REACTORS
330
47
102
}
330
47
100
AcDbScale
 70
     0
300
1:5
140
1.0
141
5.0
290
     0
  0
SCALE
  5
4C
102
{ACAD_REACTORS
330
47
102
}
330
47
100
AcDbScale
 70
     0
300
1:8
140
1.0
141
8.0
290
     0
  0
SCALE
  5
4D
102
{ACAD_REACTORS
330
47
102
}
330
47
100
AcDbScale
 70
     0
300
1:10
140
1.0
141
10.0
290
     0
  0
SCALE
  5
4E
102
{ACAD_REACTORS
330
47
102
}
330
47
100
AcDbScale
 70
     0
300
1:16
140
1.0
141
16.0
290
     0
  0
SCALE
  5
4F
102
{ACAD_REACTORS
330
47
102
}
330
47
100
AcDbScale
 70
     0
300
1:20
140
1.0
141
20.0
290
     0
  0
SCALE
  5
50
102
{ACAD_REACTORS
330
47
102
}
330
47
100
AcDbScale
 70
     0
300
1:30
140
1.0
141
30.0
290
     0
  0
SCALE
  5
51
102
{ACAD_REACTORS
330
47
102
}
330
47
100
AcDbScale
 70
     0
300
1:40
140
1.0
141
40.0
290
     0
  0
SCALE
  5
52
102
{ACAD_REACTORS
330
47
102
}
330
47
100
AcDbScale
 70
     0
300
1:50
140
1.0
141
50.0
290
     0
  0
SCALE
  5
53
102
{ACAD_REACTORS
330
47
102
}
330
47
100
AcDbScale
 70
     0
300
1:100
140
1.0
141
100.0
290
     0
  0
SCALE
  5
54
102
{ACAD_REACTORS
330
47
102
}
330
47
100
AcDbScale
 70
     0
300
2:1
140
2.0
141
1.0
290
     0
  0
SCALE
  5
55
102
{ACAD_REACTORS
330
47
102
}
330
47
100
AcDbScale
 70
     0
300
4:1
140
4.0
141
1.0
290
     0
  0
SCALE
  5
56
102
{ACAD_REACTORS
330
47
102
}
330
47
100
AcDbScale
 70
     0
300
8:1
140
8.0
141
1.0
290
     0
  0
SCALE
  5
57
102
{ACAD_REACTORS
330
47
102
}
330
47
100
AcDbScale
 70
     0
300
10:1
140
10.0
141
1.0
290
     0
  0
SCALE
  5
58
102
{ACAD_REACTORS
330
47
102
}
330
47
100
AcDbScale
 70
     0
300
100:1
140
100.0
141
1.0
290
     0
  0
SCALE
  5
59
102
{ACAD_REACTORS
330
47
102
}
330
47
100
AcDbScale
 70
     0
300
1/128" = 1'-0"
140
0.007812
141
12.0
290
     0
  0
SCALE
  5
5A
102
{ACAD_REACTORS
330
47
102
}
330
47
100
AcDbScale
 70
     0
300
1/64" = 1'-0"
140
0.015625
141
12.0
290
     0
  0
SCALE
  5
5B
102
{ACAD_REACTORS
330
47
102
}
330
47
100
AcDbScale
 70
     0
300
1/32" = 1'-0"
140
0.03125
141
12.0
290
     0
  0
SCALE
  5
5C
102
{ACAD_REACTORS
330
47
102
}
330
47
100
AcDbScale
 70
     0
300
1/16" = 1'-0"
140
0.0625
141
12.0
290
     0
  0
SCALE
  5
5D
102
{ACAD_REACTORS
330
47
102
}
330
47
100
AcDbScale
 70
     0
300
3/32" = 1'-0"
140
0.09375
141
12.0
290
     0
  0
SCALE
  5
5E
102
{ACAD_REACTORS
330
47
102
}
330
47
100
AcDbScale
 70
     0
300
1/8" = 1'-0"
140
0.125
141
12.0
290
     0
  0
SCALE
  5
5F
102
{ACAD_REACTORS
330
47
102
}
330
47
100
AcDbScale
 70
     0
300
3/16" = 1'-0"
140
0.1875
141
12.0
290
     0
  0
SCALE
  5
60
102
{ACAD_REACTORS
330
47
102
}
330
47
100
AcDbScale
 70
     0
300
1/4" = 1'-0"
140
0.25
141
12.0
290
     0
  0
SCALE
  5
61
102
{ACAD_REACTORS
330
47
102
}
330
47
100
AcDbScale
 70
     0
300
3/8" = 1'-0"
140
0.375
141
12.0
290
     0
  0
SCALE
  5
62
102
{ACAD_REACTORS
330
47
102
}
330
47
100
AcDbScale
 70
     0
300
1/2" = 1'-0"
140
0.5
141
12.0
290
     0
  0
SCALE
  5
63
102
{ACAD_REACTORS
330
47
102
}
330
47
100
AcDbScale
 70
     0
300
3/4" = 1'-0"
140
0.75
141
12.0
290
     0
  0
SCALE
  5
64
102
{ACAD_REACTORS
330
47
102
}
330
47
100
AcDbScale
 70
     0
300
1" = 1'-0"
140
1.0
141
12.0
290
     0
  0
SCALE
  5
65
102
{ACAD_REACTORS
330
47
102
}
330
47
100
AcDbScale
 70
     0
300
1-1/2" = 1'-0"
140
1.5
141
12.0
290
     0
  0
SCALE
  5
66
102
{ACAD_REACTORS
330
47
102
}
330
47
100
AcDbScale
 70
     0
300
3" = 1'-0"
140
3.0
141
12.0
290
     0
  0
SCALE
  5
67
102
{ACAD_REACTORS
330
47
102
}
330
47
100
AcDbScale
 70
     0
300
6" = 1'-0"
140
6.0
141
12.0
290
     0
  0
SCALE
  5
68
102
{ACAD_REACTORS
330
47
102
}
330
47
100
AcDbScale
 70
     0
300
1'-0" = 1'-0"
140
12.0
141
12.0
290
     0
  0
ACDBSECTIONVIEWSTYLE
  5
161
102
{ACAD_REACTORS
330
15D
102
}
330
15D
100
AcDbModelDocViewStyle
 70
     0
  3
Metric50
290
     0
300
Metric50
 90
        0
100
AcDbSectionViewStyle
 70
     0
 71
     0
 90
      102
 71
     1
340
11
 62
   256
 40
5.0
340
0
340
0
 62
   256
 40
5.0
300
I, O, Q, S, X, Z
 40
10.0
 90
        0
 40
2.5
 90
        0
 71
     2
340
16
 90
       25
 62
   256
340
16
 90
       50
 62
   256
 40
5.0
 40
2.5
 40
5.0
 71
     3
340
11
 62
   256
 40
5.0
 90
        0
 40
15.0
 90
        1
300
%<\AcVar ViewSectionStartId>%-%<\AcVar ViewSectionEndId>% (%<\AcVar ViewScale \f "%sn">%)
 71
     4
 62
   256
 62
   257
300
ANSI31
 40
1.0
 90
        0
290
     0
290
     0
 90
        6
 40
0.0
 40
1.570796326794896
 40
0.2617993877991494
 40
1.308996938995747
 40
-0.2617993877991494
 40
1.832595714594044
  0
TABLESTYLE
  5
6A
102
{ACAD_XDICTIONARY
360
153
102
}
102
{ACAD_REACTORS
330
69
102
}
330
69
100
AcDbTableStyle
280
     0
  3
Standard
 70
     0
 71
     0
 40
0.06
 41
0.06
280
     0
281
     0
  7
Standard
140
0.18
170
     2
 62
     0
 63
     7
283
     0
 90
        4
 91
        0
  1

274
    -2
284
     1
 64
     0
275
    -2
285
     1
 65
     0
276
    -2
286
     1
 66
     0
277
    -2
287
     1
 67
     0
278
    -2
288
     1
 68
     0
279
    -2
289
     1
 69
     0
  7
Standard
140
0.25
170
     5
 62
     0
 63
     7
283
     0
 90
        4
 91
        0
  1

274
    -2
284
     1
 64
     0
275
    -2
285
     1
 65
     0
276
    -2
286
     1
 66
     0
277
    -2
287
     1
 67
     0
278
    -2
288
     1
 68
     0
279
    -2
289
     1
 69
     0
  7
Standard
140
0.18
170
     5
 62
     0
 63
     7
283
     0
 90
        4
 91
        0
  1

274
    -2
284
     1
 64
     0
275
    -2
285
     1
 65
     0
276
    -2
286
     1
 66
     0
277
    -2
287
     1
 67
     0
278
    -2
288
     1
 68
     0
279
    -2
289
     1
 69
     0
  0
VISUALSTYLE
  5
2F
102
{ACAD_REACTORS
330
2A
102
}
330
2A
100
AcDbVisualStyle
  2

 70
     4
177
     3
291
     0
 70
    58
 90
        0
176
     1
 90
        2
176
     1
 90
        0
176
     1
 90
        0
176
     1
 40
0.6
176
     1
 40
30.0
176
     1
 62
     7
420
 16777215
176
     1
 90
        1
176
     1
 90
        4
176
     1
 62
     7
176
     1
 62
   257
176
     1
 90
        1
176
     1
 90
        1
176
     1
 40
1.0
176
     1
 90
        0
176
     1
 62
   257
176
     1
 40
1.0
176
     1
 90
        1
176
     1
 90
        6
176
     1
 90
        2
176
     1
 62
     7
176
     1
 90
        5
176
     1
 90
        0
176
     1
 90
        0
176
     1
290
     0
176
     1
 90
        1
176
     1
 40
0.0
176
     1
 90
        0
176
     1
290
     1
176
     1
290
     1
176
     1
290
     0
176
     1
290
     0
176
     1
290
     0
176
     1
290
     0
176
     1
290
     0
176
     1
290
     0
176
     1
290
     0
176
     1
 90
       50
176
     1
 40
0.0
176
     1
 40
1.0
176
     1
 90
        0
176
     1
 62
    18
176
     1
 90
       50
176
     1
 90
        3
176
     1
 62
     5
420
      255
176
     1
290
     0
176
     1
 90
       50
176
     1
 90
       50
176
     1
 90
       50
176
     1
290
     0
176
     1
 90
       50
176
     1
 62
   256
176
     0
 40
1.0
176
     0
 90
        2
176
     1
  1
strokes_ogs.tif
176
     1
290
     0
176
     1
 40
1.0
176
     1
 40
1.0
176
     1
1001
ACAD
1000
AcDbSavedByObjectVersion
1070
     0
  0
VISUALSTYLE
  5
32
102
{ACAD_REACTORS
330
2A
102
}
330
2A
100
AcDbVisualStyle
  2

 70
     7
177
     3
291
     1
 70
    58
 90
        1
176
     1
 90
        0
176
     1
 90
        1
176
     1
 90
        0
176
     1
 40
0.6
176
     1
 40
30.0
176
     1
 62
     7
420
 16777215
176
     1
 90
        0
176
     1
 90
        4
176
     1
 62
     7
176
     1
 62
   257
176
     1
 90
        1
176
     1
 90
        1
176
     1
 40
1.0
176
     1
 90
        8
176
     1
 62
     7
176
     1
 40
1.0
176
     1
 90
        1
176
     1
 90
        6
176
     1
 90
        2
176
     1
 62
     7
176
     1
 90
        5
176
     1
 90
        0
176
     1
 90
        0
176
     1
290
     0
176
     1
 90
        1
176
     1
 40
0.0
176
     1
 90
        0
176
     1
290
     0
176
     1
290
     1
176
     1
290
     1
176
     1
290
     0
176
     1
290
     0
176
     1
290
     0
176
     1
290
     0
176
     1
290
     0
176
     1
290
     0
176
     1
 90
       50
176
     1
 40
0.0
176
     1
 40
1.0
176
     1
 90
        0
176
     1
 62
    18
176
     1
 90
       50
176
     1
 90
        3
176
     1
 62
     5
420
      255
176
     1
290
     0
176
     1
 90
       50
176
     1
 90
       50
176
     1
 90
       50
176
     1
290
     0
176
     1
 90
       50
176
     1
 62
   256
176
     0
 40
1.0
176
     0
 90
        2
176
     1
  1
strokes_ogs.tif
176
     1
290
     0
176
     1
 40
1.0
176
     1
 40
1.0
176
     1
1001
ACAD
1000
AcDbSavedByObjectVersion
1070
     0
  0
VISUALSTYLE
  5
36
102
{ACAD_REACTORS
330
2A
102
}
330
2A
100
AcDbVisualStyle
  2

 70
    12
177
     3
291
     1
 70
    58
 90
        2
176
     1
 90
        2
176
     1
 90
        0
176
     1
 90
        0
176
     1
 40
0.6
176
     1
 40
30.0
176
     1
 62
     7
420
 16777215
176
     1
 90
        1
176
     1
 90
        4
176
     1
 62
     7
176
     1
 62
   257
176
     1
 90
        1
176
     1
 90
        1
176
     1
 40
1.0
176
     1
 90
        8
176
     1
 62
     7
176
     1
 40
1.0
176
     1
 90
        1
176
     1
 90
        6
176
     1
 90
        2
176
     1
 62
     7
176
     1
 90
        5
176
     1
 90
        0
176
     1
 90
        0
176
     1
290
     0
176
     1
 90
        1
176
     1
 40
50.0
176
     1
 90
        0
176
     1
290
     0
176
     1
290
     1
176
     1
290
     1
176
     1
290
     0
176
     1
290
     0
176
     1
290
     0
176
     1
290
     0
176
     1
290
     0
176
     1
290
     0
176
     1
 90
       50
176
     1
 40
0.0
176
     1
 40
1.0
176
     1
 90
        0
176
     1
 62
    18
176
     1
 90
       50
176
     1
 90
        3
176
     1
 62
     5
420
      255
176
     1
290
     0
176
     1
 90
       50
176
     1
 90
       50
176
     1
 90
       50
176
     1
290
     0
176
     1
 90
       50
176
     1
 62
   256
176
     0
 40
1.0
176
     0
 90
        2
176
     1
  1
strokes_ogs.tif
176
     1
290
     0
176
     1
 40
1.0
176
     1
 40
1.0
176
     1
1001
ACAD
1000
AcDbSavedByObjectVersion
1070
     0
  0
VISUALSTYLE
  5
3A
102
{ACAD_REACTORS
330
2A
102
}
330
2A
100
AcDbVisualStyle
  2

 70
    16
177
     3
291
     1
 70
    58
 90
        2
176
     1
 90
        2
176
     1
 90
        3
176
     1
 90
        0
176
     1
 40
0.6
176
     1
 40
30.0
176
     1
 62
     8
420
  8421504
176
     1
 90
        1
176
     1
 90
        4
176
     1
 62
     7
176
     1
 62
   257
176
     1
 90
        1
176
     1
 90
        1
176
     1
 40
1.0
176
     1
 90
        8
176
     1
 62
     8
420
  8421504
176
     1
 40
1.0
176
     1
 90
        1
176
     1
 90
        6
176
     1
 90
        2
176
     1
 62
     7
176
     1
 90
        5
176
     1
 90
        0
176
     1
 90
        0
176
     1
290
     0
176
     1
 90
        1
176
     1
 40
0.0
176
     1
 90
        0
176
     1
290
     0
176
     1
290
     1
176
     1
290
     1
176
     1
290
     0
176
     1
290
     0
176
     1
290
     0
176
     1
290
     0
176
     1
290
     0
176
     1
290
     0
176
     1
 90
       50
176
     1
 40
0.0
176
     1
 40
1.0
176
     1
 90
        0
176
     1
 62
    18
176
     1
 90
       50
176
     1
 90
        3
176
     1
 62
     5
420
      255
176
     1
290
     0
176
     1
 90
       50
176
     1
 90
       50
176
     1
 90
       50
176
     1
290
     0
176
     1
 90
       50
176
     1
 62
   256
176
     0
 40
1.0
176
     0
 90
        2
176
     1
  1
strokes_ogs.tif
176
     1
290
     0
176
     1
 40
1.0
176
     1
 40
1.0
176
     1
1001
ACAD
1000
AcDbSavedByObjectVersion
1070
     0
  0
VISUALSTYLE
  5
34
102
{ACAD_REACTORS
330
2A
102
}
330
2A
100
AcDbVisualStyle
  2

 70
     9
177
     3
291
     0
 70
    58
 90
        3
176
     1
 90
        2
176
     1
 90
        0
176
     1
 90
        0
176
     1
 40
0.6
176
     1
 40
30.0
176
     1
 62
     7
420
 16777215
176
     1
 90
        2
176
     1
 90
        2
176
     1
 62
     7
176
     1
 62
   257
176
     1
 90
        1
176
     1
 90
        1
176
     1
 40
179.0
176
     1
 90
        8
176
     1
 62
     7
176
     1
 40
1.0
176
     1
 90
        1
176
     1
 90
        6
176
     1
 90
        2
176
     1
 62
     7
176
     1
 90
        3
176
     1
 90
        0
176
     1
 90
        0
176
     1
290
     0
176
     1
 90
        1
176
     1
 40
0.0
176
     1
 90
        0
176
     1
290
     0
176
     1
290
     1
176
     1
290
     1
176
     1
290
     0
176
     1
290
     0
176
     1
290
     0
176
     1
290
     0
176
     1
290
     0
176
     1
290
     0
176
     1
 90
       50
176
     1
 40
0.0
176
     1
 40
1.0
176
     1
 90
        0
176
     1
 62
    18
176
     1
 90
       50
176
     1
 90
        3
176
     1
 62
     5
420
      255
176
     1
290
     0
176
     1
 90
       50
176
     1
 90
       50
176
     1
 90
       50
176
     1
290
     0
176
     1
 90
       50
176
     1
 62
   256
176
     0
 40
1.0
176
     0
 90
        2
176
     1
  1
strokes_ogs.tif
176
     1
290
     0
176
     1
 40
1.0
176
     1
 40
1.0
176
     1
1001
ACAD
1000
AcDbSavedByObjectVersion
1070
     0
  0
VISUALSTYLE
  5
35
102
{ACAD_REACTORS
330
2A
102
}
330
2A
100
AcDbVisualStyle
  2

 70
    11
177
     3
291
     1
 70
    58
 90
        2
176
     1
 90
        2
176
     1
 90
        0
176
     1
 90
        0
176
     1
 40
0.6
176
     1
 40
30.0
176
     1
 62
     7
420
 16777215
176
     1
 90
        1
176
     1
 90
        4
176
     1
 62
     7
176
     1
 62
   257
176
     1
 90
        1
176
     1
 90
        1
176
     1
 40
1.0
176
     1
 90
        8
176
     1
 62
     7
176
     1
 40
1.0
176
     1
 90
        1
176
     1
 90
        6
176
     1
 90
        2
176
     1
 62
     7
176
     1
 90
        5
176
     1
 90
        0
176
     1
 90
        0
176
     1
290
     0
176
     1
 90
        1
176
     1
 40
-50.0
176
     1
 90
        0
176
     1
290
     0
176
     1
290
     1
176
     1
290
     1
176
     1
290
     0
176
     1
290
     0
176
     1
290
     0
176
     1
290
     0
176
     1
290
     0
176
     1
290
     0
176
     1
 90
       50
176
     1
 40
0.0
176
     1
 40
1.0
176
     1
 90
        0
176
     1
 62
    18
176
     1
 90
       50
176
     1
 90
        3
176
     1
 62
     5
420
      255
176
     1
290
     0
176
     1
 90
       50
176
     1
 90
       50
176
     1
 90
       50
176
     1
290
     0
176
     1
 90
       50
176
     1
 62
   256
176
     0
 40
1.0
176
     0
 90
        2
176
     1
  1
strokes_ogs.tif
176
     1
290
     0
176
     1
 40
1.0
176
     1
 40
1.0
176
     1
1001
ACAD
1000
AcDbSavedByObjectVersion
1070
     0
  0
VISUALSTYLE
  5
3D
102
{ACAD_REACTORS
330
2A
102
}
330
2A
100
AcDbVisualStyle
  2

 70
    22
177
     3
291
     1
 70
    58
 90
        2
176
     0
 90
        2
176
     0
 90
        0
176
     0
 90
        0
176
     0
 40
0.6
176
     0
 40
30.0
176
     0
 62
     7
420
 16777215
176
     0
 90
        1
176
     0
 90
        4
176
     0
 62
     7
176
     0
 62
   257
176
     0
 90
        1
176
     0
 90
        1
176
     0
 40
1.0
176
     0
 90
        8
176
     2
 62
     7
176
     0
 40
1.0
176
     0
 90
        1
176
     0
 90
        6
176
     0
 90
        2
176
     0
 62
     7
176
     0
 90
        5
176
     0
 90
        0
176
     0
 90
        0
176
     0
290
     0
176
     0
 90
        1
176
     0
 40
0.0
176
     0
 90
        0
176
     0
290
     0
176
     0
290
     1
176
     0
290
     1
176
     0
290
     0
176
     0
290
     0
176
     0
290
     0
176
     0
290
     0
176
     0
290
     0
176
     0
290
     0
176
     0
 90
       50
176
     0
 40
0.0
176
     0
 40
1.0
176
     0
 90
        0
176
     0
 62
    18
176
     0
 90
       50
176
     0
 90
        3
176
     0
 62
     5
420
      255
176
     0
290
     0
176
     0
 90
       50
176
     0
 90
       50
176
     0
 90
       50
176
     0
290
     0
176
     0
 90
       50
176
     0
 62
   256
176
     0
 40
1.0
176
     0
 90
        2
176
     0
  1
strokes_ogs.tif
176
     0
290
     0
176
     0
 40
1.0
176
     0
 40
1.0
176
     0
1001
ACAD
1000
AcDbSavedByObjectVersion
1070
     0
  0
VISUALSTYLE
  5
39
102
{ACAD_REACTORS
330
2A
102
}
330
2A
100
AcDbVisualStyle
  2

 70
    15
177
     3
291
     1
 70
    58
 90
        2
176
     1
 90
        2
176
     1
 90
        0
176
     1
 90
        0
176
     1
 40
0.6
176
     1
 40
30.0
176
     1
 62
     7
420
 16777215
176
     1
 90
        1
176
     1
 90
        4
176
     1
 62
     7
176
     1
 62
   257
176
     1
 90
        1
176
     1
 90
        1
176
     1
 40
1.0
176
     1
 90
        8
176
     1
 62
     7
176
     1
 40
1.0
176
     1
 90
        1
176
     1
 90
        6
176
     1
 90
        2
176
     1
 62
     7
176
     1
 90
        5
176
     1
 90
        0
176
     1
 90
        0
176
     1
290
     0
176
     1
 90
        1
176
     1
 40
0.0
176
     1
 90
        0
176
     1
290
     0
176
     1
290
     1
176
     1
290
     1
176
     1
290
     0
176
     1
290
     0
176
     1
290
     0
176
     1
290
     0
176
     1
290
     0
176
     1
290
     0
176
     1
 90
       50
176
     1
 40
0.0
176
     1
 40
1.0
176
     1
 90
        0
176
     1
 62
    18
176
     1
 90
       50
176
     1
 90
        3
176
     1
 62
     5
420
      255
176
     1
290
     0
176
     1
 90
       50
176
     1
 90
       50
176
     1
 90
       50
176
     1
290
     0
176
     1
 90
       50
176
     1
 62
   256
176
     0
 40
1.0
176
     0
 90
        2
176
     1
  1
strokes_ogs.tif
176
     1
290
     0
176
     1
 40
1.0
176
     1
 40
1.0
176
     1
1001
ACAD
1000
AcDbSavedByObjectVersion
1070
     0
  0
VISUALSTYLE
  5
2B
102
{ACAD_REACTORS
330
2A
102
}
330
2A
100
AcDbVisualStyle
  2

 70
     0
177
     3
291
     1
 70
    58
 90
        2
176
     1
 90
        1
176
     1
 90
        1
176
     1
 90
        2
176
     1
 40
0.6
176
     1
 40
30.0
176
     1
 62
     7
420
 16777215
176
     1
 90
        0
176
     1
 90
        0
176
     1
 62
     7
176
     1
 62
   257
176
     1
 90
        1
176
     1
 90
        1
176
     1
 40
1.0
176
     1
 90
        8
176
     1
 62
     7
176
     1
 40
1.0
176
     1
 90
        1
176
     1
 90
        6
176
     1
 90
        2
176
     1
 62
     7
176
     1
 90
        5
176
     1
 90
        0
176
     1
 90
        0
176
     1
290
     0
176
     1
 90
       13
176
     1
 40
0.0
176
     1
 90
        0
176
     1
290
     0
176
     1
290
     1
176
     1
290
     1
176
     1
290
     0
176
     1
290
     0
176
     1
290
     0
176
     1
290
     0
176
     1
290
     0
176
     1
290
     0
176
     1
 90
       50
176
     1
 40
0.0
176
     1
 40
1.0
176
     1
 90
        0
176
     1
 62
    18
176
     1
 90
       50
176
     1
 90
        3
176
     1
 62
     5
420
      255
176
     1
290
     0
176
     1
 90
       50
176
     1
 90
       50
176
     1
 90
       50
176
     1
290
     0
176
     1
 90
       50
176
     1
 62
   256
176
     0
 40
1.0
176
     0
 90
        2
176
     1
  1
strokes_ogs.tif
176
     1
290
     0
176
     1
 40
1.0
176
     1
 40
1.0
176
     1
1001
ACAD
1000
AcDbSavedByObjectVersion
1070
     0
  0
VISUALSTYLE
  5
2C
102
{ACAD_REACTORS
330
2A
102
}
330
2A
100
AcDbVisualStyle
  2

 70
     1
177
     3
291
     1
 70
    58
 90
        2
176
     1
 90
        1
176
     1
 90
        1
176
     1
 90
        2
176
     1
 40
0.6
176
     1
 40
30.0
176
     1
 62
     7
420
 16777215
176
     1
 90
        1
176
     1
 90
        0
176
     1
 62
     7
176
     1
 62
   257
176
     1
 90
        1
176
     1
 90
        1
176
     1
 40
1.0
176
     1
 90
        0
176
     1
 62
   257
176
     1
 40
1.0
176
     1
 90
        1
176
     1
 90
        6
176
     1
 90
        2
176
     1
 62
     7
176
     1
 90
        5
176
     1
 90
        0
176
     1
 90
        0
176
     1
290
     0
176
     1
 90
       13
176
     1
 40
0.0
176
     1
 90
        0
176
     1
290
     0
176
     1
290
     1
176
     1
290
     1
176
     1
290
     0
176
     1
290
     0
176
     1
290
     0
176
     1
290
     0
176
     1
290
     0
176
     1
290
     0
176
     1
 90
       50
176
     1
 40
0.0
176
     1
 40
1.0
176
     1
 90
        0
176
     1
 62
    18
176
     1
 90
       50
176
     1
 90
        3
176
     1
 62
     5
420
      255
176
     1
290
     0
176
     1
 90
       50
176
     1
 90
       50
176
     1
 90
       50
176
     1
290
     0
176
     1
 90
       50
176
     1
 62
   256
176
     0
 40
1.0
176
     0
 90
        2
176
     1
  1
strokes_ogs.tif
176
     1
290
     0
176
     1
 40
1.0
176
     1
 40
1.0
176
     1
1001
ACAD
1000
AcDbSavedByObjectVersion
1070
     0
  0
VISUALSTYLE
  5
2D
102
{ACAD_REACTORS
330
2A
102
}
330
2A
100
AcDbVisualStyle
  2

 70
     2
177
     3
291
     1
 70
    58
 90
        2
176
     1
 90
        2
176
     1
 90
        1
176
     1
 90
        2
176
     1
 40
0.6
176
     1
 40
30.0
176
     1
 62
     7
420
 16777215
176
     1
 90
        0
176
     1
 90
        0
176
     1
 62
     7
176
     1
 62
   257
176
     1
 90
        1
176
     1
 90
        1
176
     1
 40
1.0
176
     1
 90
        0
176
     1
 62
     7
176
     1
 40
1.0
176
     1
 90
        1
176
     1
 90
        6
176
     1
 90
        2
176
     1
 62
     7
176
     1
 90
        5
176
     1
 90
        0
176
     1
 90
        0
176
     1
290
     0
176
     1
 90
       13
176
     1
 40
0.0
176
     1
 90
        0
176
     1
290
     0
176
     1
290
     1
176
     1
290
     1
176
     1
290
     0
176
     1
290
     0
176
     1
290
     0
176
     1
290
     0
176
     1
290
     0
176
     1
290
     0
176
     1
 90
       50
176
     1
 40
0.0
176
     1
 40
1.0
176
     1
 90
        0
176
     1
 62
    18
176
     1
 90
       50
176
     1
 90
        3
176
     1
 62
     5
420
      255
176
     1
290
     0
176
     1
 90
       50
176
     1
 90
       50
176
     1
 90
       50
176
     1
290
     0
176
     1
 90
       50
176
     1
 62
   256
176
     0
 40
1.0
176
     0
 90
        2
176
     1
  1
strokes_ogs.tif
176
     1
290
     0
176
     1
 40
1.0
176
     1
 40
1.0
176
     1
1001
ACAD
1000
AcDbSavedByObjectVersion
1070
     0
  0
VISUALSTYLE
  5
2E
102
{ACAD_REACTORS
330
2A
102
}
330
2A
100
AcDbVisualStyle
  2

 70
     3
177
     3
291
     1
 70
    58
 90
        2
176
     1
 90
        2
176
     1
 90
        1
176
     1
 90
        2
176
     1
 40
0.6
176
     1
 40
30.0
176
     1
 62
     7
420
 16777215
176
     1
 90
        1
176
     1
 90
        0
176
     1
 62
     7
176
     1
 62
   257
176
     1
 90
        1
176
     1
 90
        1
176
     1
 40
1.0
176
     1
 90
        0
176
     1
 62
   257
176
     1
 40
1.0
176
     1
 90
        1
176
     1
 90
        6
176
     1
 90
        2
176
     1
 62
     7
176
     1
 90
        5
176
     1
 90
        0
176
     1
 90
        0
176
     1
290
     0
176
     1
 90
       13
176
     1
 40
0.0
176
     1
 90
        0
176
     1
290
     0
176
     1
290
     1
176
     1
290
     1
176
     1
290
     0
176
     1
290
     0
176
     1
290
     0
176
     1
290
     0
176
     1
290
     0
176
     1
290
     0
176
     1
 90
       50
176
     1
 40
0.0
176
     1
 40
1.0
176
     1
 90
        0
176
     1
 62
    18
176
     1
 90
       50
176
     1
 90
        3
176
     1
 62
     5
420
      255
176
     1
290
     0
176
     1
 90
       50
176
     1
 90
       50
176
     1
 90
       50
176
     1
290
     0
176
     1
 90
       50
176
     1
 62
   256
176
     0
 40
1.0
176
     0
 90
        2
176
     1
  1
strokes_ogs.tif
176
     1
290
     0
176
     1
 40
1.0
176
     1
 40
1.0
176
     1
1001
ACAD
1000
AcDbSavedByObjectVersion
1070
     0
  0
VISUALSTYLE
  5
31
102
{ACAD_REACTORS
330
2A
102
}
330
2A
100
AcDbVisualStyle
  2

 70
     6
177
     3
291
     0
 70
    58
 90
        1
176
     1
 90
        2
176
     1
 90
        2
176
     1
 90
        0
176
     1
 40
0.6
176
     1
 40
30.0
176
     1
 62
     7
420
 16777215
176
     1
 90
        2
176
     1
 90
        2
176
     1
 62
     7
176
     1
 62
   257
176
     1
 90
        2
176
     1
 90
        1
176
     1
 40
40.0
176
     1
 90
        0
176
     1
 62
   257
176
     1
 40
1.0
176
     1
 90
        1
176
     1
 90
        6
176
     1
 90
        2
176
     1
 62
     7
176
     1
 90
        3
176
     1
 90
        0
176
     1
 90
        0
176
     1
290
     0
176
     1
 90
        1
176
     1
 40
0.0
176
     1
 90
        0
176
     1
290
     0
176
     1
290
     1
176
     1
290
     1
176
     1
290
     0
176
     1
290
     0
176
     1
290
     0
176
     1
290
     0
176
     1
290
     0
176
     1
290
     0
176
     1
 90
       50
176
     1
 40
0.0
176
     1
 40
1.0
176
     1
 90
        0
176
     1
 62
    18
176
     1
 90
       50
176
     1
 90
        3
176
     1
 62
     5
420
      255
176
     1
290
     0
176
     1
 90
       50
176
     1
 90
       50
176
     1
 90
       50
176
     1
290
     0
176
     1
 90
       50
176
     1
 62
   256
176
     0
 40
1.0
176
     0
 90
        2
176
     1
  1
strokes_ogs.tif
176
     1
290
     0
176
     1
 40
1.0
176
     1
 40
1.0
176
     1
1001
ACAD
1000
AcDbSavedByObjectVersion
1070
     0
  0
VISUALSTYLE
  5
3B
102
{ACAD_REACTORS
330
2A
102
}
330
2A
100
AcDbVisualStyle
  2

 70
    20
177
     3
291
     1
 70
    58
 90
        2
176
     0
 90
        2
176
     0
 90
        0
176
     0
 90
        0
176
     0
 40
0.6
176
     0
 40
30.0
176
     0
 62
     7
420
 16777215
176
     0
 90
        1
176
     0
 90
        4
176
     0
 62
     7
176
     0
 62
   257
176
     0
 90
        1
176
     0
 90
        1
176
     0
 40
1.0
176
     0
 90
       10
176
     2
 62
     7
176
     0
 40
1.0
176
     0
 90
        1
176
     0
 90
        6
176
     0
 90
        2
176
     0
 62
     7
176
     0
 90
        5
176
     0
 90
        0
176
     0
 90
        0
176
     0
290
     0
176
     0
 90
        1
176
     0
 40
0.0
176
     0
 90
        0
176
     0
290
     0
176
     0
290
     1
176
     0
290
     1
176
     0
290
     0
176
     0
290
     0
176
     0
290
     0
176
     0
290
     0
176
     0
290
     0
176
     0
290
     0
176
     0
 90
       50
176
     0
 40
0.0
176
     0
 40
1.0
176
     0
 90
        0
176
     0
 62
    18
176
     0
 90
       50
176
     0
 90
        3
176
     0
 62
     5
420
      255
176
     0
290
     0
176
     0
 90
       50
176
     0
 90
       50
176
     0
 90
       50
176
     0
290
     0
176
     0
 90
       50
176
     0
 62
   256
176
     0
 40
1.0
176
     0
 90
        2
176
     0
  1
strokes_ogs.tif
176
     0
290
     0
176
     0
 40
1.0
176
     0
 40
1.0
176
     0
1001
ACAD
1000
AcDbSavedByObjectVersion
1070
     0
  0
VISUALSTYLE
  5
38
102
{ACAD_REACTORS
330
2A
102
}
330
2A
100
AcDbVisualStyle
  2

 70
    14
177
     3
291
     1
 70
    58
 90
        2
176
     1
 90
        2
176
     1
 90
        0
176
     1
 90
        0
176
     1
 40
0.6
176
     1
 40
30.0
176
     1
 62
     7
420
 16777215
176
     1
 90
        1
176
     1
 90
        4
176
     1
 62
     7
176
     1
 62
   257
176
     1
 90
        7
176
     1
 90
        7
176
     1
 40
1.0
176
     1
 90
        8
176
     1
 62
     7
176
     1
 40
1.0
176
     1
 90
        1
176
     1
 90
        6
176
     1
 90
        2
176
     1
 62
     7
176
     1
 90
        5
176
     1
 90
        0
176
     1
 90
        0
176
     1
290
     0
176
     1
 90
        1
176
     1
 40
0.0
176
     1
 90
        0
176
     1
290
     0
176
     1
290
     1
176
     1
290
     1
176
     1
290
     0
176
     1
290
     0
176
     1
290
     0
176
     1
290
     0
176
     1
290
     0
176
     1
290
     0
176
     1
 90
       50
176
     1
 40
0.0
176
     1
 40
1.0
176
     1
 90
        0
176
     1
 62
    18
176
     1
 90
       50
176
     1
 90
        3
176
     1
 62
     5
420
      255
176
     1
290
     0
176
     1
 90
       50
176
     1
 90
       50
176
     1
 90
       50
176
     1
290
     0
176
     1
 90
       50
176
     1
 62
   256
176
     0
 40
1.0
176
     0
 90
        2
176
     1
  1
strokes_ogs.tif
176
     1
290
     0
176
     1
 40
1.0
176
     1
 40
1.0
176
     1
1001
ACAD
1000
AcDbSavedByObjectVersion
1070
     0
  0
VISUALSTYLE
  5
3C
102
{ACAD_REACTORS
330
2A
102
}
330
2A
100
AcDbVisualStyle
  2

 70
    21
177
     3
291
     1
 70
    58
 90
        2
176
     0
 90
        2
176
     0
 90
        0
176
     0
 90
        0
176
     0
 40
0.6
176
     0
 40
30.0
176
     0
 62
     7
420
 16777215
176
     0
 90
        1
176
     0
 90
        4
176
     0
 62
     7
176
     0
 62
   257
176
     0
 90
        1
176
     0
 90
        1
176
     0
 40
1.0
176
     0
 90
        9
176
     2
 62
     7
176
     0
 40
1.0
176
     0
 90
        1
176
     0
 90
        6
176
     0
 90
        2
176
     0
 62
     7
176
     0
 90
        5
176
     0
 90
        0
176
     0
 90
        0
176
     0
290
     0
176
     0
 90
        1
176
     0
 40
0.0
176
     0
 90
        0
176
     0
290
     0
176
     0
290
     1
176
     0
290
     1
176
     0
290
     0
176
     0
290
     0
176
     0
290
     0
176
     0
290
     0
176
     0
290
     0
176
     0
290
     0
176
     0
 90
       50
176
     0
 40
0.0
176
     0
 40
1.0
176
     0
 90
        0
176
     0
 62
    18
176
     0
 90
       50
176
     0
 90
        3
176
     0
 62
     5
420
      255
176
     0
290
     0
176
     0
 90
       50
176
     0
 90
       50
176
     0
 90
       50
176
     0
290
     0
176
     0
 90
       50
176
     0
 62
   256
176
     0
 40
1.0
176
     0
 90
        2
176
     0
  1
strokes_ogs.tif
176
     0
290
     0
176
     0
 40
1.0
176
     0
 40
1.0
176
     0
1001
ACAD
1000
AcDbSavedByObjectVersion
1070
     0
  0
VISUALSTYLE
  5
33
102
{ACAD_REACTORS
330
2A
102
}
330
2A
100
AcDbVisualStyle
  2

 70
     8
177
     3
291
     0
 70
    58
 90
        2
176
     1
 90
        3
176
     1
 90
        0
176
     1
 90
        2
176
     1
 40
0.6
176
     1
 40
30.0
176
     1
 62
     7
420
 16777215
176
     1
 90
        0
176
     1
 90
        0
176
     1
 62
     7
176
     1
 62
   257
176
     1
 90
        1
176
     1
 90
        1
176
     1
 40
1.0
176
     1
 90
        8
176
     1
 62
   257
176
     1
 40
1.0
176
     1
 90
        1
176
     1
 90
        6
176
     1
 90
        2
176
     1
 62
     7
176
     1
 90
        3
176
     1
 90
        0
176
     1
 90
        0
176
     1
290
     0
176
     1
 90
       13
176
     1
 40
0.0
176
     1
 90
        0
176
     1
290
     0
176
     1
290
     1
176
     1
290
     1
176
     1
290
     0
176
     1
290
     0
176
     1
290
     0
176
     1
290
     0
176
     1
290
     0
176
     1
290
     0
176
     1
 90
       50
176
     1
 40
0.0
176
     1
 40
1.0
176
     1
 90
        0
176
     1
 62
    18
176
     1
 90
       50
176
     1
 90
        3
176
     1
 62
     5
420
      255
176
     1
290
     0
176
     1
 90
       50
176
     1
 90
       50
176
     1
 90
       50
176
     1
290
     0
176
     1
 90
       50
176
     1
 62
   256
176
     0
 40
1.0
176
     0
 90
        2
176
     1
  1
strokes_ogs.tif
176
     1
290
     0
176
     1
 40
1.0
176
     1
 40
1.0
176
     1
1001
ACAD
1000
AcDbSavedByObjectVersion
1070
     0
  0
VISUALSTYLE
  5
42
102
{ACAD_REACTORS
330
2A
102
}
330
2A
100
AcDbVisualStyle
  2

 70
    27
177
     3
291
     0
 70
    58
 90
        2
176
     1
 90
        2
176
     1
 90
        1
176
     1
 90
        2
176
     1
 40
0.6
176
     1
 40
30.0
176
     1
 62
     7
420
 16777215
176
     1
 90
        0
176
     1
 90
        4
176
     1
 62
     7
176
     1
 62
   257
176
     1
 90
        1
176
     1
 90
        1
176
     1
 40
1.0
176
     1
 90
        8
176
     1
 62
   257
176
     1
 40
1.0
176
     1
 90
        1
176
     1
 90
        6
176
     1
 90
        2
176
     1
 62
     8
420
  7895160
176
     1
 90
        3
176
     1
 90
        0
176
     1
 90
        0
176
     1
290
     0
176
     1
 90
        5
176
     1
 40
0.0
176
     1
 90
        0
176
     1
290
     0
176
     1
290
     1
176
     1
290
     1
176
     1
290
     0
176
     1
290
     0
176
     1
290
     0
176
     1
290
     0
176
     1
290
     0
176
     1
290
     0
176
     1
 90
       50
176
     1
 40
0.0
176
     1
 40
1.0
176
     1
 90
        0
176
     1
 62
    18
176
     1
 90
       50
176
     1
 90
        3
176
     1
 62
     5
420
      255
176
     1
290
     0
176
     1
 90
       50
176
     1
 90
       50
176
     1
 90
       50
176
     1
290
     0
176
     1
 90
       50
176
     1
 62
   256
176
     0
 40
1.0
176
     0
 90
        2
176
     1
  1
strokes_ogs.tif
176
     1
290
     0
176
     1
 40
1.0
176
     1
 40
1.0
176
     1
1001
ACAD
1000
AcDbSavedByObjectVersion
1070
     0
  0
VISUALSTYLE
  5
41
102
{ACAD_REACTORS
330
2A
102
}
330
2A
100
AcDbVisualStyle
  2

 70
    26
177
     3
291
     0
 70
    58
 90
        2
176
     1
 90
        2
176
     1
 90
        1
176
     1
 90
        2
176
     1
 40
0.6
176
     1
 40
30.0
176
     1
 62
     7
420
 16777215
176
     1
 90
        1
176
     1
 90
       10
176
     1
 62
     7
176
     1
 62
   257
176
     1
 90
        2
176
     1
 90
        1
176
     1
 40
1.0
176
     1
 90
        8
176
     1
 62
   257
176
     1
 40
1.0
176
     1
 90
        1
176
     1
 90
        6
176
     1
 90
        2
176
     1
 62
     7
176
     1
 90
        3
176
     1
 90
        0
176
     1
 90
        0
176
     1
290
     0
176
     1
 90
        5
176
     1
 40
0.0
176
     1
 90
        0
176
     1
290
     0
176
     1
290
     1
176
     1
290
     1
176
     1
290
     0
176
     1
290
     0
176
     1
290
     0
176
     1
290
     0
176
     1
290
     0
176
     1
290
     0
176
     1
 90
       50
176
     1
 40
0.0
176
     1
 40
1.0
176
     1
 90
        0
176
     1
 62
    18
176
     1
 90
       50
176
     1
 90
        3
176
     1
 62
     5
420
      255
176
     1
290
     0
176
     1
 90
       50
176
     1
 90
       50
176
     1
 90
       50
176
     1
290
     0
176
     1
 90
       50
176
     1
 62
   256
176
     0
 40
1.0
176
     0
 90
        2
176
     1
  1
strokes_ogs.tif
176
     1
290
     0
176
     1
 40
1.0
176
     1
 40
1.0
176
     1
1001
ACAD
1000
AcDbSavedByObjectVersion
1070
     0
  0
VISUALSTYLE
  5
3E
102
{ACAD_REACTORS
330
2A
102
}
330
2A
100
AcDbVisualStyle
  2

 70
    23
177
     3
291
     0
 70
    58
 90
        2
176
     1
 90
        2
176
     1
 90
        3
176
     1
 90
        0
176
     1
 40
0.6
176
     1
 40
30.0
176
     1
 62
     7
420
 16777215
176
     1
 90
        2
176
     1
 90
        2
176
     1
 62
     7
176
     1
 62
     7
176
     1
 90
        1
176
     1
 90
        1
176
     1
 40
40.0
176
     1
 90
        8
176
     1
 62
     7
176
     1
 40
1.0
176
     1
 90
        1
176
     1
 90
        6
176
     1
 90
        2
176
     1
 62
     7
176
     1
 90
        3
176
     1
 90
        0
176
     1
 90
        0
176
     1
290
     0
176
     1
 90
        1
176
     1
 40
0.0
176
     1
 90
        0
176
     1
290
     0
176
     1
290
     1
176
     1
290
     1
176
     1
290
     0
176
     1
290
     0
176
     1
290
     0
176
     1
290
     0
176
     1
290
     0
176
     1
290
     0
176
     1
 90
       50
176
     1
 40
0.0
176
     1
 40
1.0
176
     1
 90
        0
176
     1
 62
    18
176
     1
 90
       50
176
     1
 90
        3
176
     1
 62
     5
420
      255
176
     1
290
     0
176
     1
 90
       50
176
     1
 90
       50
176
     1
 90
       50
176
     1
290
     0
176
     1
 90
       50
176
     1
 62
   256
176
     0
 40
1.0
176
     0
 90
        2
176
     1
  1
strokes_ogs.tif
176
     1
290
     0
176
     1
 40
1.0
176
     1
 40
1.0
176
     1
1001
ACAD
1000
AcDbSavedByObjectVersion
1070
     0
  0
VISUALSTYLE
  5
3F
102
{ACAD_REACTORS
330
2A
102
}
330
2A
100
AcDbVisualStyle
  2

 70
    24
177
     3
291
     0
 70
    58
 90
        1
176
     1
 90
        2
176
     1
 90
        2
176
     1
 90
        0
176
     1
 40
0.6
176
     1
 40
30.0
176
     1
 62
     7
420
 16777215
176
     1
 90
        2
176
     1
 90
        2
176
     1
 62
     7
176
     1
 62
     7
176
     1
 90
        1
176
     1
 90
        1
176
     1
 40
40.0
176
     1
 90
       11
176
     1
 62
     7
176
     1
 40
1.0
176
     1
 90
        1
176
     1
 90
        6
176
     1
 90
        2
176
     1
 62
     7
176
     1
 90
        6
176
     1
 90
        0
176
     1
 90
        0
176
     1
290
     0
176
     1
 90
        1
176
     1
 40
0.0
176
     1
 90
        0
176
     1
290
     0
176
     1
290
     1
176
     1
290
     1
176
     1
290
     0
176
     1
290
     0
176
     1
290
     0
176
     1
290
     0
176
     1
290
     0
176
     1
290
     0
176
     1
 90
       50
176
     1
 40
0.0
176
     1
 40
1.0
176
     1
 90
        0
176
     1
 62
    18
176
     1
 90
       50
176
     1
 90
        3
176
     1
 62
     5
420
      255
176
     1
290
     0
176
     1
 90
       50
176
     1
 90
       50
176
     1
 90
       50
176
     1
290
     0
176
     1
 90
       50
176
     1
 62
   256
176
     0
 40
1.0
176
     0
 90
        2
176
     1
  1
strokes_ogs.tif
176
     1
290
     0
176
     1
 40
1.0
176
     1
 40
1.0
176
     1
1001
ACAD
1000
AcDbSavedByObjectVersion
1070
     0
  0
VISUALSTYLE
  5
37
102
{ACAD_REACTORS
330
2A
102
}
330
2A
100
AcDbVisualStyle
  2

 70
    13
177
     3
291
     1
 70
    58
 90
        2
176
     1
 90
        2
176
     1
 90
        0
176
     1
 90
        0
176
     1
 40
0.6
176
     1
 40
30.0
176
     1
 62
     7
420
 16777215
176
     1
 90
        1
176
     1
 90
        4
176
     1
 62
     7
176
     1
 62
   257
176
     1
 90
        1
176
     1
 90
        1
176
     1
 40
1.0
176
     1
 90
       12
176
     1
 62
     7
176
     1
 40
1.0
176
     1
 90
        1
176
     1
 90
        6
176
     1
 90
        2
176
     1
 62
     7
176
     1
 90
        5
176
     1
 90
        0
176
     1
 90
        0
176
     1
290
     0
176
     1
 90
        1
176
     1
 40
0.0
176
     1
 90
        0
176
     1
290
     0
176
     1
290
     1
176
     1
290
     1
176
     1
290
     0
176
     1
290
     0
176
     1
290
     0
176
     1
290
     0
176
     1
290
     0
176
     1
290
     0
176
     1
 90
       50
176
     1
 40
0.0
176
     1
 40
1.0
176
     1
 90
        0
176
     1
 62
    18
176
     1
 90
       50
176
     1
 90
        3
176
     1
 62
     5
420
      255
176
     1
290
     0
176
     1
 90
       50
176
     1
 90
       50
176
     1
 90
       50
176
     1
290
     0
176
     1
 90
       50
176
     1
 62
   256
176
     0
 40
1.0
176
     0
 90
        2
176
     1
  1
strokes_ogs.tif
176
     1
290
     0
176
     1
 40
1.0
176
     1
 40
1.0
176
     1
1001
ACAD
1000
AcDbSavedByObjectVersion
1070
     0
  0
VISUALSTYLE
  5
30
102
{ACAD_REACTORS
330
2A
102
}
330
2A
100
AcDbVisualStyle
  2

 70
     5
177
     3
291
     0
 70
    58
 90
        0
176
     1
 90
        2
176
     1
 90
        0
176
     1
 90
        0
176
     1
 40
0.6
176
     1
 40
30.0
176
     1
 62
     7
420
 16777215
176
     1
 90
        1
176
     1
 90
        4
176
     1
 62
     7
176
     1
 62
   257
176
     1
 90
        1
176
     1
 90
        1
176
     1
 40
1.0
176
     1
 90
        0
176
     1
 62
   257
176
     1
 40
1.0
176
     1
 90
        1
176
     1
 90
        6
176
     1
 90
        2
176
     1
 62
     7
176
     1
 90
        3
176
     1
 90
        0
176
     1
 90
        0
176
     1
290
     0
176
     1
 90
        1
176
     1
 40
0.0
176
     1
 90
        0
176
     1
290
     0
176
     1
290
     1
176
     1
290
     1
176
     1
290
     0
176
     1
290
     0
176
     1
290
     0
176
     1
290
     0
176
     1
290
     0
176
     1
290
     0
176
     1
 90
       50
176
     1
 40
0.0
176
     1
 40
1.0
176
     1
 90
        0
176
     1
 62
    18
176
     1
 90
       50
176
     1
 90
        3
176
     1
 62
     5
420
      255
176
     1
290
     0
176
     1
 90
       50
176
     1
 90
       50
176
     1
 90
       50
176
     1
290
     0
176
     1
 90
       50
176
     1
 62
   256
176
     0
 40
1.0
176
     0
 90
        2
176
     1
  1
strokes_ogs.tif
176
     1
290
     0
176
     1
 40
1.0
176
     1
 40
1.0
176
     1
1001
ACAD
1000
AcDbSavedByObjectVersion
1070
     0
  0
VISUALSTYLE
  5
40
102
{ACAD_REACTORS
330
2A
102
}
330
2A
100
AcDbVisualStyle
  2

 70
    25
177
     3
291
     0
 70
    58
 90
        2
176
     1
 90
        2
176
     1
 90
        1
176
     1
 90
        1
176
     1
 40
0.5
176
     1
 40
30.0
176
     1
 62
     7
420
 16777215
176
     1
 90
        1
176
     1
 90
        0
176
     1
 62
     7
176
     1
 62
   257
176
     1
 90
        1
176
     1
 90
        1
176
     1
 40
1.0
176
     1
 90
        8
176
     1
 62
     7
176
     1
 40
1.0
176
     1
 90
        1
176
     1
 90
        6
176
     1
 90
        2
176
     1
 62
     7
176
     1
 90
        3
176
     1
 90
        0
176
     1
 90
        0
176
     1
290
     0
176
     1
 90
       13
176
     1
 40
0.0
176
     1
 90
        0
176
     1
290
     0
176
     1
290
     1
176
     1
290
     1
176
     1
290
     0
176
     1
290
     0
176
     1
290
     0
176
     1
290
     0
176
     1
290
     0
176
     1
290
     0
176
     1
 90
       50
176
     1
 40
0.0
176
     1
 40
1.0
176
     1
 90
        0
176
     1
 62
    18
176
     1
 90
       50
176
     1
 90
        3
176
     1
 62
     5
420
      255
176
     1
290
     0
176
     1
 90
       50
176
     1
 90
       50
176
     1
 90
       50
176
     1
290
     0
176
     1
 90
       50
176
     1
 62
   256
176
     0
 40
1.0
176
     0
 90
        2
176
     1
  1
strokes_ogs.tif
176
     1
290
     0
176
     1
 40
1.0
176
     1
 40
1.0
176
     1
1001
ACAD
1000
AcDbSavedByObjectVersion
1070
     0
  0
DICTIONARYVAR
  5
11A
102
{ACAD_REACTORS
330
119
102
}
330
119
100
DictionaryVariables
280
     0
  1
1:1
  0
DICTIONARYVAR
  5
15B
102
{ACAD_REACTORS
330
119
102
}
330
119
100
DictionaryVariables
280
     0
  1
STANDARD
  0
DICTIONARYVAR
  5
15A
102
{ACAD_REACTORS
330
119
102
}
330
119
100
DictionaryVariables
280
     0
  1
STANDARD
  0
DICTIONARYVAR
  5
170
102
{ACAD_REACTORS
330
119
102
}
330
119
100
DictionaryVariables
280
     0
  1
Metric50
  0
DICTIONARYVAR
  5
171
102
{ACAD_REACTORS
330
119
102
}
330
119
100
DictionaryVariables
280
     0
  1
Metric50
  0
DICTIONARYVAR
  5
173
102
{ACAD_REACTORS
330
119
102
}
330
119
100
DictionaryVariables
280
     0
  1
1
  0
DICTIONARYVAR
  5
174
102
{ACAD_REACTORS
330
119
102
}
330
119
100
DictionaryVariables
280
     0
  1
15
  0
DICTIONARYVAR
  5
172
102
{ACAD_REACTORS
330
119
102
}
330
119
100
DictionaryVariables
280
     0
  1
0
  0
DICTIONARYVAR
  5
11B
102
{ACAD_REACTORS
330
119
102
}
330
119
100
DictionaryVariables
280
     0
  1
1
  0
DICTIONARY
  5
14F
330
45
100
AcDbDictionary
280
     1
281
     1
  3
ACAD_XREC_ROUNDTRIP
360
150
  0
DICTIONARY
  5
14D
330
44
100
AcDbDictionary
280
     1
281
     1
  3
ACAD_XREC_ROUNDTRIP
360
14E
  0
DICTIONARY
  5
151
330
46
100
AcDbDictionary
280
     1
281
     1
  3
ACAD_XREC_ROUNDTRIP
360
152
  0
DICTIONARY
  5
153
330
6A
100
AcDbDictionary
280
     1
281
     1
  3
ACAD_ROUNDTRIP_2008_TABLESTYLE_CELLSTYLEMAP
360
195
  0
XRECORD
  5
150
102
{ACAD_REACTORS
330
14F
102
}
330
14F
100
AcDbXrecord
280
     1
102
MATERIAL
148
0.0
149
0.0
149
0.0
 93
        0
 94
      127
282
     0
 72
     1
 77
     1
171
     1
175
     1
179
     1
273
     0
  0
XRECORD
  5
14E
102
{ACAD_REACTORS
330
14D
102
}
330
14D
100
AcDbXrecord
280
     1
102
MATERIAL
148
0.0
149
0.0
149
0.0
 93
        0
 94
      127
282
     0
 72
     1
 77
     1
171
     1
175
     1
179
     1
273
     0
  0
XRECORD
  5
152
102
{ACAD_REACTORS
330
151
102
}
330
151
100
AcDbXrecord
280
     1
102
MATERIAL
148
0.0
149
0.0
149
0.0
 93
        0
 94
      127
282
     0
 72
     1
 77
     1
171
     1
175
     1
179
     1
273
     0
  0
CELLSTYLEMAP
  5
195
102
{ACAD_REACTORS
330
153
102
}
330
153
100
AcDbCellStyleMap
 90
        3
300
CELLSTYLE
  1
TABLEFORMAT_BEGIN
 90
        5
170
     1
 91
        0
 92
    32768
 62
   257
 93
        1
300
CONTENTFORMAT
  1
CONTENTFORMAT_BEGIN
 90
        0
 91
        0
 92
        4
 93
        0
300

 40
0.0
140
1.0
 94
        5
 62
     0
340
11
144
0.25
309
CONTENTFORMAT_END
171
     1
301
MARGIN
  1
CELLMARGIN_BEGIN
 40
0.06
 40
0.06
 40
0.06
 40
0.06
 40
0.18
 40
0.18
309
CELLMARGIN_END
 94
        6
 95
        1
302
GRIDFORMAT
  1
GRIDFORMAT_BEGIN
 90
        0
 91
        1
 62
     0
 92
       -2
340
14
 93
        0
 40
0.045
309
GRIDFORMAT_END
 95
        2
302
GRIDFORMAT
  1
GRIDFORMAT_BEGIN
 90
        0
 91
        1
 62
     0
 92
       -2
340
14
 93
        0
 40
0.045
309
GRIDFORMAT_END
 95
        4
302
GRIDFORMAT
  1
GRIDFORMAT_BEGIN
 90
        0
 91
        1
 62
     0
 92
       -2
340
14
 93
        0
 40
0.045
309
GRIDFORMAT_END
 95
        8
302
GRIDFORMAT
  1
GRIDFORMAT_BEGIN
 90
        0
 91
        1
 62
     0
 92
       -2
340
14
 93
        0
 40
0.045
309
GRIDFORMAT_END
 95
       16
302
GRIDFORMAT
  1
GRIDFORMAT_BEGIN
 90
        0
 91
        1
 62
     0
 92
       -2
340
14
 93
        0
 40
0.045
309
GRIDFORMAT_END
 95
       32
302
GRIDFORMAT
  1
GRIDFORMAT_BEGIN
 90
        0
 91
        1
 62
     0
 92
       -2
340
14
 93
        0
 40
0.045
309
GRIDFORMAT_END
309
TABLEFORMAT_END
  1
CELLSTYLE_BEGIN
 90
        1
 91
        1
300
_TITLE
309
CELLSTYLE_END
300
CELLSTYLE
  1
TABLEFORMAT_BEGIN
 90
        5
170
     1
 91
        0
 92
        0
 62
   257
 93
        1
300
CONTENTFORMAT
  1
CONTENTFORMAT_BEGIN
 90
        0
 91
        0
 92
        4
 93
        0
300

 40
0.0
140
1.0
 94
        5
 62
     0
340
11
144
0.18
309
CONTENTFORMAT_END
171
     1
301
MARGIN
  1
CELLMARGIN_BEGIN
 40
0.06
 40
0.06
 40
0.06
 40
0.06
 40
0.18
 40
0.18
309
CELLMARGIN_END
 94
        6
 95
        1
302
GRIDFORMAT
  1
GRIDFORMAT_BEGIN
 90
        0
 91
        1
 62
     0
 92
       -2
340
14
 93
        0
 40
0.045
309
GRIDFORMAT_END
 95
        2
302
GRIDFORMAT
  1
GRIDFORMAT_BEGIN
 90
        0
 91
        1
 62
     0
 92
       -2
340
14
 93
        0
 40
0.045
309
GRIDFORMAT_END
 95
        4
302
GRIDFORMAT
  1
GRIDFORMAT_BEGIN
 90
        0
 91
        1
 62
     0
 92
       -2
340
14
 93
        0
 40
0.045
309
GRIDFORMAT_END
 95
        8
302
GRIDFORMAT
  1
GRIDFORMAT_BEGIN
 90
        0
 91
        1
 62
     0
 92
       -2
340
14
 93
        0
 40
0.045
309
GRIDFORMAT_END
 95
       16
302
GRIDFORMAT
  1
GRIDFORMAT_BEGIN
 90
        0
 91
        1
 62
     0
 92
       -2
340
14
 93
        0
 40
0.045
309
GRIDFORMAT_END
 95
       32
302
GRIDFORMAT
  1
GRIDFORMAT_BEGIN
 90
        0
 91
        1
 62
     0
 92
       -2
340
14
 93
        0
 40
0.045
309
GRIDFORMAT_END
309
TABLEFORMAT_END
  1
CELLSTYLE_BEGIN
 90
        2
 91
        1
300
_HEADER
309
CELLSTYLE_END
300
CELLSTYLE
  1
TABLEFORMAT_BEGIN
 90
        5
170
     1
 91
        0
 92
        0
 62
   257
 93
        1
300
CONTENTFORMAT
  1
CONTENTFORMAT_BEGIN
 90
        0
 91
        0
 92
        4
 93
        0
300

 40
0.0
140
1.0
 94
        2
 62
     0
340
11
144
0.18
309
CONTENTFORMAT_END
171
     1
301
MARGIN
  1
CELLMARGIN_BEGIN
 40
0.06
 40
0.06
 40
0.06
 40
0.06
 40
0.18
 40
0.18
309
CELLMARGIN_END
 94
        6
 95
        1
302
GRIDFORMAT
  1
GRIDFORMAT_BEGIN
 90
        0
 91
        1
 62
     0
 92
       -2
340
14
 93
        0
 40
0.045
309
GRIDFORMAT_END
 95
        2
302
GRIDFORMAT
  1
GRIDFORMAT_BEGIN
 90
        0
 91
        1
 62
     0
 92
       -2
340
14
 93
        0
 40
0.045
309
GRIDFORMAT_END
 95
        4
302
GRIDFORMAT
  1
GRIDFORMAT_BEGIN
 90
        0
 91
        1
 62
     0
 92
       -2
340
14
 93
        0
 40
0.045
309
GRIDFORMAT_END
 95
        8
302
GRIDFORMAT
  1
GRIDFORMAT_BEGIN
 90
        0
 91
        1
 62
     0
 92
       -2
340
14
 93
        0
 40
0.045
309
GRIDFORMAT_END
 95
       16
302
GRIDFORMAT
  1
GRIDFORMAT_BEGIN
 90
        0
 91
        1
 62
     0
 92
       -2
340
14
 93
        0
 40
0.045
309
GRIDFORMAT_END
 95
       32
302
GRIDFORMAT
  1
GRIDFORMAT_BEGIN
 90
        0
 91
        1
 62
     0
 92
       -2
340
14
 93
        0
 40
0.045
309
GRIDFORMAT_END
309
TABLEFORMAT_END
  1
CELLSTYLE_BEGIN
 90
        3
 91
        2
300
_DATA
309
CELLSTYLE_END
  0
ENDSEC
  0
SECTION
  2
ACDSDATA
 70
     2
 71
     8
  0
ACDSSCHEMA
 90
        0
  1
AcDb_Thumbnail_Schema
  2
AcDbDs::ID
280
    10
 91
        8
  2
Thumbnail_Data
280
    15
 91
        0
101
ACDSRECORD
 95
        0
 90
        1
  2
AcDbDs::TreatedAsObjectData
280
     1
291
     1
101
ACDSRECORD
 95
        0
 90
        2
  2
AcDbDs::Legacy
280
     1
291
     1
101
ACDSRECORD
  1
AcDbDs::ID
 90
        3
  2
AcDs:Indexable
280
     1
291
     1
101
ACDSRECORD
  1
AcDbDs::ID
 90
        4
  2
AcDbDs::HandleAttribute
280
     7
282
     1
  0
ACDSSCHEMA
 90
        1
  1
AcDbDs::TreatedAsObjectDataSchema
  2
AcDbDs::TreatedAsObjectData
280
     1
 91
        0
  0
ACDSSCHEMA
 90
        2
  1
AcDbDs::LegacySchema
  2
AcDbDs::Legacy
280
     1
 91
        0
  0
ACDSSCHEMA
 90
        3
  1
AcDbDs::IndexedPropertySchema
  2
AcDs:Indexable
280
     1
 91
        0
  0
ACDSSCHEMA
 90
        4
  1
AcDbDs::HandleAttributeSchema
  2
AcDbDs::HandleAttribute
280
     7
 91
        1
284
     1
  0
ACDSRECORD
 90
        0
  2
AcDbDs::ID
280
    10
320
22
  2
Thumbnail_Data
280
    15
 94
     1038
310
89504E470D0A1A0A0000000D49484452000001000000007508030000009634CF9200000300504C5445FFFFFFFFFFFFFFFFFF0000000000000000000000000000000000000000000000000000330000660000990000CC0000FF0033000033330033660033990033CC0033FF0066000066330066660066990066CC0066FF0099
310
000099330099660099990099CC0099FF00CC0000CC3300CC6600CC9900CCCC00CCFF00FF0000FF3300FF6600FF9900FFCC00FFFF3300003300333300663300993300CC3300FF3333003333333333663333993333CC3333FF3366003366333366663366993366CC3366FF3399003399333399663399993399CC3399FF33CC00
310
33CC3333CC6633CC9933CCCC33CCFF33FF0033FF3333FF6633FF9933FFCC33FFFF6600006600336600666600996600CC6600FF6633006633336633666633996633CC6633FF6666006666336666666666996666CC6666FF6699006699336699666699996699CC6699FF66CC0066CC3366CC6666CC9966CCCC66CCFF66FF0066
310
FF3366FF6666FF9966FFCC66FFFF9900009900339900669900999900CC9900FF9933009933339933669933999933CC9933FF9966009966339966669966999966CC9966FF9999009999339999669999999999CC9999FF99CC0099CC3399CC6699CC9999CCCC99CCFF99FF0099FF3399FF6699FF9999FFCC99FFFFCC0000CC00
310
33CC0066CC0099CC00CCCC00FFCC3300CC3333CC3366CC3399CC33CCCC33FFCC6600CC6633CC6666CC6699CC66CCCC66FFCC9900CC9933CC9966CC9999CC99CCCC99FFCCCC00CCCC33CCCC66CCCC99CCCCCCCCCCFFCCFF00CCFF33CCFF66CCFF99CCFFCCCCFFFFFF0000FF0033FF0066FF0099FF00CCFF00FFFF3300FF3333
310
FF3366FF3399FF33CCFF33FFFF6600FF6633FF6666FF6699FF66CCFF66FFFF9900FF9933FF9966FF9999FF99CCFF99FFFFCC00FFCC33FFCC66FFCC99FFCCCCFFCCFFFFFF00FFFF33FFFF66FFFF99FFFFCCFFFFFF0000000D0D0D1A1A1A2828283535354343435050505D5D5D6B6B6B787878868686939393A1A1A1AEAEAEBB
310
BBBBC9C9C9D6D6D6E4E4E4F1F1F1FFFFFF000000000000000000000000000000000000000000000000000000000000AD4AB4E4000000C84944415478DAEDD84B0EC2300C0540DF23A7F3FD2FC1A714C202110B84903BD345286A167E7D054404000000000000000000000000000000000BF27C4CCBCB938EA357B51B7F5CD7
310
91D3329EDF9B4E62348B207FB4E7FF0318EF750CE031FFC2C51D13C8FDF6C75200A36B00B11840BB06940A305D97872C40C70A1403886E0DA8CEDFAE020228CEDFED19C8A87D09B4AB4046149F8111CD02D87FE25702D8F6648F02DC871F6B6E215C5E3448201F0DA8D8B664B6FA0C38E87F02F9890000000000000000BEE7
310
04503A4FE6D7F124450000000049454E44AE42608282
  0
ENDSEC
  0
EOF
