  0
SECTION
  2
HEADER
  9
$ACADVER
  1
AC1018
  9
$ACADMAINTVER
 70
     0
  9
$DWGCODEPAGE
  3
ANSI_1252
  9
$LASTSAVEDBY
  1
User
  9
$INSBASE
 10
0.0
 20
0.0
 30
0.0
  9
$EXTMIN
 10
-0.5
 20
-0.5
 30
-0.5
  9
$EXTMAX
 10
5.0
 20
5.0
 30
5.0
  9
$LIMMIN
 10
-0.5
 20
-0.5
  9
$LIMMAX
 10
5.0
 20
5.0
  9
$ORTHOMODE
 70
     0
  9
$REGENMODE
 70
     1
  9
$FILLMODE
 70
     1
  9
$QTEXTMODE
 70
     0
  9
$MIRRTEXT
 70
     1
  9
$LTSCALE
 40
1.0
  9
$ATTMODE
 70
     1
  9
$TEXTSIZE
 40
0.2
  9
$TRACEWID
 40
0.05
  9
$TEXTSTYLE
  7
Standard
  9
$CLAYER
  8
0
  9
$CELTYPE
  6
ByLayer
  9
$CECOLOR
 62
   256
  9
$CELTSCALE
 40
1.0
  9
$DISPSILH
 70
     0
  9
$DIMSCALE
 40
1.0
  9
$DIMASZ
 40
0.18
  9
$DIMEXO
 40
0.0625
  9
$DIMDLI
 40
0.38
  9
$DIMRND
 40
0.0
  9
$DIMDLE
 40
0.0
  9
$DIMEXE
 40
0.18
  9
$DIMTP
 40
0.0
  9
$DIMTM
 40
0.0
  9
$DIMTXT
 40
0.18
  9
$DIMCEN
 40
0.09
  9
$DIMTSZ
 40
0.0
  9
$DIMTOL
 70
     0
  9
$DIMLIM
 70
     0
  9
$DIMTIH
 70
     1
  9
$DIMTOH
 70
     1
  9
$DIMSE1
 70
     0
  9
$DIMSE2
 70
     0
  9
$DIMTAD
 70
     0
  9
$DIMZIN
 70
     0
  9
$DIMBLK
  1

  9
$DIMASO
 70
     1
  9
$DIMSHO
 70
     1
  9
$DIMPOST
  1

  9
$DIMAPOST
  1

  9
$DIMALT
 70
     0
  9
$DIMALTD
 70
     2
  9
$DIMALTF
 40
25.4
  9
$DIMLFAC
 40
1.0
  9
$DIMTOFL
 70
     0
  9
$DIMTVP
 40
0.0
  9
$DIMTIX
 70
     0
  9
$DIMSOXD
 70
     0
  9
$DIMSAH
 70
     0
  9
$DIMBLK1
  1

  9
$DIMBLK2
  1

  9
$DIMSTYLE
  2
Standard
  9
$DIMCLRD
 70
     0
  9
$DIMCLRE
 70
     0
  9
$DIMCLRT
 70
     0
  9
$DIMTFAC
 40
1.0
  9
$DIMGAP
 40
0.09
  9
$DIMJUST
 70
     0
  9
$DIMSD1
 70
     0
  9
$DIMSD2
 70
     0
  9
$DIMTOLJ
 70
     1
  9
$DIMTZIN
 70
     0
  9
$DIMALTZ
 70
     0
  9
$DIMALTTZ
 70
     0
  9
$DIMUPT
 70
     0
  9
$DIMDEC
 70
     4
  9
$DIMTDEC
 70
     4
  9
$DIMALTU
 70
     2
  9
$DIMALTTD
 70
     2
  9
$DIMTXSTY
  7
Standard
  9
$DIMAUNIT
 70
     0
  9
$DIMADEC
 70
     0
  9
$DIMALTRND
 40
0.0
  9
$DIMAZIN
 70
     0
  9
$DIMDSEP
 70
    46
  9
$DIMATFIT
 70
     3
  9
$DIMFRAC
 70
     0
  9
$DIMLDRBLK
  1

  9
$DIMLUNIT
 70
     2
  9
$DIMLWD
 70
    -2
  9
$DIMLWE
 70
    -2
  9
$DIMTMOVE
 70
     0
  9
$LUNITS
 70
     2
  9
$LUPREC
 70
     4
  9
$SKETCHINC
 40
0.1
  9
$FILLETRAD
 40
0.5
  9
$AUNITS
 70
     0
  9
$AUPREC
 70
     0
  9
$MENU
  1
.
  9
$ELEVATION
 40
0.0
  9
$PELEVATION
 40
0.0
  9
$THICKNESS
 40
0.0
  9
$LIMCHECK
 70
     0
  9
$CHAMFERA
 40
0.0
  9
$CHAMFERB
 40
0.0
  9
$CHAMFERC
 40
0.0
  9
$CHAMFERD
 40
0.0
  9
$SKPOLY
 70
     0
  9
$TDCREATE
 40
2459058.68548853
  9
$TDUCREATE
 40
2459058.602155197
  9
$TDUPDATE
 40
2459058.685488669
  9
$TDUUPDATE
 40
2459058.602155336
  9
$TDINDWG
 40
0.0000000116
  9
$TDUSRTIMER
 40
0.0000000116
  9
$USRTIMER
 70
     1
  9
$ANGBASE
 50
0.0
  9
$ANGDIR
 70
     0
  9
$PDMODE
 70
     0
  9
$PDSIZE
 40
0.0
  9
$PLINEWID
 40
0.0
  9
$SPLFRAME
 70
     0
  9
$SPLINETYPE
 70
     6
  9
$SPLINESEGS
 70
     8
  9
$HANDSEED
  5
191
  9
$SURFTAB1
 70
     6
  9
$SURFTAB2
 70
     6
  9
$SURFTYPE
 70
     6
  9
$SURFU
 70
     6
  9
$SURFV
 70
     6
  9
$UCSBASE
  2

  9
$UCSNAME
  2

  9
$UCSORG
 10
0.0
 20
0.0
 30
0.0
  9
$UCSXDIR
 10
1.0
 20
0.0
 30
0.0
  9
$UCSYDIR
 10
0.0
 20
1.0
 30
0.0
  9
$UCSORTHOREF
  2

  9
$UCSORTHOVIEW
 70
     0
  9
$UCSORGTOP
 10
0.0
 20
0.0
 30
0.0
  9
$UCSORGBOTTOM
 10
0.0
 20
0.0
 30
0.0
  9
$UCSORGLEFT
 10
0.0
 20
0.0
 30
0.0
  9
$UCSORGRIGHT
 10
0.0
 20
0.0
 30
0.0
  9
$UCSORGFRONT
 10
0.0
 20
0.0
 30
0.0
  9
$UCSORGBACK
 10
0.0
 20
0.0
 30
0.0
  9
$PUCSBASE
  2

  9
$PUCSNAME
  2

  9
$PUCSORG
 10
0.0
 20
0.0
 30
0.0
  9
$PUCSXDIR
 10
1.0
 20
0.0
 30
0.0
  9
$PUCSYDIR
 10
0.0
 20
1.0
 30
0.0
  9
$PUCSORTHOREF
  2

  9
$PUCSORTHOVIEW
 70
     0
  9
$PUCSORGTOP
 10
0.0
 20
0.0
 30
0.0
  9
$PUCSORGBOTTOM
 10
0.0
 20
0.0
 30
0.0
  9
$PUCSORGLEFT
 10
0.0
 20
0.0
 30
0.0
  9
$PUCSORGRIGHT
 10
0.0
 20
0.0
 30
0.0
  9
$PUCSORGFRONT
 10
0.0
 20
0.0
 30
0.0
  9
$PUCSORGBACK
 10
0.0
 20
0.0
 30
0.0
  9
$USERI1
 70
     0
  9
$USERI2
 70
     0
  9
$USERI3
 70
     0
  9
$USERI4
 70
     0
  9
$USERI5
 70
     0
  9
$USERR1
 40
0.0
  9
$USERR2
 40
0.0
  9
$USERR3
 40
0.0
  9
$USERR4
 40
0.0
  9
$USERR5
 40
0.0
  9
$WORLDVIEW
 70
     1
  9
$SHADEDGE
 70
     3
  9
$SHADEDIF
 70
    70
  9
$TILEMODE
 70
     1
  9
$MAXACTVP
 70
    64
  9
$PINSBASE
 10
0.0
 20
0.0
 30
0.0
  9
$PLIMCHECK
 70
     0
  9
$PEXTMIN
 10
-0.5
 20
-0.5
 30
-0.5
  9
$PEXTMAX
 10
5.0
 20
5.0
 30
5.0
  9
$PLIMMIN
 10
-0.5
 20
-0.5
  9
$PLIMMAX
 10
5.0
 20
5.0
  9
$UNITMODE
 70
     0
  9
$VISRETAIN
 70
     1
  9
$PLINEGEN
 70
     0
  9
$PSLTSCALE
 70
     1
  9
$TREEDEPTH
 70
  3020
  9
$CMLSTYLE
  2
Standard
  9
$CMLJUST
 70
     0
  9
$CMLSCALE
 40
1.0
  9
$PROXYGRAPHICS
 70
     1
  9
$MEASUREMENT
 70
     1
  9
$CELWEIGHT
370
    70
  9
$ENDCAPS
280
     0
  9
$JOINSTYLE
280
     0
  9
$LWDISPLAY
290
     1
  9
$INSUNITS
 70
     4
  9
$HYPERLINKBASE
  1

  9
$STYLESHEET
  1

  9
$XEDIT
290
     1
  9
$CEPSNTYPE
380
     0
  9
$PSTYLEMODE
290
     1
  9
$FINGERPRINTGUID
  2
{8fb093d3-70f8-47aa-a92c-232df11377ad}
  9
$VERSIONGUID
  2
{FAEB1C32-E019-11D5-929B-00C0DF256EC4}
  9
$EXTNAMES
290
     1
  9
$PSVPSCALE
 40
0.0
  9
$OLESTARTUP
290
     0
  9
$SORTENTS
280
   127
  9
$INDEXCTL
280
     0
  9
$HIDETEXT
280
     1
  9
$XCLIPFRAME
290
     0
  9
$HALOGAP
280
     0
  9
$OBSCOLOR
 70
   257
  9
$OBSLTYPE
280
     0
  9
$INTERSECTIONDISPLAY
280
     0
  9
$INTERSECTIONCOLOR
 70
   257
  9
$DIMASSOC
280
     2
  9
$PROJECTNAME
  1

  0
ENDSEC
  0
SECTION
  2
CLASSES
  0
CLASS
  1
ACDBDICTIONARYWDFLT
  2
AcDbDictionaryWithDefault
  3
ObjectDBX Classes
 90
        0
 91
        3
280
     0
281
     0
  0
CLASS
  1
VISUALSTYLE
  2
AcDbVisualStyle
  3
ObjectDBX Classes
 90
     4095
 91
        3
280
     0
281
     0
  0
CLASS
  1
MATERIAL
  2
AcDbMaterial
  3
ObjectDBX Classes
 90
     1153
 91
        3
280
     0
281
     0
  0
CLASS
  1
SCALE
  2
AcDbScale
  3
ObjectDBX Classes
 90
     1153
 91
        3
280
     0
281
     0
  0
CLASS
  1
TABLESTYLE
  2
AcDbTableStyle
  3
ObjectDBX Classes
 90
     4095
 91
        3
280
     0
281
     0
  0
CLASS
  1
MLEADERSTYLE
  2
AcDbMLeaderStyle
  3
ACDB_MLEADERSTYLE_CLASS
 90
     4095
 91
        3
280
     0
281
     0
  0
CLASS
  1
SUN
  2
AcDbSun
  3
SCENEOE
 90
     1153
 91
        3
280
     0
281
     0
  0
CLASS
  1
DICTIONARYVAR
  2
AcDbDictionaryVar
  3
ObjectDBX Classes
 90
        0
 91
        3
280
     0
281
     0
  0
CLASS
  1
CELLSTYLEMAP
  2
AcDbCellStyleMap
  3
ObjectDBX Classes
 90
     1152
 91
        3
280
     0
281
     0
  0
ENDSEC
  0
SECTION
  2
TABLES
  0
TABLE
  2
VPORT
  5
8
102
{ACAD_XDICTIONARY
360
14A
102
}
330
0
100
AcDbSymbolTable
 70
    16
  0
VPORT
  5
29
330
8
100
AcDbSymbolTableRecord
100
AcDbViewportTableRecord
  2
*Active
 70
     0
 10
0.0
 20
0.0
 11
1.0
 21
1.0
 12
-473.01884
 22
58.744998
 13
0.0
 23
0.0
 14
0.5
 24
0.5
 15
0.5
 25
0.5
 16
0.0
 26
0.0
 36
1.0
 17
0.0
 27
0.0
 37
0.0
 40
254.0
 41
0.069908
 42
50.0
 43
206.62004
 44
-206.62004
 50
0.0
 51
0.0
 71
     0
 72
   100
 73
     1
 74
     3
 75
     0
 76
     0
 77
     0
 78
     0
281
     0
 65
     1
110
0.0
120
0.0
130
0.0
111
1.0
121
0.0
131
0.0
112
0.0
122
1.0
132
0.0
 79
     0
146
0.0
  0
VPORT
  5
13B
330
8
100
AcDbSymbolTableRecord
100
AcDbViewportTableRecord
  2
L1
 70
     0
 10
0.0
 20
0.0
 11
1.0
 21
1.0
 12
-473.01884
 22
58.744998
 13
0.0
 23
0.0
 14
0.5
 24
0.5
 15
0.5
 25
0.5
 16
0.0
 26
0.0
 36
1.0
 17
0.0
 27
0.0
 37
0.0
 40
254.0
 41
0.069908
 42
50.0
 43
206.62004
 44
-206.62004
 50
0.0
 51
0.0
 71
     0
 72
   100
 73
     1
 74
     3
 75
     0
 76
     0
 77
     0
 78
     0
281
     0
 65
     1
110
0.0
120
0.0
130
0.0
111
1.0
121
0.0
131
0.0
112
0.0
122
1.0
132
0.0
 79
     0
146
0.0
  0
VPORT
  5
13C
330
8
100
AcDbSymbolTableRecord
100
AcDbViewportTableRecord
  2
L2
 70
     0
 10
0.0
 20
0.0
 11
0.5
 21
1.0
 12
0.0
 22
0.0
 13
0.0
 23
0.0
 14
0.5
 24
0.5
 15
0.5
 25
0.5
 16
0.0
 26
-1.0
 36
0.0
 17
0.0
 27
0.0
 37
0.0
 40
1658.409162
 41
0.010707
 42
50.0
 43
855.40636
 44
-855.40636
 50
0.0
 51
0.0
 71
     0
 72
   100
 73
     1
 74
     3
 75
     0
 76
     0
 77
     0
 78
     0
281
     0
 65
     1
110
0.0
120
0.0
130
0.0
111
1.0
121
0.0
131
0.0
112
0.0
122
1.0
132
0.0
 79
     0
146
0.0
  0
VPORT
  5
13D
330
8
100
AcDbSymbolTableRecord
100
AcDbViewportTableRecord
  2
L2
 70
     0
 10
0.5
 20
0.0
 11
1.0
 21
1.0
 12
0.0
 22
0.0
 13
0.0
 23
0.0
 14
0.5
 24
0.5
 15
0.5
 25
0.5
 16
1.0
 26
0.0
 36
0.0
 17
0.0
 27
0.0
 37
0.0
 40
1658.409162
 41
0.010707
 42
50.0
 43
838.873791
 44
-838.873791
 50
0.0
 51
0.0
 71
     0
 72
   100
 73
     1
 74
     3
 75
     0
 76
     0
 77
     0
 78
     0
281
     0
 65
     1
110
0.0
120
0.0
130
0.0
111
1.0
121
0.0
131
0.0
112
0.0
122
1.0
132
0.0
 79
     0
146
0.0
  0
VPORT
  5
13E
330
8
100
AcDbSymbolTableRecord
100
AcDbViewportTableRecord
  2
L3
 70
     0
 10
0.0
 20
0.5
 11
1.0
 21
1.0
 12
-473.01884
 22
58.744998
 13
0.0
 23
0.0
 14
0.5
 24
0.5
 15
0.5
 25
0.5
 16
0.0
 26
0.0
 36
1.0
 17
0.0
 27
0.0
 37
0.0
 40
254.0
 41
0.069908
 42
50.0
 43
206.62004
 44
-206.62004
 50
0.0
 51
0.0
 71
     0
 72
   100
 73
     1
 74
     3
 75
     0
 76
     0
 77
     0
 78
     0
281
     0
 65
     1
110
0.0
120
0.0
130
0.0
111
1.0
121
0.0
131
0.0
112
0.0
122
1.0
132
0.0
 79
     0
146
0.0
  0
VPORT
  5
13F
330
8
100
AcDbSymbolTableRecord
100
AcDbViewportTableRecord
  2
L3
 70
     0
 10
0.0
 20
0.0
 11
1.0
 21
0.5
 12
0.0
 22
0.0
 13
0.0
 23
0.0
 14
0.5
 24
0.5
 15
0.5
 25
0.5
 16
0.0
 26
-1.0
 36
0.0
 17
0.0
 27
0.0
 37
0.0
 40
1658.409162
 41
0.010707
 42
50.0
 43
855.40636
 44
-855.40636
 50
0.0
 51
0.0
 71
     0
 72
   100
 73
     1
 74
     3
 75
     0
 76
     0
 77
     0
 78
     0
281
     0
 65
     1
110
0.0
120
0.0
130
0.0
111
1.0
121
0.0
131
0.0
112
0.0
122
1.0
132
0.0
 79
     0
146
0.0
  0
VPORT
  5
140
330
8
100
AcDbSymbolTableRecord
100
AcDbViewportTableRecord
  2
L4
 70
     0
 10
0.0
 20
0.5
 11
0.5
 21
1.0
 12
-473.01884
 22
58.744998
 13
0.0
 23
0.0
 14
0.5
 24
0.5
 15
0.5
 25
0.5
 16
0.0
 26
0.0
 36
1.0
 17
0.0
 27
0.0
 37
0.0
 40
254.0
 41
0.069908
 42
50.0
 43
206.62004
 44
-206.62004
 50
0.0
 51
0.0
 71
     0
 72
   100
 73
     1
 74
     3
 75
     0
 76
     0
 77
     0
 78
     0
281
     0
 65
     1
110
0.0
120
0.0
130
0.0
111
1.0
121
0.0
131
0.0
112
0.0
122
1.0
132
0.0
 79
     0
146
0.0
  0
VPORT
  5
141
330
8
100
AcDbSymbolTableRecord
100
AcDbViewportTableRecord
  2
L4
 70
     0
 10
0.0
 20
0.0
 11
0.5
 21
0.5
 12
0.0
 22
0.0
 13
0.0
 23
0.0
 14
0.5
 24
0.5
 15
0.5
 25
0.5
 16
0.0
 26
-1.0
 36
0.0
 17
0.0
 27
0.0
 37
0.0
 40
1658.409162
 41
0.010707
 42
50.0
 43
855.40636
 44
-855.40636
 50
0.0
 51
0.0
 71
     0
 72
   100
 73
     1
 74
     3
 75
     0
 76
     0
 77
     0
 78
     0
281
     0
 65
     1
110
0.0
120
0.0
130
0.0
111
1.0
121
0.0
131
0.0
112
0.0
122
1.0
132
0.0
 79
     0
146
0.0
  0
VPORT
  5
142
330
8
100
AcDbSymbolTableRecord
100
AcDbViewportTableRecord
  2
L4
 70
     0
 10
0.5
 20
0.0
 11
1.0
 21
0.5
 12
0.0
 22
0.0
 13
0.0
 23
0.0
 14
0.5
 24
0.5
 15
0.5
 25
0.5
 16
1.0
 26
0.0
 36
0.0
 17
0.0
 27
0.0
 37
0.0
 40
1658.409162
 41
0.010707
 42
50.0
 43
838.873791
 44
-838.873791
 50
0.0
 51
0.0
 71
     0
 72
   100
 73
     1
 74
     3
 75
     0
 76
     0
 77
     0
 78
     0
281
     0
 65
     1
110
0.0
120
0.0
130
0.0
111
1.0
121
0.0
131
0.0
112
0.0
122
1.0
132
0.0
 79
     0
146
0.0
  0
VPORT
  5
143
330
8
100
AcDbSymbolTableRecord
100
AcDbViewportTableRecord
  2
L4
 70
     0
 10
0.5
 20
0.5
 11
1.0
 21
1.0
 12
0.0
 22
0.0
 13
0.0
 23
0.0
 14
0.5
 24
0.5
 15
0.5
 25
0.5
 16
0.5773502691896258
 26
-0.5773502691896258
 36
0.5773502691896258
 17
0.0
 27
0.0
 37
0.0
 40
1629.322121
 41
0.010898
 42
50.0
 43
848.816281
 44
-848.816281
 50
0.0
 51
0.0
 71
     0
 72
   100
 73
     1
 74
     3
 75
     0
 76
     0
 77
     0
 78
     0
281
     0
 65
     1
110
0.0
120
0.0
130
0.0
111
1.0
121
0.0
131
0.0
112
0.0
122
1.0
132
0.0
 79
     0
146
0.0
  0
VPORT
  5
144
330
8
100
AcDbSymbolTableRecord
100
AcDbViewportTableRecord
  2
L6
 70
     0
 10
0.0
 20
0.5
 11
0.333333
 21
1.0
 12
0.0
 22
0.0
 13
0.0
 23
0.0
 14
0.5
 24
0.5
 15
0.5
 25
0.5
 16
0.7188730927569433
 26
-0.5850486126764433
 36
0.3754192287502549
 17
0.0
 27
0.0
 37
0.0
 40
1719.645312
 41
0.010326
 42
50.0
 43
890.342823
 44
-890.342823
 50
0.0
 51
0.0
 71
     0
 72
   100
 73
     1
 74
     3
 75
     0
 76
     0
 77
     0
 78
     0
281
     0
 65
     1
110
0.0
120
0.0
130
0.0
111
1.0
121
0.0
131
0.0
112
0.0
122
1.0
132
0.0
 79
     0
146
0.0
  0
VPORT
  5
145
330
8
100
AcDbSymbolTableRecord
100
AcDbViewportTableRecord
  2
L6
 70
     0
 10
0.0
 20
0.0
 11
0.333333
 21
0.5
 12
0.0
 22
0.0
 13
0.0
 23
0.0
 14
0.5
 24
0.5
 15
0.5
 25
0.5
 16
-1.0
 26
0.0
 36
0.0
 17
0.0
 27
0.0
 37
0.0
 40
1658.409162
 41
0.010707
 42
50.0
 43
838.873791
 44
-838.873791
 50
0.0
 51
0.0
 71
     0
 72
   100
 73
     1
 74
     3
 75
     0
 76
     0
 77
     0
 78
     0
281
     0
 65
     1
110
0.0
120
0.0
130
0.0
111
1.0
121
0.0
131
0.0
112
0.0
122
1.0
132
0.0
 79
     0
146
0.0
  0
VPORT
  5
146
330
8
100
AcDbSymbolTableRecord
100
AcDbViewportTableRecord
  2
L6
 70
     0
 10
0.333333
 20
0.5
 11
0.666667
 21
1.0
 12
-473.01884
 22
58.744998
 13
0.0
 23
0.0
 14
0.5
 24
0.5
 15
0.5
 25
0.5
 16
0.0
 26
0.0
 36
1.0
 17
0.0
 27
0.0
 37
0.0
 40
254.0
 41
0.069908
 42
50.0
 43
206.62004
 44
-206.62004
 50
0.0
 51
0.0
 71
     0
 72
   100
 73
     1
 74
     3
 75
     0
 76
     0
 77
     0
 78
     0
281
     0
 65
     1
110
0.0
120
0.0
130
0.0
111
1.0
121
0.0
131
0.0
112
0.0
122
1.0
132
0.0
 79
     0
146
0.0
  0
VPORT
  5
147
330
8
100
AcDbSymbolTableRecord
100
AcDbViewportTableRecord
  2
L6
 70
     0
 10
0.333333
 20
0.0
 11
0.666667
 21
0.5
 12
0.0
 22
0.0
 13
0.0
 23
0.0
 14
0.5
 24
0.5
 15
0.5
 25
0.5
 16
0.0
 26
-1.0
 36
0.0
 17
0.0
 27
0.0
 37
0.0
 40
1658.409162
 41
0.010707
 42
50.0
 43
855.40636
 44
-855.40636
 50
0.0
 51
0.0
 71
     0
 72
   100
 73
     1
 74
     3
 75
     0
 76
     0
 77
     0
 78
     0
281
     0
 65
     1
110
0.0
120
0.0
130
0.0
111
1.0
121
0.0
131
0.0
112
0.0
122
1.0
132
0.0
 79
     0
146
0.0
  0
VPORT
  5
148
330
8
100
AcDbSymbolTableRecord
100
AcDbViewportTableRecord
  2
L6
 70
     0
 10
0.666667
 20
0.5
 11
1.0
 21
1.0
 12
0.0
 22
0.0
 13
0.0
 23
0.0
 14
0.5
 24
0.5
 15
0.5
 25
0.5
 16
0.5773502691896258
 26
-0.5773502691896258
 36
0.5773502691896258
 17
0.0
 27
0.0
 37
0.0
 40
1629.322121
 41
0.010898
 42
50.0
 43
848.816281
 44
-848.816281
 50
0.0
 51
0.0
 71
     0
 72
   100
 73
     1
 74
     3
 75
     0
 76
     0
 77
     0
 78
     0
281
     0
 65
     1
110
0.0
120
0.0
130
0.0
111
1.0
121
0.0
131
0.0
112
0.0
122
1.0
132
0.0
 79
     0
146
0.0
  0
VPORT
  5
149
330
8
100
AcDbSymbolTableRecord
100
AcDbViewportTableRecord
  2
L6
 70
     0
 10
0.666667
 20
0.0
 11
1.0
 21
0.5
 12
0.0
 22
0.0
 13
0.0
 23
0.0
 14
0.5
 24
0.5
 15
0.5
 25
0.5
 16
1.0
 26
0.0
 36
0.0
 17
0.0
 27
0.0
 37
0.0
 40
1658.409162
 41
0.010707
 42
50.0
 43
838.873791
 44
-838.873791
 50
0.0
 51
0.0
 71
     0
 72
   100
 73
     1
 74
     3
 75
     0
 76
     0
 77
     0
 78
     0
281
     0
 65
     1
110
0.0
120
0.0
130
0.0
111
1.0
121
0.0
131
0.0
112
0.0
122
1.0
132
0.0
 79
     0
146
0.0
  0
ENDTAB
  0
TABLE
  2
LTYPE
  5
5
330
0
100
AcDbSymbolTable
 70
    10
  0
LTYPE
  5
14
330
5
100
AcDbSymbolTableRecord
100
AcDbLinetypeTableRecord
  2
ByBlock
 70
     0
  3

 72
    65
 73
     0
 40
0.0
  0
LTYPE
  5
15
330
5
100
AcDbSymbolTableRecord
100
AcDbLinetypeTableRecord
  2
ByLayer
 70
     0
  3

 72
    65
 73
     0
 40
0.0
  0
LTYPE
  5
16
330
5
100
AcDbSymbolTableRecord
100
AcDbLinetypeTableRecord
  2
Continuous
 70
     0
  3
Solid line
 72
    65
 73
     0
 40
0.0
  0
LTYPE
  5
6E
330
5
100
AcDbSymbolTableRecord
100
AcDbLinetypeTableRecord
  2
ACAD_ISO04W100
 70
     0
  3
ISO long-dash dot ____ . ____ . ____ . ____ . _
 72
    65
 73
     4
 40
30.0
 49
24.0
 74
     4
 75
     0
340
0
 46
0.0
 50
0.0
 44
0.0
 45
0.0
 49
-3.0
 74
     4
 75
     0
340
0
 46
0.0
 50
0.0
 44
0.0
 45
0.0
 49
0.0
 74
     4
 75
     0
340
0
 46
0.0
 50
0.0
 44
0.0
 45
0.0
 49
-3.0
 74
     4
 75
     0
340
0
 46
0.0
 50
0.0
 44
0.0
 45
0.0
  0
LTYPE
  5
6F
330
5
100
AcDbSymbolTableRecord
100
AcDbLinetypeTableRecord
  2
ACAD_ISO05W100
 70
     0
  3
ISO long-dash double-dot ____ .. ____ .. ____ . 
 72
    65
 73
     6
 40
33.0
 49
24.0
 74
     4
 75
     0
340
0
 46
0.0
 50
0.0
 44
0.0
 45
0.0
 49
-3.0
 74
     4
 75
     0
340
0
 46
0.0
 50
0.0
 44
0.0
 45
0.0
 49
0.0
 74
     4
 75
     0
340
0
 46
0.0
 50
0.0
 44
0.0
 45
0.0
 49
-3.0
 74
     4
 75
     0
340
0
 46
0.0
 50
0.0
 44
0.0
 45
0.0
 49
0.0
 74
     4
 75
     0
340
0
 46
0.0
 50
0.0
 44
0.0
 45
0.0
 49
-3.0
 74
     4
 75
     0
340
0
 46
0.0
 50
0.0
 44
0.0
 45
0.0
  0
LTYPE
  5
70
330
5
100
AcDbSymbolTableRecord
100
AcDbLinetypeTableRecord
  2
ACAD_ISO06W100
 70
     0
  3
ISO long-dash triple-dot ____ ... ____ ... ____
 72
    65
 73
     8
 40
36.0
 49
24.0
 74
     4
 75
     0
340
0
 46
0.0
 50
0.0
 44
0.0
 45
0.0
 49
-3.0
 74
     4
 75
     0
340
0
 46
0.0
 50
0.0
 44
0.0
 45
0.0
 49
0.0
 74
     4
 75
     0
340
0
 46
0.0
 50
0.0
 44
0.0
 45
0.0
 49
-3.0
 74
     4
 75
     0
340
0
 46
0.0
 50
0.0
 44
0.0
 45
0.0
 49
0.0
 74
     4
 75
     0
340
0
 46
0.0
 50
0.0
 44
0.0
 45
0.0
 49
-3.0
 74
     4
 75
     0
340
0
 46
0.0
 50
0.0
 44
0.0
 45
0.0
 49
0.0
 74
     4
 75
     0
340
0
 46
0.0
 50
0.0
 44
0.0
 45
0.0
 49
-3.0
 74
     4
 75
     0
340
0
 46
0.0
 50
0.0
 44
0.0
 45
0.0
  0
LTYPE
  5
71
330
5
100
AcDbSymbolTableRecord
100
AcDbLinetypeTableRecord
  2
ACAD_ISO09W100
 70
     0
  3
ISO long-dash double-short-dash ____ __ __ ____
 72
    65
 73
     6
 40
45.0
 49
24.0
 74
     4
 75
     0
340
0
 46
0.0
 50
0.0
 44
0.0
 45
0.0
 49
-3.0
 74
     4
 75
     0
340
0
 46
0.0
 50
0.0
 44
0.0
 45
0.0
 49
6.0
 74
     4
 75
     0
340
0
 46
0.0
 50
0.0
 44
0.0
 45
0.0
 49
-3.0
 74
     4
 75
     0
340
0
 46
0.0
 50
0.0
 44
0.0
 45
0.0
 49
6.0
 74
     4
 75
     0
340
0
 46
0.0
 50
0.0
 44
0.0
 45
0.0
 49
-3.0
 74
     4
 75
     0
340
0
 46
0.0
 50
0.0
 44
0.0
 45
0.0
  0
LTYPE
  5
72
330
5
100
AcDbSymbolTableRecord
100
AcDbLinetypeTableRecord
  2
CENTER
 70
     0
  3
____ _ ____ _ ____ _ ____
 72
    65
 73
     4
 40
47.4
 49
22.0
 74
     4
 75
     0
340
0
 46
0.0
 50
0.0
 44
0.0
 45
0.0
 49
-8.5
 74
     4
 75
     0
340
0
 46
0.0
 50
0.0
 44
0.0
 45
0.0
 49
8.5
 74
     4
 75
     0
340
0
 46
0.0
 50
0.0
 44
0.0
 45
0.0
 49
-8.5
 74
     4
 75
     0
340
0
 46
0.0
 50
0.0
 44
0.0
 45
0.0
  0
LTYPE
  5
73
330
5
100
AcDbSymbolTableRecord
100
AcDbLinetypeTableRecord
  2
DASHDOT
 70
     0
  3
_._._._._._._._._._._._._._._._.
 72
    65
 73
     4
 40
70.0
 49
31.0
 74
     4
 75
     0
340
0
 46
0.0
 50
0.0
 44
0.0
 45
0.0
 49
-13.0
 74
     4
 75
     0
340
0
 46
0.0
 50
0.0
 44
0.0
 45
0.0
 49
13.0
 74
     4
 75
     0
340
0
 46
0.0
 50
0.0
 44
0.0
 45
0.0
 49
-13.0
 74
     4
 75
     0
340
0
 46
0.0
 50
0.0
 44
0.0
 45
0.0
  0
LTYPE
  5
74
330
5
100
AcDbSymbolTableRecord
100
AcDbLinetypeTableRecord
  2
DASHED
 70
     0
  3
__ __ __ __ __ __ __ __ __
 72
    65
 73
     2
 40
25.72
 49
12.86
 74
     4
 75
     0
340
0
 46
0.0
 50
0.0
 44
0.0
 45
0.0
 49
-12.86
 74
     4
 75
     0
340
0
 46
0.0
 50
0.0
 44
0.0
 45
0.0
  0
LTYPE
  5
75
330
5
100
AcDbSymbolTableRecord
100
AcDbLinetypeTableRecord
  2
DOT
 70
     0
  3
.........................
 72
    65
 73
     2
 40
10.0
 49
0.0
 74
     4
 75
     0
340
0
 46
0.0
 50
0.0
 44
0.0
 45
0.0
 49
-10.0
 74
     4
 75
     0
340
0
 46
0.0
 50
0.0
 44
0.0
 45
0.0
  0
LTYPE
  5
76
330
5
100
AcDbSymbolTableRecord
100
AcDbLinetypeTableRecord
  2
PHANTOM
 70
     0
  3
____ _ _ ____ _ _ _____ _ _ ____
 72
    65
 73
     6
 40
50.5
 49
18.0
 74
     4
 75
     0
340
0
 46
0.0
 50
0.0
 44
0.0
 45
0.0
 49
-6.5
 74
     4
 75
     0
340
0
 46
0.0
 50
0.0
 44
0.0
 45
0.0
 49
6.5
 74
     4
 75
     0
340
0
 46
0.0
 50
0.0
 44
0.0
 45
0.0
 49
-6.5
 74
     4
 75
     0
340
0
 46
0.0
 50
0.0
 44
0.0
 45
0.0
 49
6.5
 74
     4
 75
     0
340
0
 46
0.0
 50
0.0
 44
0.0
 45
0.0
 49
-6.5
 74
     4
 75
     0
340
0
 46
0.0
 50
0.0
 44
0.0
 45
0.0
  0
ENDTAB
  0
TABLE
  2
LAYER
  5
2
330
0
100
AcDbSymbolTable
 70
     2
  0
LAYER
  5
10
330
2
100
AcDbSymbolTableRecord
100
AcDbLayerTableRecord
  2
0
 70
     0
 62
     7
  6
Continuous
370
    -3
390
F
  0
LAYER
  5
78
330
2
100
AcDbSymbolTableRecord
100
AcDbLayerTableRecord
  2
1
 70
     0
 62
     7
420
 16777215
  6
Continuous
370
    -3
390
F
  0
ENDTAB
  0
TABLE
  2
STYLE
  5
3
330
0
100
AcDbSymbolTable
 70
     1
  0
STYLE
  5
11
330
3
100
AcDbSymbolTableRecord
100
AcDbTextStyleTableRecord
  2
Standard
 70
     0
 40
0.0
 41
1.0
 50
0.0
 71
     0
 42
0.2
  3
txt
  4

  0
ENDTAB
  0
TABLE
  2
VIEW
  5
6
330
0
100
AcDbSymbolTable
 70
     8
  0
VIEW
  5
133
330
6
100
AcDbSymbolTableRecord
100
AcDbViewTableRecord
  2
Top
 70
     0
 40
254.0
 10
-473.01884
 20
58.744998
 41
420.189501
 11
0.0
 21
0.0
 31
1.0
 12
0.0
 22
0.0
 32
0.0
 42
50.0
 43
206.62004
 44
-206.62004
 50
0.0
 71
     0
281
     0
 72
     0
  0
VIEW
  5
134
330
6
100
AcDbSymbolTableRecord
100
AcDbViewTableRecord
  2
Front
 70
     0
 40
1658.409162
 10
0.0
 20
0.0
 41
420.189501
 11
0.0
 21
-1.0
 31
0.0
 12
0.0
 22
0.0
 32
0.0
 42
50.0
 43
855.40636
 44
-855.40636
 50
0.0
 71
     0
281
     0
 72
     0
  0
VIEW
  5
135
330
6
100
AcDbSymbolTableRecord
100
AcDbViewTableRecord
  2
Right
 70
     0
 40
1658.409162
 10
0.0
 20
0.0
 41
254.0
 11
1.0
 21
0.0
 31
0.0
 12
0.0
 22
0.0
 32
0.0
 42
50.0
 43
838.873791
 44
-838.873791
 50
0.0
 71
     0
281
     0
 72
     0
  0
VIEW
  5
136
330
6
100
AcDbSymbolTableRecord
100
AcDbViewTableRecord
  2
Back
 70
     0
 40
1658.409162
 10
0.0
 20
0.0
 41
420.189501
 11
0.0
 21
1.0
 31
0.0
 12
0.0
 22
0.0
 32
0.0
 42
50.0
 43
855.40636
 44
-855.40636
 50
0.0
 71
     0
281
     0
 72
     0
  0
VIEW
  5
137
330
6
100
AcDbSymbolTableRecord
100
AcDbViewTableRecord
  2
Bottom
 70
     0
 40
254.0
 10
0.0
 20
0.0
 41
420.189501
 11
0.0
 21
0.0
 31
-1.0
 12
0.0
 22
0.0
 32
0.0
 42
50.0
 43
829.204581
 44
-829.204581
 50
180.0
 71
     0
281
     0
 72
     0
  0
VIEW
  5
138
330
6
100
AcDbSymbolTableRecord
100
AcDbViewTableRecord
  2
Left
 70
     0
 40
1658.409162
 10
0.0
 20
0.0
 41
254.0
 11
-1.0
 21
0.0
 31
0.0
 12
0.0
 22
0.0
 32
0.0
 42
50.0
 43
838.873791
 44
-838.873791
 50
0.0
 71
     0
281
     0
 72
     0
  0
VIEW
  5
139
330
6
100
AcDbSymbolTableRecord
100
AcDbViewTableRecord
  2
Isometric
 70
     0
 40
1629.322121
 10
0.0
 20
0.0
 41
476.723968
 11
0.5773502691896258
 21
-0.5773502691896258
 31
0.5773502691896258
 12
0.0
 22
0.0
 32
0.0
 42
50.0
 43
848.816281
 44
-848.816281
 50
0.0
 71
     0
281
     0
 72
     0
  0
VIEW
  5
13A
330
6
100
AcDbSymbolTableRecord
100
AcDbViewTableRecord
  2
Trimetric
 70
     0
 40
1719.645312
 10
0.0
 20
0.0
 41
462.23519
 11
0.7188730927569433
 21
-0.5850486126764433
 31
0.3754192287502549
 12
0.0
 22
0.0
 32
0.0
 42
50.0
 43
890.342823
 44
-890.342823
 50
0.0
 71
     0
281
     0
 72
     0
  0
ENDTAB
  0
TABLE
  2
UCS
  5
7
330
0
100
AcDbSymbolTable
 70
     0
  0
ENDTAB
  0
TABLE
  2
APPID
  5
9
330
0
100
AcDbSymbolTable
 70
     2
  0
APPID
  5
12
330
9
100
AcDbSymbolTableRecord
100
AcDbRegAppTableRecord
  2
ACAD
 70
     0
  0
APPID
  5
189
330
9
100
AcDbSymbolTableRecord
100
AcDbRegAppTableRecord
  2
ACAD_MLEADERVER
 70
     0
  0
ENDTAB
  0
TABLE
  2
DIMSTYLE
  5
A
330
0
100
AcDbSymbolTable
 70
     1
100
AcDbDimStyleTable
  0
DIMSTYLE
105
27
330
A
100
AcDbSymbolTableRecord
100
AcDbDimStyleTableRecord
  2
Standard
 70
     0
178
     0
340
11
  0
ENDTAB
  0
TABLE
  2
BLOCK_RECORD
  5
1
330
0
100
AcDbSymbolTable
 70
     1
  0
BLOCK_RECORD
  5
1F
330
1
100
AcDbSymbolTableRecord
100
AcDbBlockTableRecord
  2
*Model_Space
340
22
  0
BLOCK_RECORD
  5
1B
330
1
100
AcDbSymbolTableRecord
100
AcDbBlockTableRecord
  2
*Paper_Space
340
1E
  0
BLOCK_RECORD
  5
23
330
1
100
AcDbSymbolTableRecord
100
AcDbBlockTableRecord
  2
*Paper_Space0
340
26
  0
ENDTAB
  0
ENDSEC
  0
SECTION
  2
BLOCKS
  0
BLOCK
  5
20
330
1F
100
AcDbEntity
  8
0
100
AcDbBlockBegin
  2
*Model_Space
 70
     0
 10
0.0
 20
0.0
 30
0.0
  3
*Model_Space
  1

  0
ENDBLK
  5
21
330
1F
100
AcDbEntity
  8
0
100
AcDbBlockEnd
  0
BLOCK
  5
1C
330
1B
100
AcDbEntity
 67
     1
  8
0
100
AcDbBlockBegin
  2
*Paper_Space
 70
     0
 10
0.0
 20
0.0
 30
0.0
  3
*Paper_Space
  1

  0
ENDBLK
  5
1D
330
1B
100
AcDbEntity
 67
     1
  8
0
100
AcDbBlockEnd
  0
BLOCK
  5
24
330
23
100
AcDbEntity
  8
0
100
AcDbBlockBegin
  2
*Paper_Space0
 70
     0
 10
0.0
 20
0.0
 30
0.0
  3
*Paper_Space0
  1

  0
ENDBLK
  5
25
330
23
100
AcDbEntity
  8
0
100
AcDbBlockEnd
  0
ENDSEC
  0
SECTION
  2
ENTITIES
  0
LINE
  5
77
330
1F
100
AcDbEntity
  8
1
  6
Continuous
 62
   253
370
    35
100
AcDbLine
 10
-527.222662
 20
72.789637
 30
0.0
 11
-520.87394
 21
72.789637
 31
0.0
  0
LINE
  5
79
330
1F
100
AcDbEntity
  8
1
  6
Continuous
 62
   253
370
    35
100
AcDbLine
 10
-458.840049
 20
43.224961
 30
0.0
 11
-460.253176
 21
43.224961
 31
0.0
  0
LINE
  5
7A
330
1F
100
AcDbEntity
  8
1
  6
Continuous
 62
   253
370
    35
100
AcDbLine
 10
-473.4433
 20
44.039596
 30
0.0
 11
-473.4433
 21
43.224961
 31
0.0
  0
LINE
  5
7B
330
1F
100
AcDbEntity
  8
1
  6
Continuous
 62
   253
370
    35
100
AcDbLine
 10
-518.742489
 20
44.039596
 30
0.0
 11
-518.742489
 21
43.224961
 31
0.0
  0
LINE
  5
7C
330
1F
100
AcDbEntity
  8
1
  6
Continuous
 62
   253
370
    35
100
AcDbLine
 10
-497.03545
 20
43.224961
 30
0.0
 11
-498.448577
 21
43.224961
 31
0.0
  0
LINE
  5
7D
330
1F
100
AcDbEntity
  8
1
  6
Continuous
 62
   253
370
    35
100
AcDbLine
 10
-479.546676
 20
60.841637
 30
0.0
 11
-479.546676
 21
67.163856
 31
0.0
  0
LINE
  5
7E
330
1F
100
AcDbEntity
  8
1
  6
Continuous
 62
   253
370
    35
100
AcDbLine
 10
-493.737212
 20
43.224961
 30
0.0
 11
-496.563466
 21
43.224961
 31
0.0
  0
LINE
  5
7F
330
1F
100
AcDbEntity
  8
1
  6
Continuous
 62
   253
370
    35
100
AcDbLine
 10
-494.207784
 20
45.667644
 30
0.0
 11
-496.563466
 21
45.667644
 31
0.0
  0
LINE
  5
80
330
1F
100
AcDbEntity
  8
1
  6
Continuous
 62
   253
370
    35
100
AcDbLine
 10
-460.253176
 20
48.924961
 30
0.0
 11
-458.840049
 21
48.924961
 31
0.0
  0
LINE
  5
81
330
1F
100
AcDbEntity
  8
1
  6
Continuous
 62
   253
370
    35
100
AcDbLine
 10
-476.269554
 20
44.039596
 30
0.0
 11
-473.4433
 21
44.039596
 31
0.0
  0
LINE
  5
82
330
1F
100
AcDbEntity
  8
1
  6
Continuous
 62
   253
370
    35
100
AcDbLine
 10
-520.87394
 20
50.824961
 30
0.0
 11
-527.222662
 21
50.824961
 31
0.0
  0
LINE
  5
83
330
1F
100
AcDbEntity
  8
1
  6
Continuous
 62
   253
370
    35
100
AcDbLine
 10
-464.96454
 20
43.224961
 30
0.0
 11
-466.377667
 21
43.224961
 31
0.0
  0
LINE
  5
84
330
1F
100
AcDbEntity
  8
1
  6
Continuous
 62
   253
370
    35
100
AcDbLine
 10
-462.750171
 20
43.224961
 30
0.0
 11
-464.492556
 21
45.667644
 31
0.0
  0
LINE
  5
85
330
1F
100
AcDbEntity
  8
1
  6
Continuous
 62
   253
370
    35
100
AcDbLine
 10
-514.97368
 20
43.224961
 30
0.0
 11
-514.97368
 21
48.924961
 31
0.0
  0
LINE
  5
86
330
1F
100
AcDbEntity
  8
1
  6
Continuous
 62
   253
370
    35
100
AcDbLine
 10
-493.737212
 20
48.110326
 30
0.0
 11
-496.563466
 21
48.110326
 31
0.0
  0
LINE
  5
87
330
1F
100
AcDbEntity
  8
1
  6
Continuous
 62
   253
370
    35
100
AcDbLine
 10
-522.040727
 20
47.295692
 30
0.0
 11
-523.453854
 21
47.295692
 31
0.0
  0
LINE
  5
88
330
1F
100
AcDbEntity
  8
1
  6
Continuous
 62
   253
370
    35
100
AcDbLine
 10
-502.687957
 20
48.110326
 30
0.0
 11
-502.687957
 21
48.924961
 31
0.0
  0
LINE
  5
89
330
1F
100
AcDbEntity
  8
1
  6
Continuous
 62
   253
370
    35
100
AcDbLine
 10
-442.902257
 20
50.598073
 30
0.0
 11
-442.902257
 21
57.230923
 31
0.0
  0
LINE
  5
8A
330
1F
100
AcDbEntity
  8
1
  6
Continuous
 62
   253
370
    35
100
AcDbLine
 10
-455.951618
 20
44.039596
 30
0.0
 11
-455.749541
 21
44.853009
 31
0.0
  0
LINE
  5
8B
330
1F
100
AcDbEntity
  8
1
  6
Continuous
 62
   253
370
    35
100
AcDbLine
 10
-509.637668
 20
50.824961
 30
0.0
 11
-516.66352
 21
50.824961
 31
0.0
  0
LINE
  5
8C
330
1F
100
AcDbEntity
  8
1
  6
Continuous
 62
   253
370
    35
100
AcDbLine
 10
-499.083616
 20
56.84473
 30
0.0
 11
-499.083616
 21
50.617383
 31
0.0
  0
LINE
  5
8D
330
1F
100
AcDbEntity
  8
1
  6
Continuous
 62
   253
370
    35
100
AcDbLine
 10
-507.908047
 20
48.924961
 30
0.0
 11
-507.908047
 21
43.224961
 31
0.0
  0
LINE
  5
8E
330
1F
100
AcDbEntity
  8
1
  6
Continuous
 62
   253
370
    35
100
AcDbLine
 10
-513.088569
 20
44.039596
 30
0.0
 11
-510.262316
 21
44.039596
 31
0.0
  0
LINE
  5
8F
330
1F
100
AcDbEntity
  8
1
  6
Continuous
 62
   253
370
    35
100
AcDbLine
 10
-518.271918
 20
48.110326
 30
0.0
 11
-518.271918
 21
48.924961
 31
0.0
  0
LINE
  5
90
330
1F
100
AcDbEntity
  8
1
  6
Continuous
 62
   253
370
    35
100
AcDbLine
 10
-455.305819
 20
48.924961
 30
0.0
 11
-456.718946
 21
43.224961
 31
0.0
  0
LINE
  5
91
330
1F
100
AcDbEntity
  8
1
  6
Continuous
 62
   253
370
    35
100
AcDbLine
 10
-479.09722
 20
47.295692
 30
0.0
 11
-480.510347
 21
47.295692
 31
0.0
  0
LINE
  5
92
330
1F
100
AcDbEntity
  8
1
  6
Continuous
 62
   253
370
    35
100
AcDbLine
 10
-496.563466
 20
43.224961
 30
0.0
 11
-496.563466
 21
44.039596
 31
0.0
  0
LINE
  5
93
330
1F
100
AcDbEntity
  8
1
  6
Continuous
 62
   253
370
    35
100
AcDbLine
 10
-453.892692
 20
48.924961
 30
0.0
 11
-452.479566
 21
43.224961
 31
0.0
  0
LINE
  5
94
330
1F
100
AcDbEntity
  8
1
  6
Continuous
 62
   253
370
    35
100
AcDbLine
 10
-496.563466
 20
45.667644
 30
0.0
 11
-496.563466
 21
46.482278
 31
0.0
  0
LINE
  5
95
330
1F
100
AcDbEntity
  8
1
  6
Continuous
 62
   253
370
    35
100
AcDbLine
 10
-498.448577
 20
43.224961
 30
0.0
 11
-498.448577
 21
48.924961
 31
0.0
  0
LINE
  5
96
330
1F
100
AcDbEntity
  8
1
  6
Continuous
 62
   253
370
    35
100
AcDbLine
 10
-481.923473
 20
46.482278
 30
0.0
 11
-479.09722
 21
46.482278
 31
0.0
  0
LINE
  5
97
330
1F
100
AcDbEntity
  8
1
  6
Continuous
 62
   253
370
    35
100
AcDbLine
 10
-498.448577
 20
48.924961
 30
0.0
 11
-497.03545
 21
48.924961
 31
0.0
  0
LINE
  5
98
330
1F
100
AcDbEntity
  8
1
  6
Continuous
 62
   253
370
    35
100
AcDbLine
 10
-456.718946
 20
43.224961
 30
0.0
 11
-458.132073
 21
43.224961
 31
0.0
  0
LINE
  5
99
330
1F
100
AcDbEntity
  8
1
  6
Continuous
 62
   253
370
    35
100
AcDbLine
 10
-499.579373
 20
60.880134
 30
0.0
 11
-499.579373
 21
67.152994
 31
0.0
  0
LINE
  5
9A
330
1F
100
AcDbEntity
  8
1
  6
Continuous
 62
   253
370
    35
100
AcDbLine
 10
-520.634653
 20
61.300422
 30
0.0
 11
-517.753036
 21
66.871243
 31
0.0
  0
LINE
  5
9B
330
1F
100
AcDbEntity
  8
1
  6
Continuous
 62
   253
370
    35
100
AcDbLine
 10
-496.563466
 20
46.482278
 30
0.0
 11
-494.207784
 21
46.482278
 31
0.0
  0
LINE
  5
9C
330
1F
100
AcDbEntity
  8
1
  6
Continuous
 62
   253
370
    35
100
AcDbLine
 10
-489.969817
 20
48.110326
 30
0.0
 11
-489.969817
 21
48.924961
 31
0.0
  0
LINE
  5
9D
330
1F
100
AcDbEntity
  8
1
  6
Continuous
 62
   253
370
    35
100
AcDbLine
 10
-476.741538
 20
43.224961
 30
0.0
 11
-478.154665
 21
43.224961
 31
0.0
  0
LINE
  5
9E
330
1F
100
AcDbEntity
  8
1
  6
Continuous
 62
   253
370
    35
100
AcDbLine
 10
-527.222662
 20
50.824961
 30
0.0
 11
-527.222662
 21
72.789637
 31
0.0
  0
LINE
  5
9F
330
1F
100
AcDbEntity
  8
1
  6
Continuous
 62
   253
370
    35
100
AcDbLine
 10
-454.096183
 20
44.039596
 30
0.0
 11
-455.951618
 21
44.039596
 31
0.0
  0
LINE
  5
A0
330
1F
100
AcDbEntity
  8
1
  6
Continuous
 62
   253
370
    35
100
AcDbLine
 10
-524.396409
 20
43.224961
 30
0.0
 11
-524.396409
 21
44.039596
 31
0.0
  0
LINE
  5
A1
330
1F
100
AcDbEntity
  8
1
  6
Continuous
 62
   253
370
    35
100
AcDbLine
 10
-462.33312
 20
56.615977
 30
0.0
 11
-462.33312
 21
50.543293
 31
0.0
  0
LINE
  5
A2
330
1F
100
AcDbEntity
  8
1
  6
Continuous
 62
   253
370
    35
100
AcDbLine
 10
-524.86698
 20
48.924961
 30
0.0
 11
-524.86698
 21
48.110326
 31
0.0
  0
LINE
  5
A3
330
1F
100
AcDbEntity
  8
1
  6
Continuous
 62
   253
370
    35
100
AcDbLine
 10
-476.269554
 20
43.224961
 30
0.0
 11
-476.269554
 21
44.039596
 31
0.0
  0
LINE
  5
A4
330
1F
100
AcDbEntity
  8
1
  6
Continuous
 62
   253
370
    35
100
AcDbLine
 10
-527.222662
 20
44.853009
 30
0.0
 11
-525.809536
 21
44.853009
 31
0.0
  0
LINE
  5
A5
330
1F
100
AcDbEntity
  8
1
  6
Continuous
 62
   253
370
    35
100
AcDbLine
 10
-452.479566
 20
43.224961
 30
0.0
 11
-453.892692
 21
43.224961
 31
0.0
  0
LINE
  5
A6
330
1F
100
AcDbEntity
  8
1
  6
Continuous
 62
   253
370
    35
100
AcDbLine
 10
-456.718946
 20
48.924961
 30
0.0
 11
-455.305819
 21
48.924961
 31
0.0
  0
LINE
  5
A7
330
1F
100
AcDbEntity
  8
1
  6
Continuous
 62
   253
370
    35
100
AcDbLine
 10
-423.387699
 20
50.824961
 30
0.0
 11
-429.736422
 21
50.824961
 31
0.0
  0
LINE
  5
A8
330
1F
100
AcDbEntity
  8
1
  6
Continuous
 62
   253
370
    35
100
AcDbLine
 10
-524.396409
 20
45.667644
 30
0.0
 11
-524.396409
 21
46.482278
 31
0.0
  0
LINE
  5
A9
330
1F
100
AcDbEntity
  8
1
  6
Continuous
 62
   253
370
    35
100
AcDbLine
 10
-533.366573
 20
41.324961
 30
0.0
 11
-412.682008
 21
41.324961
 31
0.0
  0
LINE
  5
AA
330
1F
100
AcDbEntity
  8
1
  6
Continuous
 62
   253
370
    35
100
AcDbLine
 10
-513.560554
 20
43.224961
 30
0.0
 11
-514.97368
 21
43.224961
 31
0.0
  0
LINE
  5
AB
330
1F
100
AcDbEntity
  8
1
  6
Continuous
 62
   253
370
    35
100
AcDbLine
 10
-476.741538
 20
48.924961
 30
0.0
 11
-476.741538
 21
43.224961
 31
0.0
  0
LINE
  5
AC
330
1F
100
AcDbEntity
  8
1
  6
Continuous
 62
   253
370
    35
100
AcDbLine
 10
-514.97368
 20
48.924961
 30
0.0
 11
-513.560554
 21
48.924961
 31
0.0
  0
LINE
  5
AD
330
1F
100
AcDbEntity
  8
1
  6
Continuous
 62
   253
370
    35
100
AcDbLine
 10
-442.341161
 20
67.149818
 30
0.0
 11
-442.341161
 21
61.112136
 31
0.0
  0
LINE
  5
AE
330
1F
100
AcDbEntity
  8
1
  6
Continuous
 62
   253
370
    35
100
AcDbLine
 10
-502.687957
 20
43.224961
 30
0.0
 11
-502.687957
 21
44.039596
 31
0.0
  0
LINE
  5
AF
330
1F
100
AcDbEntity
  8
1
  6
Continuous
 62
   253
370
    35
100
AcDbLine
 10
-466.377667
 20
43.224961
 30
0.0
 11
-466.377667
 21
48.924961
 31
0.0
  0
LINE
  5
B0
330
1F
100
AcDbEntity
  8
1
  6
Continuous
 62
   253
370
    35
100
AcDbLine
 10
-518.742489
 20
48.924961
 30
0.0
 11
-518.742489
 21
48.110326
 31
0.0
  0
LINE
  5
B1
330
1F
100
AcDbEntity
  8
1
  6
Continuous
 62
   253
370
    35
100
AcDbLine
 10
-491.752293
 20
50.824961
 30
0.0
 11
-498.101015
 21
50.824961
 31
0.0
  0
LINE
  5
B2
330
1F
100
AcDbEntity
  8
1
  6
Continuous
 62
   253
370
    35
100
AcDbLine
 10
-429.736422
 20
66.871243
 30
0.0
 11
-423.387699
 21
66.871243
 31
0.0
  0
LINE
  5
B3
330
1F
100
AcDbEntity
  8
1
  6
Continuous
 62
   253
370
    35
100
AcDbLine
 10
-458.840049
 20
48.924961
 30
0.0
 11
-458.840049
 21
43.224961
 31
0.0
  0
LINE
  5
B4
330
1F
100
AcDbEntity
  8
1
  6
Continuous
 62
   253
370
    35
100
AcDbLine
 10
-517.753036
 20
66.871243
 30
0.0
 11
-511.149753
 21
66.871243
 31
0.0
  0
LINE
  5
B5
330
1F
100
AcDbEntity
  8
1
  6
Continuous
 62
   253
370
    35
100
AcDbLine
 10
-454.740568
 20
48.924961
 30
0.0
 11
-453.892692
 21
48.924961
 31
0.0
  0
LINE
  5
B6
330
1F
100
AcDbEntity
  8
1
  6
Continuous
 62
   253
370
    35
100
AcDbLine
 10
-460.43312
 20
61.090106
 30
0.0
 11
-460.43312
 21
67.177515
 31
0.0
  0
LINE
  5
B7
330
1F
100
AcDbEntity
  8
1
  6
Continuous
 62
   253
370
    35
100
AcDbLine
 10
-481.923473
 20
48.924961
 30
0.0
 11
-481.923473
 21
48.110326
 31
0.0
  0
LINE
  5
B8
330
1F
100
AcDbEntity
  8
1
  6
Continuous
 62
   253
370
    35
100
AcDbLine
 10
-524.86698
 20
44.039596
 30
0.0
 11
-524.86698
 21
43.224961
 31
0.0
  0
LINE
  5
B9
330
1F
100
AcDbEntity
  8
1
  6
Continuous
 62
   253
370
    35
100
AcDbLine
 10
-454.29826
 20
44.853009
 30
0.0
 11
-455.023194
 21
47.784228
 31
0.0
  0
LINE
  5
BA
330
1F
100
AcDbEntity
  8
1
  6
Continuous
 62
   253
370
    35
100
AcDbLine
 10
-464.492556
 20
48.110326
 30
0.0
 11
-464.492556
 21
48.924961
 31
0.0
  0
LINE
  5
BB
330
1F
100
AcDbEntity
  8
1
  6
Continuous
 62
   253
370
    35
100
AcDbLine
 10
-417.82019
 20
76.165035
 30
0.0
 11
-533.366573
 21
76.165035
 31
0.0
  0
LINE
  5
BC
330
1F
100
AcDbEntity
  8
1
  6
Continuous
 62
   253
370
    35
100
AcDbLine
 10
-493.737212
 20
48.924961
 30
0.0
 11
-493.737212
 21
48.110326
 31
0.0
  0
LINE
  5
BD
330
1F
100
AcDbEntity
  8
1
  6
Continuous
 62
   253
370
    35
100
AcDbLine
 10
-494.207784
 20
46.482278
 30
0.0
 11
-494.207784
 21
45.667644
 31
0.0
  0
LINE
  5
BE
330
1F
100
AcDbEntity
  8
1
  6
Continuous
 62
   253
370
    35
100
AcDbLine
 10
-480.510347
 20
45.667644
 30
0.0
 11
-481.923473
 21
45.667644
 31
0.0
  0
LINE
  5
BF
330
1F
100
AcDbEntity
  8
1
  6
Continuous
 62
   253
370
    35
100
AcDbLine
 10
-510.262316
 20
44.039596
 30
0.0
 11
-510.262316
 21
43.224961
 31
0.0
  0
LINE
  5
C0
330
1F
100
AcDbEntity
  8
1
  6
Continuous
 62
   253
370
    35
100
AcDbLine
 10
-518.271918
 20
43.224961
 30
0.0
 11
-518.271918
 21
44.039596
 31
0.0
  0
LINE
  5
C1
330
1F
100
AcDbEntity
  8
1
  6
Continuous
 62
   253
370
    35
100
AcDbLine
 10
-462.33312
 20
67.157511
 30
0.0
 11
-462.33312
 21
61.102031
 31
0.0
  0
LINE
  5
C2
330
1F
100
AcDbEntity
  8
1
  6
Continuous
 62
   253
370
    35
100
AcDbLine
 10
-481.923473
 20
45.667644
 30
0.0
 11
-481.923473
 21
46.482278
 31
0.0
  0
LINE
  5
C3
330
1F
100
AcDbEntity
  8
1
  6
Continuous
 62
   253
370
    35
100
AcDbLine
 10
-466.377667
 20
48.924961
 30
0.0
 11
-464.96454
 21
48.924961
 31
0.0
  0
LINE
  5
C4
330
1F
100
AcDbEntity
  8
1
  6
Continuous
 62
   253
370
    35
100
AcDbLine
 10
-511.149753
 20
66.871243
 30
0.0
 11
-514.255384
 21
61.030087
 31
0.0
  0
LINE
  5
C5
330
1F
100
AcDbEntity
  8
1
  6
Continuous
 62
   253
370
    35
100
AcDbLine
 10
-490.440388
 20
48.924961
 30
0.0
 11
-490.440388
 21
48.110326
 31
0.0
  0
LINE
  5
C6
330
1F
100
AcDbEntity
  8
1
  6
Continuous
 62
   253
370
    35
100
AcDbLine
 10
-453.892692
 20
43.224961
 30
0.0
 11
-454.096183
 21
44.039596
 31
0.0
  0
LINE
  5
C7
330
1F
100
AcDbEntity
  8
1
  6
Continuous
 62
   253
370
    35
100
AcDbLine
 10
-490.440388
 20
44.039596
 30
0.0
 11
-490.440388
 21
43.224961
 31
0.0
  0
LINE
  5
C8
330
1F
100
AcDbEntity
  8
1
  6
Continuous
 62
   253
370
    35
100
AcDbLine
 10
-481.70227
 20
50.824961
 30
0.0
 11
-488.050993
 21
50.824961
 31
0.0
  0
LINE
  5
C9
330
1F
100
AcDbEntity
  8
1
  6
Continuous
 62
   253
370
    35
100
AcDbLine
 10
-496.563466
 20
48.924961
 30
0.0
 11
-493.737212
 21
48.924961
 31
0.0
  0
LINE
  5
CA
330
1F
100
AcDbEntity
  8
1
  6
Continuous
 62
   253
370
    35
100
AcDbLine
 10
-472.960685
 20
50.824961
 30
0.0
 11
-479.309407
 21
50.824961
 31
0.0
  0
LINE
  5
CB
330
1F
100
AcDbEntity
  8
1
  6
Continuous
 62
   253
370
    35
100
AcDbLine
 10
-504.573068
 20
43.224961
 30
0.0
 11
-504.573068
 21
48.924961
 31
0.0
  0
LINE
  5
CC
330
1F
100
AcDbEntity
  8
1
  6
Continuous
 62
   253
370
    35
100
AcDbLine
 10
-440.441161
 20
61.071392
 30
0.0
 11
-440.441161
 21
67.141005
 31
0.0
  0
LINE
  5
CD
330
1F
100
AcDbEntity
  8
1
  6
Continuous
 62
   253
370
    35
100
AcDbLine
 10
-536.216573
 20
73.315035
 30
0.0
 11
-536.216573
 21
44.174961
 31
0.0
  0
LINE
  5
CE
330
1F
100
AcDbEntity
  8
1
  6
Continuous
 62
   253
370
    35
100
AcDbLine
 10
-501.479373
 20
67.153471
 30
0.0
 11
-501.479373
 21
60.855852
 31
0.0
  0
LINE
  5
CF
330
1F
100
AcDbEntity
  8
1
  6
Continuous
 62
   253
370
    35
100
AcDbLine
 10
-509.321174
 20
48.924961
 30
0.0
 11
-507.908047
 21
48.924961
 31
0.0
  0
LINE
  5
D0
330
1F
100
AcDbEntity
  8
1
  6
Continuous
 62
   253
370
    35
100
AcDbLine
 10
-470.146476
 20
48.924961
 30
0.0
 11
-470.146476
 21
48.110326
 31
0.0
  0
LINE
  5
D1
330
1F
100
AcDbEntity
  8
1
  6
Continuous
 62
   253
370
    35
100
AcDbLine
 10
-469.675904
 20
43.224961
 30
0.0
 11
-469.675904
 21
44.039596
 31
0.0
  0
LINE
  5
D2
330
1F
100
AcDbEntity
  8
1
  6
Continuous
 62
   253
370
    35
100
AcDbLine
 10
-524.86698
 20
46.482278
 30
0.0
 11
-524.86698
 21
45.667644
 31
0.0
  0
LINE
  5
D3
330
1F
100
AcDbEntity
  8
1
  6
Continuous
 62
   253
370
    35
100
AcDbLine
 10
-478.154665
 20
48.924961
 30
0.0
 11
-476.741538
 21
48.924961
 31
0.0
  0
LINE
  5
D4
330
1F
100
AcDbEntity
  8
1
  6
Continuous
 62
   253
370
    35
100
AcDbLine
 10
-481.452902
 20
48.110326
 30
0.0
 11
-481.452902
 21
48.924961
 31
0.0
  0
LINE
  5
D5
330
1F
100
AcDbEntity
  8
1
  6
Continuous
 62
   253
370
    35
100
AcDbLine
 10
-462.976271
 20
45.695734
 30
0.0
 11
-461.195731
 21
43.224961
 31
0.0
  0
LINE
  5
D6
330
1F
100
AcDbEntity
  8
1
  6
Continuous
 62
   253
370
    35
100
AcDbLine
 10
-507.908047
 20
43.224961
 30
0.0
 11
-509.321174
 21
43.224961
 31
0.0
  0
LINE
  5
D7
330
1F
100
AcDbEntity
  8
1
  6
Continuous
 62
   253
370
    35
100
AcDbLine
 10
-516.66352
 20
50.824961
 30
0.0
 11
-520.634653
 21
61.300422
 31
0.0
  0
LINE
  5
D8
330
1F
100
AcDbEntity
  8
1
  6
Continuous
 62
   253
370
    35
100
AcDbLine
 10
-481.446676
 20
67.158741
 30
0.0
 11
-481.446676
 21
60.872251
 31
0.0
  0
LINE
  5
D9
330
1F
100
AcDbEntity
  8
1
  6
Continuous
 62
   253
370
    35
100
AcDbLine
 10
-461.195731
 20
43.224961
 30
0.0
 11
-462.750171
 21
43.224961
 31
0.0
  0
LINE
  5
DA
330
1F
100
AcDbEntity
  8
1
  6
Continuous
 62
   253
370
    35
100
AcDbLine
 10
-469.675904
 20
48.110326
 30
0.0
 11
-469.675904
 21
48.924961
 31
0.0
  0
LINE
  5
DB
330
1F
100
AcDbEntity
  8
1
  6
Continuous
 62
   253
370
    35
100
AcDbLine
 10
-496.563466
 20
44.039596
 30
0.0
 11
-493.737212
 21
44.039596
 31
0.0
  0
LINE
  5
DC
330
1F
100
AcDbEntity
  8
1
  6
Continuous
 62
   253
370
    35
100
AcDbLine
 10
-504.573068
 20
48.924961
 30
0.0
 11
-503.159941
 21
48.924961
 31
0.0
  0
LINE
  5
DD
330
1F
100
AcDbEntity
  8
1
  6
Continuous
 62
   253
370
    35
100
AcDbLine
 10
-513.088569
 20
43.224961
 30
0.0
 11
-513.088569
 21
44.039596
 31
0.0
  0
LINE
  5
DE
330
1F
100
AcDbEntity
  8
1
  6
Continuous
 62
   253
370
    35
100
AcDbLine
 10
-464.96454
 20
48.924961
 30
0.0
 11
-464.96454
 21
43.224961
 31
0.0
  0
LINE
  5
DF
330
1F
100
AcDbEntity
  8
1
  6
Continuous
 62
   253
370
    35
100
AcDbLine
 10
-429.736422
 20
50.824961
 30
0.0
 11
-429.736422
 21
66.871243
 31
0.0
  0
LINE
  5
E0
330
1F
100
AcDbEntity
  8
1
  6
Continuous
 62
   253
370
    35
100
AcDbLine
 10
-423.387699
 20
66.871243
 30
0.0
 11
-423.387699
 21
50.824961
 31
0.0
  0
LINE
  5
E1
330
1F
100
AcDbEntity
  8
1
  6
Continuous
 62
   253
370
    35
100
AcDbLine
 10
-460.253176
 20
43.224961
 30
0.0
 11
-460.253176
 21
48.924961
 31
0.0
  0
LINE
  5
E2
330
1F
100
AcDbEntity
  8
1
  6
Continuous
 62
   253
370
    35
100
AcDbLine
 10
-481.452902
 20
43.224961
 30
0.0
 11
-481.452902
 21
44.039596
 31
0.0
  0
LINE
  5
E3
330
1F
100
AcDbEntity
  8
1
  6
Continuous
 62
   253
370
    35
100
AcDbLine
 10
-481.923473
 20
44.039596
 30
0.0
 11
-481.923473
 21
43.224961
 31
0.0
  0
LINE
  5
E4
330
1F
100
AcDbEntity
  8
1
  6
Continuous
 62
   253
370
    35
100
AcDbLine
 10
-520.87394
 20
72.789637
 30
0.0
 11
-520.87394
 21
50.824961
 31
0.0
  0
LINE
  5
E5
330
1F
100
AcDbEntity
  8
1
  6
Continuous
 62
   253
370
    35
100
AcDbLine
 10
-443.869585
 20
44.887257
 30
0.0
 11
-450.218307
 21
44.887257
 31
0.0
  0
LINE
  5
E6
330
1F
100
AcDbEntity
  8
1
  6
Continuous
 62
   253
370
    35
100
AcDbLine
 10
-464.492556
 20
45.667644
 30
0.0
 11
-464.492556
 21
46.482278
 31
0.0
  0
LINE
  5
E7
330
1F
100
AcDbEntity
  8
1
  6
Continuous
 62
   253
370
    35
100
AcDbLine
 10
-509.321174
 20
43.224961
 30
0.0
 11
-509.321174
 21
48.924961
 31
0.0
  0
LINE
  5
E8
330
1F
100
AcDbEntity
  8
1
  6
Continuous
 62
   253
370
    35
100
AcDbLine
 10
-489.969817
 20
43.224961
 30
0.0
 11
-489.969817
 21
44.039596
 31
0.0
  0
LINE
  5
E9
330
1F
100
AcDbEntity
  8
1
  6
Continuous
 62
   253
370
    35
100
AcDbLine
 10
-455.023194
 20
47.784228
 30
0.0
 11
-454.740568
 21
48.924961
 31
0.0
  0
LINE
  5
EA
330
1F
100
AcDbEntity
  8
1
  6
Continuous
 62
   253
370
    35
100
AcDbLine
 10
-524.396409
 20
48.110326
 30
0.0
 11
-524.396409
 21
48.924961
 31
0.0
  0
LINE
  5
EB
330
1F
100
AcDbEntity
  8
1
  6
Continuous
 62
   253
370
    35
100
AcDbLine
 10
-478.154665
 20
43.224961
 30
0.0
 11
-478.154665
 21
48.924961
 31
0.0
  0
LINE
  5
EC
330
1F
100
AcDbEntity
  8
1
  6
Continuous
 62
   253
370
    35
100
AcDbLine
 10
-409.875306
 20
44.669858
 30
0.0
 11
-415.013488
 21
73.809932
 31
0.0
  0
LINE
  5
ED
330
1F
100
AcDbEntity
  8
1
  6
Continuous
 62
   253
370
    35
100
AcDbLine
 10
-514.255384
 20
61.030087
 30
0.0
 11
-509.637668
 21
50.824961
 31
0.0
  0
LINE
  5
EE
330
1F
100
AcDbEntity
  8
1
  6
Continuous
 62
   253
370
    35
100
AcDbLine
 10
-455.749541
 20
44.853009
 30
0.0
 11
-454.29826
 21
44.853009
 31
0.0
  0
LINE
  5
EF
330
1F
100
AcDbEntity
  8
1
  6
Continuous
 62
   253
370
    35
100
AcDbLine
 10
-473.4433
 20
43.224961
 30
0.0
 11
-476.269554
 21
43.224961
 31
0.0
  0
LINE
  5
F0
330
1F
100
AcDbEntity
  8
1
  6
Continuous
 62
   253
370
    35
100
AcDbLine
 10
-496.563466
 20
48.110326
 30
0.0
 11
-496.563466
 21
48.924961
 31
0.0
  0
LINE
  5
F1
330
1F
100
AcDbEntity
  8
1
  6
Continuous
 62
   253
370
    35
100
AcDbLine
 10
-493.737212
 20
44.039596
 30
0.0
 11
-493.737212
 21
43.224961
 31
0.0
  0
LINE
  5
F2
330
1F
100
AcDbEntity
  8
1
  6
Continuous
 62
   253
370
    35
100
AcDbLine
 10
-513.560554
 20
48.924961
 30
0.0
 11
-513.560554
 21
43.224961
 31
0.0
  0
LINE
  5
F3
330
1F
100
AcDbEntity
  8
1
  6
Continuous
 62
   253
370
    35
100
AcDbLine
 10
-510.262316
 20
43.224961
 30
0.0
 11
-513.088569
 21
43.224961
 31
0.0
  0
LINE
  5
F4
330
1F
100
AcDbEntity
  8
1
  6
Continuous
 62
   253
370
    35
100
AcDbLine
 10
-470.146476
 20
44.039596
 30
0.0
 11
-470.146476
 21
43.224961
 31
0.0
  0
LINE
  5
F5
330
1F
100
AcDbEntity
  8
1
  6
Continuous
 62
   253
370
    35
100
AcDbLine
 10
-458.132073
 20
43.224961
 30
0.0
 11
-456.718946
 21
48.924961
 31
0.0
  0
LINE
  5
F6
330
1F
100
AcDbEntity
  8
1
  6
Continuous
 62
   253
370
    35
100
AcDbLine
 10
-503.159941
 20
43.224961
 30
0.0
 11
-504.573068
 21
43.224961
 31
0.0
  0
LINE
  5
F7
330
1F
100
AcDbEntity
  8
1
  6
Continuous
 62
   253
370
    35
100
AcDbLine
 10
-460.43312
 20
50.544366
 30
0.0
 11
-460.43312
 21
56.629699
 31
0.0
  0
LINE
  5
F8
330
1F
100
AcDbEntity
  8
1
  6
Continuous
 62
   253
370
    35
100
AcDbLine
 10
-503.159941
 20
48.924961
 30
0.0
 11
-503.159941
 21
43.224961
 31
0.0
  0
LINE
  5
F9
330
1F
100
AcDbEntity
  8
1
  6
Continuous
 62
   253
370
    35
100
AcDbLine
 10
-497.03545
 20
48.924961
 30
0.0
 11
-497.03545
 21
43.224961
 31
0.0
  0
CIRCLE
  5
FA
330
1F
100
AcDbEntity
  8
1
  6
Continuous
 62
   253
370
    35
100
AcDbCircle
 10
-416.215757
 20
58.745001
 30
0.0
 40
2.45
  0
CIRCLE
  5
FB
330
1F
100
AcDbEntity
  8
1
  6
Continuous
 62
   253
370
    35
100
AcDbCircle
 10
-532.416573
 20
58.745001
 30
0.0
 40
2.45
  0
ARC
  5
FC
330
1F
100
AcDbEntity
  8
1
  6
Continuous
 62
   253
370
    35
100
AcDbCircle
 10
-412.682008
 20
44.174961
 30
0.0
 40
2.85
100
AcDbArc
 50
270.0
 51
10.0
  0
ARC
  5
FD
330
1F
100
AcDbEntity
  8
1
  6
Continuous
 62
   253
370
    35
100
AcDbCircle
 10
-417.82019
 20
73.315035
 30
0.0
 40
2.85
100
AcDbArc
 50
10.0
 51
90.0
  0
ARC
  5
FE
330
1F
100
AcDbEntity
  8
1
  6
Continuous
 62
   253
370
    35
100
AcDbCircle
 10
-533.366573
 20
73.315035
 30
0.0
 40
2.85
100
AcDbArc
 50
90.0
 51
180.0
  0
ARC
  5
FF
330
1F
100
AcDbEntity
  8
1
  6
Continuous
 62
   253
370
    35
100
AcDbCircle
 10
-533.366573
 20
44.174961
 30
0.0
 40
2.85
100
AcDbArc
 50
180.0
 51
270.0
  0
SPLINE
  5
100
330
1F
100
AcDbEntity
  8
1
  6
Continuous
 62
   253
370
    35
100
AcDbSpline
210
0.0
220
0.0
230
1.0
 70
     8
 71
     3
 72
    10
 73
     6
 74
     0
 42
0.000000001
 43
0.0000000001
 40
0.0
 40
0.0
 40
0.0
 40
0.0
 40
0.5
 40
0.5
 40
1.0
 40
1.0
 40
1.0
 40
1.0
 10
-442.902257358739
 20
57.23092250281385
 30
0.0
 10
-442.4280497634545
 20
56.86504143999683
 30
0.0
 10
-441.8563939522787
 20
56.61559967365818
 30
0.0
 10
-440.6578815458062
 20
56.65149441528771
 30
0.0
 10
-440.079982663582
 20
56.90518623657048
 30
0.0
 10
-439.6489824619059
 20
57.32264312888589
 30
0.0
  0
SPLINE
  5
101
330
1F
100
AcDbEntity
  8
1
  6
Continuous
 62
   253
370
    35
100
AcDbSpline
210
0.0
220
0.0
230
1.0
 70
     8
 71
     3
 72
    32
 73
    28
 74
     0
 42
0.000000001
 43
0.0000000001
 40
0.0
 40
0.0
 40
0.0
 40
0.0
 40
0.046627853104912
 40
0.046627853104912
 40
0.1076951814695782
 40
0.1076951814695782
 40
0.1477503178842651
 40
0.1477503178842651
 40
0.1944989349650055
 40
0.1944989349650055
 40
0.2405148956227734
 40
0.2405148956227734
 40
0.3266387529450113
 40
0.3266387529450113
 40
0.4309042984819867
 40
0.4309042984819867
 40
0.7233568705609323
 40
0.7233568705609323
 40
0.7866394056014586
 40
0.7866394056014586
 40
0.8262896645710502
 40
0.8262896645710502
 40
0.8721516241688111
 40
0.8721516241688111
 40
0.9173530209213606
 40
0.9173530209213606
 40
1.0
 40
1.0
 40
1.0
 40
1.0
 10
-489.9698167457819
 20
44.03959555083984
 30
0.0
 10
-489.8873837983356
 20
44.03959555083984
 30
0.0
 10
-489.80466557758
 20
44.04417392136116
 30
0.0
 10
-489.6168866136871
 20
44.07070319480346
 30
0.0
 10
-489.5104449466905
 20
44.09790708670562
 30
0.0
 10
-489.3504326200081
 20
44.1753575167934
 30
0.0
 10
-489.29029672204
 20
44.21546666693665
 30
0.0
 10
-489.1801840551479
 20
44.32075705051007
 30
0.0
 10
-489.1321974961918
 20
44.39081967434937
 30
0.0
 10
-489.0663764391094
 20
44.53974086018679
 30
0.0
 10
-489.0465943692541
 20
44.62009671628594
 30
0.0
 10
-489.017298916817
 20
44.85146480906026
 30
0.0
 10
-489.0272612464942
 20
45.00476611407542
 30
0.0
 10
-489.0272612464942
 20
45.34123619543158
 30
0.0
 10
-489.0272612464942
 20
45.52551865540464
 30
0.0
 10
-489.0272612464942
 20
46.22669170594244
 30
0.0
 10
-489.0272612464941
 20
46.74358229650716
 30
0.0
 10
-489.0272612464941
 20
47.3715770199265
 30
0.0
 10
-489.0344617725712
 20
47.48492700184285
 30
0.0
 10
-489.0852356725329
 20
47.65864466898661
 30
0.0
 10
-489.1141360476741
 20
47.72402975473107
 30
0.0
 10
-489.1972992198936
 20
47.84905219516597
 30
0.0
 10
-489.2563631383308
 20
47.90776615261092
 30
0.0
 10
-489.3886383579037
 20
47.99751980303672
 30
0.0
 10
-489.4629615491172
 20
48.03060468371137
 30
0.0
 10
-489.6774129906516
 20
48.09667935447916
 30
0.0
 10
-489.824994142416
 20
48.11032621293539
 30
0.0
 10
-489.9698167457819
 20
48.11032621293539
 30
0.0
  0
SPLINE
  5
102
330
1F
100
AcDbEntity
  8
1
  6
Continuous
 62
   253
370
    35
100
AcDbSpline
210
0.0
220
0.0
230
1.0
 70
     8
 71
     3
 72
    32
 73
    28
 74
     0
 42
0.000000001
 43
0.0000000001
 40
0.0
 40
0.0
 40
0.0
 40
0.0
 40
0.0453128795316514
 40
0.0453128795316514
 40
0.1068546024109688
 40
0.1068546024109688
 40
0.1468681061995054
 40
0.1468681061995054
 40
0.1931530646439261
 40
0.1931530646439261
 40
0.2387424357242782
 40
0.2387424357242782
 40
0.3258017898389129
 40
0.3258017898389129
 40
0.4297525662466556
 40
0.4297525662466556
 40
0.723155394436622
 40
0.723155394436622
 40
0.7863405597371342
 40
0.7863405597371342
 40
0.8260655997516034
 40
0.8260655997516034
 40
0.8719881253973293
 40
0.8719881253973293
 40
0.9172522162920064
 40
0.9172522162920064
 40
1.0
 40
1.0
 40
1.0
 40
1.0
 10
-470.1464756003429
 20
48.11032621293539
 30
0.0
 10
-470.2266109046723
 20
48.11032621293539
 30
0.0
 10
-470.3070044762405
 20
48.10597474171391
 30
0.0
 10
-470.4934632778235
 20
48.08044733652218
 30
0.0
 10
-470.6008717578181
 20
48.05351609388234
 30
0.0
 10
-470.7619538211788
 20
47.97643824357054
 30
0.0
 10
-470.8222532955347
 20
47.93671034069574
 30
0.0
 10
-470.9324714680694
 20
47.83271057431774
 30
0.0
 10
-470.9806388553676
 20
47.76380403953647
 30
0.0
 10
-471.0473532520335
 20
47.61691557799414
 30
0.0
 10
-471.067783848303
 20
47.53747896847998
 30
0.0
 10
-471.0993382315413
 20
47.30552729827872
 30
0.0
 10
-471.0890310996306
 20
47.15045400730816
 30
0.0
 10
-471.0890310996306
 20
46.8129940729262
 30
0.0
 10
-471.0890310996306
 20
46.62932159837926
 30
0.0
 10
-471.0890310996306
 20
45.92723045150476
 30
0.0
 10
-471.0890310996306
 20
45.40881177917719
 30
0.0
 10
-471.0890310996306
 20
44.77947667287657
 30
0.0
 10
-471.0821038296995
 20
44.66631338135051
 30
0.0
 10
-471.0315836292977
 20
44.49259478425642
 30
0.0
 10
-471.0027025902617
 20
44.42706578000698
 30
0.0
 10
-470.9195479358239
 20
44.30178486254351
 30
0.0
 10
-470.860482142121
 20
44.24294034597578
 30
0.0
 10
-470.7281587301432
 20
44.15292264184305
 30
0.0
 10
-470.6537854652865
 20
44.11970584356009
 30
0.0
 10
-470.4391754860299
 20
44.05334613349147
 30
0.0
 10
-470.2914384895244
 20
44.03959555083984
 30
0.0
 10
-470.1464756003429
 20
44.03959555083984
 30
0.0
  0
SPLINE
  5
103
330
1F
100
AcDbEntity
  8
1
  6
Continuous
 62
   253
370
    35
100
AcDbSpline
210
0.0
220
0.0
230
1.0
 70
     8
 71
     3
 72
    16
 73
    12
 74
     0
 42
0.000000001
 43
0.0000000001
 40
0.0
 40
0.0
 40
0.0
 40
0.0
 40
0.4999999999999996
 40
0.4999999999999996
 40
0.6249999999999997
 40
0.6249999999999997
 40
0.7499999999999998
 40
0.7499999999999998
 40
0.8749999999999999
 40
0.8749999999999999
 40
1.0
 40
1.0
 40
1.0
 40
1.0
 10
-450.2183074788471
 20
44.887257194066
 30
0.0
 10
-450.2183074788471
 20
49.31937847164269
 30
0.0
 10
-450.2183074788471
 20
53.75149974921939
 30
0.0
 10
-450.2183074788471
 20
59.29165134619023
 30
0.0
 10
-450.099942513485
 20
60.37785984696912
 30
0.0
 10
-449.4435437761639
 20
62.47290651729733
 30
0.0
 10
-448.902787829665
 20
63.46214433403573
 30
0.0
 10
-447.4287487572983
 20
65.13222246542198
 30
0.0
 10
-446.5173180098803
 20
65.78577793450235
 30
0.0
 10
-444.518856260771
 20
66.73502329077445
 30
0.0
 10
-443.4341237513881
 20
67.04633972871014
 30
0.0
 10
-442.3411605015976
 20
67.1498176024257
 30
0.0
  0
SPLINE
  5
104
330
1F
100
AcDbEntity
  8
1
  6
Continuous
 62
   253
370
    35
100
AcDbSpline
210
0.0
220
0.0
230
1.0
 70
     8
 71
     3
 72
    21
 73
    17
 74
     0
 42
0.000000001
 43
0.0000000001
 40
0.0
 40
0.0
 40
0.0
 40
0.0
 40
0.125
 40
0.125
 40
0.25
 40
0.25
 40
0.375
 40
0.375
 40
0.5
 40
0.625
 40
0.625
 40
0.75
 40
0.75
 40
0.875
 40
0.875
 40
1.0
 40
1.0
 40
1.0
 40
1.0
 10
-489.9698167457819
 20
48.92496088188761
 30
0.0
 10
-489.5958040755768
 20
48.92496088188761
 30
0.0
 10
-489.2207302609146
 20
48.89733379974842
 30
0.0
 10
-488.4993058105698
 20
48.71024626847726
 30
0.0
 10
-488.1408325854418
 20
48.53768464116386
 30
0.0
 10
-487.6768978380064
 20
47.95141637377804
 30
0.0
 10
-487.6141345609055
 20
47.55827701740636
 30
0.0
 10
-487.6141345609055
 20
46.80990682860437
 30
0.0
 10
-487.6141345609055
 20
46.06153663980241
 30
0.0
 10
-487.6141345609056
 20
45.31316645100038
 30
0.0
 10
-487.6141345609055
 20
44.5647962621984
 30
0.0
 10
-487.6847329824939
 20
44.17910781706355
 30
0.0
 10
-488.155679514015
 20
43.60167146025291
 30
0.0
 10
-488.5093133041497
 20
43.4354934035934
 30
0.0
 10
-489.2287723037889
 20
43.25168214601653
 30
0.0
 10
-489.598330753949
 20
43.22496088188761
 30
0.0
 10
-489.9698167457819
 20
43.22496088188761
 30
0.0
  0
SPLINE
  5
105
330
1F
100
AcDbEntity
  8
1
  6
Continuous
 62
   253
370
    35
100
AcDbSpline
210
0.0
220
0.0
230
1.0
 70
     8
 71
     3
 72
    12
 73
     8
 74
     0
 42
0.000000001
 43
0.0000000001
 40
0.0
 40
0.0
 40
0.0
 40
0.0
 40
0.5
 40
0.5
 40
0.75
 40
0.75
 40
1.0
 40
1.0
 40
1.0
 40
1.0
 10
-524.3964090600953
 20
48.92496088188761
 30
0.0
 10
-523.8527973118491
 20
48.9249608818876
 30
0.0
 10
-523.2961333448822
 20
48.8771607129815
 30
0.0
 10
-522.5699355863283
 20
48.50170577196695
 30
0.0
 10
-522.3563817264413
 20
48.31423070516064
 30
0.0
 10
-522.0925376425732
 20
47.84328286178899
 30
0.0
 10
-522.0407268752189
 20
47.56872632423481
 30
0.0
 10
-522.0407268752188
 20
47.29569154398318
 30
0.0
  0
SPLINE
  5
106
330
1F
100
AcDbEntity
  8
1
  6
Continuous
 62
   253
370
    35
100
AcDbSpline
210
0.0
220
0.0
230
1.0
 70
     8
 71
     3
 72
    28
 73
    24
 74
     0
 42
0.000000001
 43
0.0000000001
 40
0.0
 40
0.0
 40
0.0
 40
0.0
 40
0.1249999999999994
 40
0.1249999999999994
 40
0.2499999999999991
 40
0.2499999999999991
 40
0.3124999999999993
 40
0.3124999999999993
 40
0.3749999999999997
 40
0.3749999999999997
 40
0.5000000000000012
 40
0.5000000000000012
 40
0.5625000000000011
 40
0.5625000000000011
 40
0.6250000000000009
 40
0.6250000000000009
 40
0.6875000000000008
 40
0.6875000000000008
 40
0.7500000000000007
 40
0.7500000000000007
 40
0.8750000000000003
 40
0.8750000000000003
 40
1.0
 40
1.0
 40
1.0
 40
1.0
 10
-502.6879569160808
 20
48.92496088188761
 30
0.0
 10
-502.2350065928116
 20
48.92496088188759
 30
0.0
 10
-501.781201084958
 20
48.94291519529971
 30
0.0
 10
-500.8771790328113
 20
48.87885738253112
 30
0.0
 10
-500.4173591157264
 20
48.79547763181805
 30
0.0
 10
-499.8434847916041
 20
48.43310847348567
 30
0.0
 10
-499.6774260184138
 20
48.26662318860113
 30
0.0
 10
-499.4592100128659
 20
47.86722352845846
 30
0.0
 10
-499.4069982708612
 20
47.64038715484241
 30
0.0
 10
-499.3691797115866
 20
46.96325659635477
 30
0.0
 10
-499.3911323586023
 20
46.50858349774411
 30
0.0
 10
-499.3911323586023
 20
45.82884478978075
 30
0.0
 10
-499.3911323586022
 20
45.60226522045963
 30
0.0
 10
-499.3911323586022
 20
45.14910608181739
 30
0.0
 10
-499.3800569170971
 20
44.92103770104583
 30
0.0
 10
-499.4135967849408
 20
44.47238714468171
 30
0.0
 10
-499.4714810116906
 20
44.24824721815018
 30
0.0
 10
-499.6963599207999
 20
43.86033881301852
 30
0.0
 10
-499.8621144299144
 20
43.70056952854118
 30
0.0
 10
-500.4419577839043
 20
43.34685617962537
 30
0.0
 10
-500.8984070216883
 20
43.26823386527799
 30
0.0
 10
-501.7888498536607
 20
43.20777651305131
 30
0.0
 10
-502.2393622078442
 20
43.22496088188761
 30
0.0
 10
-502.6879569160808
 20
43.22496088188761
 30
0.0
  0
SPLINE
  5
107
330
1F
100
AcDbEntity
  8
1
  6
Continuous
 62
   253
370
    35
100
AcDbSpline
210
0.0
220
0.0
230
1.0
 70
     8
 71
     3
 72
    21
 73
    17
 74
     0
 42
0.000000001
 43
0.0000000001
 40
0.0
 40
0.0
 40
0.0
 40
0.0
 40
0.125
 40
0.125
 40
0.25
 40
0.25
 40
0.375
 40
0.375
 40
0.5
 40
0.625
 40
0.625
 40
0.75
 40
0.75
 40
0.875
 40
0.875
 40
1.0
 40
1.0
 40
1.0
 40
1.0
 10
-490.440387932083
 20
43.22496088188761
 30
0.0
 10
-490.8144908957262
 20
43.22496088188762
 30
0.0
 10
-491.1896229982586
 20
43.25258176231869
 30
0.0
 10
-491.911242166692
 20
43.43968034305043
 30
0.0
 10
-492.2698086004032
 20
43.6122175445715
 30
0.0
 10
-492.7337802572958
 20
44.19879891412022
 30
0.0
 10
-492.7960701169595
 20
44.59207443606093
 30
0.0
 10
-492.7960701169595
 20
45.34030401546117
 30
0.0
 10
-492.7960701169595
 20
46.08853359486139
 30
0.0
 10
-492.7960701169595
 20
46.83676317426161
 30
0.0
 10
-492.7960701169596
 20
47.58499275366186
 30
0.0
 10
-492.7248978883385
 20
47.97044052483659
 30
0.0
 10
-492.2538224460079
 20
48.54760540971901
 30
0.0
 10
-491.9004827554863
 20
48.71395119234986
 30
0.0
 10
-491.1812070128509
 20
48.89812869257185
 30
0.0
 10
-490.8117982128473
 20
48.92496088188759
 30
0.0
 10
-490.440387932083
 20
48.92496088188761
 30
0.0
  0
SPLINE
  5
108
330
1F
100
AcDbEntity
  8
1
  6
Continuous
 62
   253
370
    35
100
AcDbSpline
210
0.0
220
0.0
230
1.0
 70
     8
 71
     3
 72
    21
 73
    17
 74
     0
 42
0.000000001
 43
0.0000000001
 40
0.0
 40
0.0
 40
0.0
 40
0.0
 40
0.125
 40
0.125
 40
0.25
 40
0.25
 40
0.375
 40
0.375
 40
0.5
 40
0.625
 40
0.625
 40
0.75
 40
0.75
 40
0.875
 40
0.875
 40
1.0
 40
1.0
 40
1.0
 40
1.0
 10
-502.6879569160808
 20
44.03959555083984
 30
0.0
 10
-502.3880298480997
 20
44.03959555083983
 30
0.0
 10
-502.0881027801184
 20
44.03959555083985
 30
0.0
 10
-501.488248644156
 20
44.03959555083984
 30
0.0
 10
-501.1517292648613
 20
44.08944854847575
 30
0.0
 10
-500.7762185224086
 20
44.55254650588061
 30
0.0
 10
-500.804259044191
 20
44.88673786638848
 30
0.0
 10
-500.8042590441909
 20
45.48566813126495
 30
0.0
 10
-500.8042590441909
 20
46.08459839614142
 30
0.0
 10
-500.8042590441909
 20
46.68352866101788
 30
0.0
 10
-500.804259044191
 20
47.28245892589433
 30
0.0
 10
-500.7809488148355
 20
47.6147131445933
 30
0.0
 10
-501.1674149202666
 20
48.06718522604147
 30
0.0
 10
-501.4968133519472
 20
48.11032621293539
 30
0.0
 10
-502.0923851340142
 20
48.11032621293539
 30
0.0
 10
-502.3901710250474
 20
48.1103262129354
 30
0.0
 10
-502.6879569160808
 20
48.11032621293539
 30
0.0
  0
SPLINE
  5
109
330
1F
100
AcDbEntity
  8
1
  6
Continuous
 62
   253
370
    35
100
AcDbSpline
210
0.0
220
0.0
230
1.0
 70
     8
 71
     3
 72
    14
 73
    10
 74
     0
 42
0.000000001
 43
0.0000000001
 40
0.0
 40
0.0
 40
0.0
 40
0.0
 40
0.1705890965122074
 40
0.1705890965122074
 40
0.5068780805754155
 40
0.5068780805754155
 40
0.8360119798713235
 40
0.8360119798713235
 40
1.0
 40
1.0
 40
1.0
 40
1.0
 10
-462.3331201928492
 20
61.10203105132004
 30
0.0
 10
-462.6269186179632
 20
60.98560247213145
 30
0.0
 10
-462.8945460690721
 20
60.80896343961055
 30
0.0
 10
-463.6081556457813
 20
60.10322631928041
 30
0.0
 10
-463.8474419057987
 20
59.5335929573593
 30
0.0
 10
-463.8474419057987
 20
58.18674797451197
 30
0.0
 10
-463.6056461347769
 20
57.62449409905328
 30
0.0
 10
-462.8847611510811
 20
56.91187459134287
 30
0.0
 10
-462.6207572548216
 20
56.7342480845376
 30
0.0
 10
-462.3331201928498
 20
56.6159771590704
 30
0.0
  0
SPLINE
  5
10A
330
1F
100
AcDbEntity
  8
1
  6
Continuous
 62
   253
370
    35
100
AcDbSpline
210
0.0
220
0.0
230
1.0
 70
     8
 71
     3
 72
    12
 73
     8
 74
     0
 42
0.000000001
 43
0.0000000001
 40
0.0
 40
0.0
 40
0.0
 40
0.0
 40
0.1249999999999997
 40
0.1249999999999997
 40
0.2499999999999993
 40
0.4999999999999989
 40
1.0
 40
1.0
 40
1.0
 40
1.0
 10
-481.4466761533993
 20
60.87225147646139
 30
0.0
 10
-481.6967358541761
 20
60.53461131738293
 30
0.0
 10
-481.7022698607183
 20
60.07796078081958
 30
0.0
 10
-481.7022698607181
 20
59.23677897182576
 30
0.0
 10
-481.7022698607182
 20
57.97500625833503
 30
0.0
 10
-481.702269860718
 20
55.03086992685668
 30
0.0
 10
-481.7022698607183
 20
52.50732449987525
 30
0.0
 10
-481.7022698607182
 20
50.82496088188761
 30
0.0
  0
SPLINE
  5
10B
330
1F
100
AcDbEntity
  8
1
  6
Continuous
 62
   253
370
    35
100
AcDbSpline
210
0.0
220
0.0
230
1.0
 70
     8
 71
     3
 72
    18
 73
    14
 74
     0
 42
0.000000001
 43
0.0000000001
 40
0.0
 40
0.0
 40
0.0
 40
0.0
 40
0.125
 40
0.125
 40
0.25
 40
0.25
 40
0.375
 40
0.375
 40
0.5
 40
0.5
 40
0.75
 40
0.75
 40
1.0
 40
1.0
 40
1.0
 40
1.0
 10
-424.3092058356806
 20
73.17100183386016
 30
0.0
 10
-424.0120287580318
 20
72.89838625945164
 30
0.0
 10
-423.7613718515044
 20
72.57892981471166
 30
0.0
 10
-423.4287786744184
 20
71.84506853945587
 30
0.0
 10
-423.3583435771788
 20
71.4476689858501
 30
0.0
 10
-423.3784926372541
 20
70.64655517222943
 30
0.0
 10
-423.4647214921711
 20
70.24438469278759
 30
0.0
 10
-423.8140443236117
 20
69.53191659285996
 30
0.0
 10
-424.0784967196954
 20
69.21674558067201
 30
0.0
 10
-425.008860354598
 20
68.46320727384256
 30
0.0
 10
-425.8311821954215
 20
68.25738512107989
 30
0.0
 10
-427.4222021480343
 20
68.28659112431822
 30
0.0
 10
-428.2265667396233
 20
68.53895045132242
 30
0.0
 10
-428.8250975938823
 20
69.07736547022381
 30
0.0
  0
SPLINE
  5
10C
330
1F
100
AcDbEntity
  8
1
  6
Continuous
 62
   253
370
    35
100
AcDbSpline
210
0.0
220
0.0
230
1.0
 70
     8
 71
     3
 72
    12
 73
     8
 74
     0
 42
0.000000001
 43
0.0000000001
 40
0.0
 40
0.0
 40
0.0
 40
0.0
 40
0.4999999999999786
 40
0.4999999999999786
 40
0.7499999999999893
 40
0.7499999999999893
 40
1.0
 40
1.0
 40
1.0
 40
1.0
 10
-481.4529022117385
 20
48.92496088188761
 30
0.0
 10
-480.9102476997729
 20
48.92496088188761
 30
0.0
 10
-480.3535190019682
 20
48.87623051073814
 30
0.0
 10
-479.6315155975915
 20
48.50502359607123
 30
0.0
 10
-479.4152728338281
 20
48.31736181409311
 30
0.0
 10
-479.1491966912573
 20
47.84471705691654
 30
0.0
 10
-479.097220026862
 20
47.5693120116876
 30
0.0
 10
-479.097220026862
 20
47.29569154398318
 30
0.0
  0
SPLINE
  5
10D
330
1F
100
AcDbEntity
  8
1
  6
Continuous
 62
   253
370
    35
100
AcDbSpline
210
0.0
220
0.0
230
1.0
 70
     8
 71
     3
 72
    14
 73
    10
 74
     0
 42
0.000000001
 43
0.0000000001
 40
0.0
 40
0.0
 40
0.0
 40
0.0
 40
0.25
 40
0.25
 40
0.5
 40
0.5
 40
0.75
 40
0.75
 40
1.0
 40
1.0
 40
1.0
 40
1.0
 10
-502.2401586460461
 20
60.35425119063547
 30
0.0
 10
-502.6729860022122
 20
59.93953037378964
 30
0.0
 10
-502.9513552555997
 20
59.36775570709707
 30
0.0
 10
-502.9832774219509
 20
58.18053537591538
 30
0.0
 10
-502.7875173761976
 20
57.57356891842941
 30
0.0
 10
-501.9693445411228
 20
56.70617320361676
 30
0.0
 10
-501.3800842016161
 20
56.46005873201741
 30
0.0
 10
-500.198602913372
 20
56.39789082746182
 30
0.0
 10
-499.5942207112917
 20
56.54278879494039
 30
0.0
 10
-499.0836164926244
 20
56.84473039303684
 30
0.0
  0
SPLINE
  5
10E
330
1F
100
AcDbEntity
  8
1
  6
Continuous
 62
   253
370
    35
100
AcDbSpline
210
0.0
220
0.0
230
1.0
 70
     8
 71
     3
 72
    14
 73
    10
 74
     0
 42
0.000000001
 43
0.0000000001
 40
0.0
 40
0.0
 40
0.0
 40
0.0
 40
0.1600509221746015
 40
0.1600509221746015
 40
0.4930298140535816
 40
0.4930298140535816
 40
0.8332473774951459
 40
0.8332473774951459
 40
1.0
 40
1.0
 40
1.0
 40
1.0
 10
-460.4331201928475
 20
56.62969869795649
 30
0.0
 10
-460.1551423330832
 20
56.74812251325383
 30
0.0
 10
-459.900048824138
 20
56.92146165266328
 30
0.0
 10
-459.1839054339692
 20
57.62194201396309
 30
0.0
 10
-458.9446191739518
 20
58.18674797451197
 30
0.0
 10
-458.9446191739518
 20
59.5335929573593
 30
0.0
 10
-459.1839054339692
 20
60.10322631928041
 30
0.0
 10
-459.8894566463816
 20
60.80099397423487
 30
0.0
 10
-460.1484341052602
 20
60.9736784434476
 30
0.0
 10
-460.4331201928498
 20
61.09010606940568
 30
0.0
  0
SPLINE
  5
10F
330
1F
100
AcDbEntity
  8
1
  6
Continuous
 62
   253
370
    35
100
AcDbSpline
210
0.0
220
0.0
230
1.0
 70
     8
 71
     3
 72
    21
 73
    17
 74
     0
 42
0.000000001
 43
0.0000000001
 40
0.0
 40
0.0
 40
0.0
 40
0.0
 40
0.125
 40
0.125
 40
0.25
 40
0.25
 40
0.375
 40
0.375
 40
0.5
 40
0.625
 40
0.625
 40
0.75
 40
0.75
 40
0.875
 40
0.875
 40
1.0
 40
1.0
 40
1.0
 40
1.0
 10
-518.7424891910547
 20
43.22496088188761
 30
0.0
 10
-519.1141499684651
 20
43.22496088188761
 30
0.0
 10
-519.4826907711355
 20
43.25149233179842
 30
0.0
 10
-520.2043016397123
 20
43.43611433445162
 30
0.0
 10
-520.5573263289999
 20
43.6017054468684
 30
0.0
 10
-521.0302062324955
 20
44.18403374164939
 30
0.0
 10
-521.0981713759311
 20
44.56843467936403
 30
0.0
 10
-521.0981713759312
 20
45.31736926629363
 30
0.0
 10
-521.0981713759312
 20
46.06630385322321
 30
0.0
 10
-521.0981713759312
 20
46.8152384401528
 30
0.0
 10
-521.0981713759312
 20
47.5641730270824
 30
0.0
 10
-521.0324684359442
 20
47.95616016854326
 30
0.0
 10
-520.5705173280529
 20
48.5369849886118
 30
0.0
 10
-520.2131425630511
 20
48.71007121966439
 30
0.0
 10
-519.489690802291
 20
48.897643555976
 30
0.0
 10
-519.115182573529
 20
48.92496088188759
 30
0.0
 10
-518.7424891910547
 20
48.92496088188761
 30
0.0
  0
SPLINE
  5
110
330
1F
100
AcDbEntity
  8
1
  6
Continuous
 62
   253
370
    35
100
AcDbSpline
210
0.0
220
0.0
230
1.0
 70
     8
 71
     3
 72
    21
 73
    17
 74
     0
 42
0.000000001
 43
0.0000000001
 40
0.0
 40
0.0
 40
0.0
 40
0.0
 40
0.125
 40
0.125
 40
0.25
 40
0.25
 40
0.375
 40
0.375
 40
0.5
 40
0.625
 40
0.625
 40
0.75
 40
0.75
 40
0.875
 40
0.875
 40
1.0
 40
1.0
 40
1.0
 40
1.0
 10
-469.6759044140418
 20
48.92496088188761
 30
0.0
 10
-469.3018917438368
 20
48.92496088188761
 30
0.0
 10
-468.9268179291746
 20
48.8973337997484
 30
0.0
 10
-468.20539347883
 20
48.71024626847727
 30
0.0
 10
-467.8469202537017
 20
48.53768464116385
 30
0.0
 10
-467.3829855062664
 20
47.95141637377807
 30
0.0
 10
-467.3202222291657
 20
47.55827701740647
 30
0.0
 10
-467.3202222291657
 20
46.8099068286045
 30
0.0
 10
-467.3202222291655
 20
46.06153663980257
 30
0.0
 10
-467.3202222291654
 20
45.31316645100057
 30
0.0
 10
-467.3202222291656
 20
44.5647962621986
 30
0.0
 10
-467.3908206507533
 20
44.17910781706419
 30
0.0
 10
-467.8617671822751
 20
43.60167146025274
 30
0.0
 10
-468.2154009724094
 20
43.43549340359348
 30
0.0
 10
-468.9348599720491
 20
43.25168214601647
 30
0.0
 10
-469.3044184222088
 20
43.22496088188762
 30
0.0
 10
-469.6759044140418
 20
43.22496088188761
 30
0.0
  0
SPLINE
  5
111
330
1F
100
AcDbEntity
  8
1
  6
Continuous
 62
   253
370
    35
100
AcDbSpline
210
0.0
220
0.0
230
1.0
 70
     8
 71
     3
 72
    18
 73
    14
 74
     0
 42
0.000000001
 43
0.0000000001
 40
0.0
 40
0.0
 40
0.0
 40
0.0
 40
0.2499999999999895
 40
0.2499999999999895
 40
0.3749999999999835
 40
0.3749999999999835
 40
0.4999999999999774
 40
0.4999999999999774
 40
0.6249999999999714
 40
0.6249999999999714
 40
0.7499999999999654
 40
0.7499999999999654
 40
1.0
 40
1.0
 40
1.0
 40
1.0
 10
-524.3964090600953
 20
46.48227821636372
 30
0.0
 10
-523.8535933221784
 20
46.48227821636373
 30
0.0
 10
-523.2955869146379
 20
46.43307717017679
 30
0.0
 10
-522.5746622319018
 20
46.06202086382302
 30
0.0
 10
-522.3588823079199
 20
45.87484474433408
 30
0.0
 10
-522.0926385342963
 20
45.40193562035338
 30
0.0
 10
-522.0408902606624
 20
45.12667651843036
 30
0.0
 10
-522.0405642967464
 20
44.58203845934899
 30
0.0
 10
-522.0925917418914
 20
44.30529577550336
 30
0.0
 10
-522.356575331849
 20
43.83461524065968
 30
0.0
 10
-522.5702491490143
 20
43.64735282196464
 30
0.0
 10
-523.296475136442
 20
43.27255003533548
 30
0.0
 10
-523.8529639477944
 20
43.22496088188762
 30
0.0
 10
-524.3964090600953
 20
43.22496088188761
 30
0.0
  0
SPLINE
  5
112
330
1F
100
AcDbEntity
  8
1
  6
Continuous
 62
   253
370
    35
100
AcDbSpline
210
0.0
220
0.0
230
1.0
 70
     8
 71
     3
 72
    19
 73
    15
 74
     0
 42
0.000000001
 43
0.0000000001
 40
0.0
 40
0.0
 40
0.0
 40
0.0
 40
0.1250000000000001
 40
0.1250000000000001
 40
0.2500000000000001
 40
0.2500000000000001
 40
0.3750000000000002
 40
0.3750000000000002
 40
0.4999999999999993
 40
0.4999999999999993
 40
0.6249999999999996
 40
0.6249999999999996
 40
0.7499999999999997
 40
1.0
 40
1.0
 40
1.0
 40
1.0
 10
-479.5466761533993
 20
67.16385556914524
 30
0.0
 10
-478.7235392505119
 20
67.0830759534497
 30
0.0
 10
-477.9030002091865
 20
66.88411987609398
 30
0.0
 10
-476.3914666810305
 20
66.21210117366856
 30
0.0
 10
-475.6929164520789
 20
65.73325658473424
 30
0.0
 10
-474.5008492351137
 20
64.57627654218562
 30
0.0
 10
-474.0107250578299
 20
63.89677078211481
 30
0.0
 10
-473.3359346871535
 20
62.3785971856387
 30
0.0
 10
-473.1433214726432
 20
61.57112295501065
 30
0.0
 10
-472.9464958216145
 20
59.94627010488752
 30
0.0
 10
-472.9606845745487
 20
59.11488883862194
 30
0.0
 10
-472.9606845745487
 20
57.45690324727509
 30
0.0
 10
-472.9606845745487
 20
54.96992486025479
 30
0.0
 10
-472.9606845745487
 20
52.48294647323447
 30
0.0
 10
-472.9606845745487
 20
50.82496088188761
 30
0.0
  0
SPLINE
  5
113
330
1F
100
AcDbEntity
  8
1
  6
Continuous
 62
   253
370
    35
100
AcDbSpline
210
0.0
220
0.0
230
1.0
 70
     8
 71
     3
 72
    15
 73
    11
 74
     0
 42
0.000000001
 43
0.0000000001
 40
0.0
 40
0.0
 40
0.0
 40
0.0
 40
0.4999999999999991
 40
0.6249999999999993
 40
0.6249999999999993
 40
0.7499999999999996
 40
0.7499999999999996
 40
0.8749999999999998
 40
0.8749999999999998
 40
1.0
 40
1.0
 40
1.0
 40
1.0
 10
-498.1010154674464
 20
50.82496088188761
 30
0.0
 10
-498.1010154674465
 20
52.60074978252642
 30
0.0
 10
-498.1010154674464
 20
54.82048590832493
 30
0.0
 10
-498.1010154674464
 20
57.04022203412345
 30
0.0
 10
-498.1010154674464
 20
57.92811648444285
 30
0.0
 10
-498.0786905341537
 20
58.37525409078697
 30
0.0
 10
-498.1910147752817
 20
59.24845560091414
 30
0.0
 10
-498.3265124846785
 20
59.68022542854497
 30
0.0
 10
-498.8186740280683
 20
60.41919255943267
 30
0.0
 10
-499.1698826022422
 20
60.71829221029845
 30
0.0
 10
-499.5793734089739
 20
60.8801337166229
 30
0.0
  0
SPLINE
  5
114
330
1F
100
AcDbEntity
  8
1
  6
Continuous
 62
   253
370
    35
100
AcDbSpline
210
0.0
220
0.0
230
1.0
 70
     8
 71
     3
 72
    32
 73
    28
 74
     0
 42
0.000000001
 43
0.0000000001
 40
0.0
 40
0.0
 40
0.0
 40
0.0
 40
0.0466278531054769
 40
0.0466278531054769
 40
0.1076951814699273
 40
0.1076951814699273
 40
0.1477503178847132
 40
0.1477503178847132
 40
0.1944989349657987
 40
0.1944989349657987
 40
0.2405148956238743
 40
0.2405148956238743
 40
0.3266387529457377
 40
0.3266387529457377
 40
0.430904298483028
 40
0.430904298483028
 40
0.7233568705611335
 40
0.7233568705611335
 40
0.7866394056015557
 40
0.7866394056015557
 40
0.8262896645711728
 40
0.8262896645711728
 40
0.8721516241688646
 40
0.8721516241688646
 40
0.9173530209213523
 40
0.9173530209213523
 40
1.0
 40
1.0
 40
1.0
 40
1.0
 10
-469.6759044140418
 20
44.03959555083984
 30
0.0
 10
-469.5934714665945
 20
44.03959555083984
 30
0.0
 10
-469.510753245838
 20
44.04417392136126
 30
0.0
 10
-469.3229742819445
 20
44.07070319480401
 30
0.0
 10
-469.2165326149485
 20
44.09790708670636
 30
0.0
 10
-469.0565202882664
 20
44.17535751679436
 30
0.0
 10
-468.9963843902982
 20
44.21546666693787
 30
0.0
 10
-468.8862717234061
 20
44.32075705051219
 30
0.0
 10
-468.8382851644499
 20
44.39081967435217
 30
0.0
 10
-468.7724641073679
 20
44.53974086019097
 30
0.0
 10
-468.752682037513
 20
44.62009671629077
 30
0.0
 10
-468.7233865850772
 20
44.85146480906513
 30
0.0
 10
-468.7333489147542
 20
45.00476611407954
 30
0.0
 10
-468.7333489147542
 20
45.34123619543562
 30
0.0
 10
-468.7333489147541
 20
45.52551865540926
 30
0.0
 10
-468.7333489147541
 20
46.22669170594617
 30
0.0
 10
-468.7333489147541
 20
46.74358229650944
 30
0.0
 10
-468.7333489147542
 20
47.37157701992715
 30
0.0
 10
-468.7405494408312
 20
47.48492700184334
 30
0.0
 10
-468.791323340793
 20
47.65864466898697
 30
0.0
 10
-468.8202237159342
 20
47.72402975473148
 30
0.0
 10
-468.9033868881538
 20
47.84905219516627
 30
0.0
 10
-468.9624508065909
 20
47.90776615261107
 30
0.0
 10
-469.0947260261637
 20
47.99751980303674
 30
0.0
 10
-469.169049217377
 20
48.03060468371139
 30
0.0
 10
-469.3835006589114
 20
48.09667935447916
 30
0.0
 10
-469.5310818106759
 20
48.11032621293539
 30
0.0
 10
-469.6759044140418
 20
48.11032621293539
 30
0.0
  0
SPLINE
  5
115
330
1F
100
AcDbEntity
  8
1
  6
Continuous
 62
   253
370
    35
100
AcDbSpline
210
0.0
220
0.0
230
1.0
 70
     8
 71
     3
 72
    12
 73
     8
 74
     0
 42
0.000000001
 43
0.0000000001
 40
0.0
 40
0.0
 40
0.0
 40
0.0
 40
0.4999999999999563
 40
0.4999999999999563
 40
0.7499999999999781
 40
0.7499999999999781
 40
1.0
 40
1.0
 40
1.0
 40
1.0
 10
-524.8669802463962
 20
43.22496088188761
 30
0.0
 10
-525.4104320880516
 20
43.22496088188761
 30
0.0
 10
-525.9669074247806
 20
43.2727135907859
 30
0.0
 10
-526.6930572258942
 20
43.64768639247671
 30
0.0
 10
-526.9067067272692
 20
43.83494471466918
 30
0.0
 10
-527.1707668123414
 20
44.30557067203844
 30
0.0
 10
-527.2226624312726
 20
44.58005160863044
 30
0.0
 10
-527.2226624312727
 20
44.85300887845928
 30
0.0
  0
SPLINE
  5
116
330
1F
100
AcDbEntity
  8
1
  6
Continuous
 62
   253
370
    35
100
AcDbSpline
210
0.0
220
0.0
230
1.0
 70
     8
 71
     3
 72
    22
 73
    18
 74
     0
 42
0.000000001
 43
0.0000000001
 40
0.0
 40
0.0
 40
0.0
 40
0.0
 40
0.0462251656644612
 40
0.0462251656644612
 40
0.1769309774617549
 40
0.1769309774617549
 40
0.3098200898595865
 40
0.3098200898595865
 40
0.4038502830415473
 40
0.4038502830415473
 40
0.4752376778024398
 40
0.4752376778024398
 40
0.6271389795115495
 40
0.6271389795115495
 40
0.9109450620407714
 40
0.9109450620407714
 40
1.0
 40
1.0
 40
1.0
 40
1.0
 10
-481.4529022117385
 20
44.03959555083984
 30
0.0
 10
-481.4183305272165
 20
44.03959555083984
 30
0.0
 10
-481.3837453732926
 20
44.04041270978747
 30
0.0
 10
-481.2519467007323
 20
44.04722764178428
 30
0.0
 10
-481.1542677418356
 20
44.05984419333012
 30
0.0
 10
-480.9651645351373
 20
44.11027559606178
 30
0.0
 10
-480.8715434439005
 20
44.14965464520562
 30
0.0
 10
-480.7347887646499
 20
44.24762840110456
 30
0.0
 10
-480.6839274842796
 20
44.29847958037311
 30
0.0
 10
-480.6132213556244
 20
44.39957966905168
 30
0.0
 10
-480.5882240424297
 20
44.44771702211925
 30
0.0
 10
-480.5286175528402
 20
44.6024905037357
 30
0.0
 10
-480.5124473538274
 20
44.71731010208109
 30
0.0
 10
-480.5069404458915
 20
45.04226866077559
 30
0.0
 10
-480.5103467124508
 20
45.25490269161316
 30
0.0
 10
-480.5103467124508
 20
45.53421866983282
 30
0.0
 10
-480.5103467124508
 20
45.60093110862216
 30
0.0
 10
-480.5103467124508
 20
45.66764354741151
 30
0.0
  0
SPLINE
  5
117
330
1F
100
AcDbEntity
  8
1
  6
Continuous
 62
   253
370
    35
100
AcDbSpline
210
0.0
220
0.0
230
1.0
 70
     8
 71
     3
 72
    21
 73
    17
 74
     0
 42
0.000000001
 43
0.0000000001
 40
0.0
 40
0.0
 40
0.0
 40
0.0
 40
0.125
 40
0.125
 40
0.25
 40
0.25
 40
0.375
 40
0.375
 40
0.5
 40
0.625
 40
0.625
 40
0.75
 40
0.75
 40
0.875
 40
0.875
 40
1.0
 40
1.0
 40
1.0
 40
1.0
 10
-470.1464756003429
 20
43.22496088188761
 30
0.0
 10
-470.5181363777533
 20
43.22496088188761
 30
0.0
 10
-470.8866771804239
 20
43.25149233179845
 30
0.0
 10
-471.608288049001
 20
43.43611433445174
 30
0.0
 10
-471.9613127382885
 20
43.60170544686861
 30
0.0
 10
-472.4341926417841
 20
44.18403374164991
 30
0.0
 10
-472.5021577852193
 20
44.56843467936491
 30
0.0
 10
-472.5021577852193
 20
45.31736926629473
 30
0.0
 10
-472.5021577852192
 20
46.06630385322455
 30
0.0
 10
-472.5021577852195
 20
46.81523844015435
 30
0.0
 10
-472.5021577852195
 20
47.56417302708417
 30
0.0
 10
-472.4364548452322
 20
47.9561601685441
 30
0.0
 10
-471.9745037373399
 20
48.53698498861291
 30
0.0
 10
-471.6171289723388
 20
48.71007121966458
 30
0.0
 10
-470.8936772115781
 20
48.89764355597617
 30
0.0
 10
-470.5191689828168
 20
48.9249608818876
 30
0.0
 10
-470.1464756003429
 20
48.92496088188761
 30
0.0
  0
SPLINE
  5
118
330
1F
100
AcDbEntity
  8
1
  6
Continuous
 62
   253
370
    35
100
AcDbSpline
210
0.0
220
0.0
230
1.0
 70
     8
 71
     3
 72
    24
 73
    20
 74
     0
 42
0.000000001
 43
0.0000000001
 40
0.0
 40
0.0
 40
0.0
 40
0.0
 40
0.1250000000000007
 40
0.1250000000000007
 40
0.2500000000000014
 40
0.2500000000000014
 40
0.3750000000000021
 40
0.3750000000000021
 40
0.5000000000000028
 40
0.5000000000000028
 40
0.6250000000000036
 40
0.6250000000000036
 40
0.7500000000000043
 40
0.7500000000000043
 40
0.8750000000000051
 40
0.8750000000000051
 40
0.9375000000000026
 40
0.9375000000000026
 40
1.0
 40
1.0
 40
1.0
 40
1.0
 10
-440.4411605015976
 20
67.14100467850929
 30
0.0
 10
-439.2816252870455
 20
67.03072414204831
 30
0.0
 10
-438.1508501079512
 20
66.72030064135052
 30
0.0
 10
-436.1027566291089
 20
65.67088293831337
 30
0.0
 10
-435.1794124855572
 20
64.93883181614777
 30
0.0
 10
-433.6549461483316
 20
63.175238234431
 30
0.0
 10
-433.0922246219322
 20
62.14181593156243
 30
0.0
 10
-432.4935878413552
 20
59.91519965146009
 30
0.0
 10
-432.4366193875857
 20
58.7324253868761
 30
0.0
 10
-432.7814696147724
 20
56.45632830669604
 30
0.0
 10
-433.2186977843955
 20
55.35627325627587
 30
0.0
 10
-434.5273982648226
 20
53.44211108027407
 30
0.0
 10
-435.3632823014071
 20
52.61875213395695
 30
0.0
 10
-437.276800580373
 20
51.3085510208641
 30
0.0
 10
-438.3655944534974
 20
50.85583724799106
 30
0.0
 10
-440.0544601560031
 20
50.53696205232644
 30
0.0
 10
-440.6206124418503
 20
50.48804211059816
 30
0.0
 10
-441.7582594630379
 20
50.48607364935172
 30
0.0
 10
-442.3302952033419
 20
50.54273358198013
 30
0.0
 10
-442.9022573587389
 20
50.59807301739362
 30
0.0
  0
SPLINE
  5
119
330
1F
100
AcDbEntity
  8
1
  6
Continuous
 62
   253
370
    35
100
AcDbSpline
210
0.0
220
0.0
230
1.0
 70
     8
 71
     3
 72
    14
 73
    10
 74
     0
 42
0.000000001
 43
0.0000000001
 40
0.0
 40
0.0
 40
0.0
 40
0.0
 40
0.25
 40
0.25
 40
0.5
 40
0.5
 40
0.75
 40
0.75
 40
1.0
 40
1.0
 40
1.0
 40
1.0
 10
-524.8669802463962
 20
48.11032621293539
 30
0.0
 10
-525.1039804462911
 20
48.11032621293538
 30
0.0
 10
-525.3568309987601
 20
48.07406341041027
 30
0.0
 10
-525.7317564380993
 20
47.78713023643799
 30
0.0
 10
-525.8095151132003
 20
47.5351636352957
 30
0.0
 10
-525.8095563677264
 20
47.05646177170964
 30
0.0
 10
-525.7329135936056
 20
46.80553488842484
 30
0.0
 10
-525.3537867549101
 20
46.51678693575545
 30
0.0
 10
-525.1023827855762
 20
46.48227821636373
 30
0.0
 10
-524.8669802463962
 20
46.48227821636372
 30
0.0
  0
SPLINE
  5
11A
330
1F
100
AcDbEntity
  8
1
  6
Continuous
 62
   253
370
    35
100
AcDbSpline
210
0.0
220
0.0
230
1.0
 70
     8
 71
     3
 72
    18
 73
    14
 74
     0
 42
0.000000001
 43
0.0000000001
 40
0.0
 40
0.0
 40
0.0
 40
0.0
 40
0.1961669796841985
 40
0.1961669796841985
 40
0.3543023191715086
 40
0.3543023191715086
 40
0.4729424140484697
 40
0.4729424140484697
 40
0.6570277786764666
 40
0.6570277786764666
 40
0.9279545594899026
 40
0.9279545594899026
 40
1.0
 40
1.0
 40
1.0
 40
1.0
 10
-523.4538535608074
 20
47.29569154398318
 30
0.0
 10
-523.4538535608074
 20
47.38872150194959
 30
0.0
 10
-523.4630007623872
 20
47.48292222609582
 30
0.0
 10
-523.5063377209459
 20
47.64536292686171
 30
0.0
 10
-523.5361814003112
 20
47.71637504675437
 30
0.0
 10
-523.6084678182518
 20
47.8264480471443
 30
0.0
 10
-523.6464974902952
 20
47.86981308186176
 30
0.0
 10
-523.7551840518447
 20
47.96374902638117
 30
0.0
 10
-523.8340040755928
 20
48.00694474837695
 30
0.0
 10
-524.0358064291568
 20
48.08158325200456
 30
0.0
 10
-524.1654888293353
 20
48.10119202766006
 30
0.0
 10
-524.3277171239099
 20
48.10951997284636
 30
0.0
 10
-524.3620696804949
 20
48.11032621293539
 30
0.0
 10
-524.3964090600953
 20
48.11032621293539
 30
0.0
  0
SPLINE
  5
11B
330
1F
100
AcDbEntity
  8
1
  6
Continuous
 62
   253
370
    35
100
AcDbSpline
210
0.0
220
0.0
230
1.0
 70
     8
 71
     3
 72
    19
 73
    15
 74
     0
 42
0.000000001
 43
0.0000000001
 40
0.0
 40
0.0
 40
0.0
 40
0.0
 40
0.125
 40
0.125
 40
0.25
 40
0.25
 40
0.375
 40
0.375
 40
0.5
 40
0.5
 40
0.625
 40
0.625
 40
0.75
 40
1.0
 40
1.0
 40
1.0
 40
1.0
 10
-499.5793734089738
 20
67.15299364460047
 30
0.0
 10
-498.7066542175067
 20
67.08789089474384
 30
0.0
 10
-497.8423216833799
 20
66.93227637988065
 30
0.0
 10
-496.1917034774047
 20
66.37225999879817
 30
0.0
 10
-495.410576182617
 20
65.96510228355362
 30
0.0
 10
-494.0356995572233
 20
64.89987474426816
 30
0.0
 10
-493.4410210435623
 20
64.24842934288445
 30
0.0
 10
-492.5222134223687
 20
62.77292404814723
 30
0.0
 10
-492.2015796222828
 20
61.95081108672216
 30
0.0
 10
-491.814635839877
 20
60.26277241644006
 30
0.0
 10
-491.7522927814513
 20
59.40900345783093
 30
0.0
 10
-491.7522927814512
 20
57.69219494264229
 30
0.0
 10
-491.752292781451
 20
55.11698216985928
 30
0.0
 10
-491.7522927814512
 20
52.54176939707627
 30
0.0
 10
-491.7522927814512
 20
50.82496088188761
 30
0.0
  0
SPLINE
  5
11C
330
1F
100
AcDbEntity
  8
1
  6
Continuous
 62
   253
370
    35
100
AcDbSpline
210
0.0
220
0.0
230
1.0
 70
     8
 71
     3
 72
     8
 73
     4
 74
     0
 42
0.000000001
 43
0.0000000001
 40
0.0
 40
0.0
 40
0.0
 40
0.0
 40
1.0
 40
1.0
 40
1.0
 40
1.0
 10
-439.6744384470142
 20
60.58596645650167
 30
0.0
 10
-439.8987124040806
 20
60.78975930783807
 30
0.0
 10
-440.1601717428284
 20
60.95910412635335
 30
0.0
 10
-440.4411605015978
 20
61.07139211836952
 30
0.0
  0
SPLINE
  5
11D
330
1F
100
AcDbEntity
  8
1
  6
Continuous
 62
   253
370
    35
100
AcDbSpline
210
0.0
220
0.0
230
1.0
 70
     8
 71
     3
 72
    21
 73
    17
 74
     0
 42
0.000000001
 43
0.0000000001
 40
0.0
 40
0.0
 40
0.0
 40
0.0
 40
0.125
 40
0.125
 40
0.25
 40
0.25
 40
0.375
 40
0.375
 40
0.5
 40
0.625
 40
0.625
 40
0.75
 40
0.75
 40
0.875
 40
0.875
 40
1.0
 40
1.0
 40
1.0
 40
1.0
 10
-518.2719180047536
 20
48.92496088188761
 30
0.0
 10
-517.8979053345487
 20
48.92496088188761
 30
0.0
 10
-517.5228315198863
 20
48.89733379974843
 30
0.0
 10
-516.8014070695415
 20
48.71024626847724
 30
0.0
 10
-516.4429338444131
 20
48.53768464116369
 30
0.0
 10
-515.9789990969779
 20
47.95141637377768
 30
0.0
 10
-515.9162358198771
 20
47.5582770174062
 30
0.0
 10
-515.9162358198771
 20
46.8099068286042
 30
0.0
 10
-515.9162358198771
 20
46.06153663980221
 30
0.0
 10
-515.9162358198771
 20
45.31316645100021
 30
0.0
 10
-515.9162358198771
 20
44.56479626219822
 30
0.0
 10
-515.9868342414652
 20
44.17910781706324
 30
0.0
 10
-516.4577807729866
 20
43.60167146025289
 30
0.0
 10
-516.8114145631214
 20
43.43549340359336
 30
0.0
 10
-517.5308735627607
 20
43.25168214601655
 30
0.0
 10
-517.9004320129208
 20
43.22496088188762
 30
0.0
 10
-518.2719180047536
 20
43.22496088188761
 30
0.0
  0
SPLINE
  5
11E
330
1F
100
AcDbEntity
  8
1
  6
Continuous
 62
   253
370
    35
100
AcDbSpline
210
0.0
220
0.0
230
1.0
 70
     8
 71
     3
 72
    12
 73
     8
 74
     0
 42
0.000000001
 43
0.0000000001
 40
0.0
 40
0.0
 40
0.0
 40
0.0
 40
0.4999999999999972
 40
0.4999999999999972
 40
0.7499999999999987
 40
0.7499999999999987
 40
1.0
 40
1.0
 40
1.0
 40
1.0
 10
-439.6489824619059
 20
57.32264312888589
 30
0.0
 10
-439.2132525247704
 20
57.75375929733833
 30
0.0
 10
-438.9465191158963
 20
58.34696075418832
 30
0.0
 10
-438.9463364263966
 20
59.27170005286595
 30
0.0
 10
-439.0071943161735
 20
59.57911013004851
 30
0.0
 10
-439.2599772906578
 20
60.13202959307199
 30
0.0
 10
-439.4514918511545
 20
60.37902204899476
 30
0.0
 10
-439.6744384470142
 20
60.58596645650167
 30
0.0
  0
SPLINE
  5
11F
330
1F
100
AcDbEntity
  8
1
  6
Continuous
 62
   253
370
    35
100
AcDbSpline
210
0.0
220
0.0
230
1.0
 70
     8
 71
     3
 72
    14
 73
    10
 74
     0
 42
0.000000001
 43
0.0000000001
 40
0.0
 40
0.0
 40
0.0
 40
0.0
 40
0.25
 40
0.25
 40
0.5
 40
0.5
 40
0.75
 40
0.75
 40
1.0
 40
1.0
 40
1.0
 40
1.0
 10
-479.097220026862
 20
46.48227821636372
 30
0.0
 10
-479.097220026862
 20
46.07294137277334
 30
0.0
 10
-479.0972200268621
 20
45.66360452918296
 30
0.0
 10
-479.0972200268619
 20
44.84493084200219
 30
0.0
 10
-479.0843505184036
 20
44.41523556622046
 30
0.0
 10
-479.4861320858988
 20
43.70993997361803
 30
0.0
 10
-479.8618250824769
 20
43.4862729173608
 30
0.0
 10
-480.6448841470063
 20
43.25520421365008
 30
0.0
 10
-481.0470138268877
 20
43.22496088188761
 30
0.0
 10
-481.4529022117385
 20
43.22496088188761
 30
0.0
  0
SPLINE
  5
120
330
1F
100
AcDbEntity
  8
1
  6
Continuous
 62
   253
370
    35
100
AcDbSpline
210
0.0
220
0.0
230
1.0
 70
     8
 71
     3
 72
    22
 73
    18
 74
     0
 42
0.000000001
 43
0.0000000001
 40
0.0
 40
0.0
 40
0.0
 40
0.0
 40
0.1249999999999997
 40
0.1249999999999997
 40
0.2499999999999994
 40
0.2499999999999994
 40
0.3749999999999992
 40
0.3749999999999992
 40
0.4999999999999989
 40
0.4999999999999989
 40
0.6249999999999987
 40
0.6249999999999987
 40
0.7499999999999983
 40
0.7499999999999983
 40
0.8749999999999991
 40
0.8749999999999991
 40
1.0
 40
1.0
 40
1.0
 40
1.0
 10
-499.0836164926244
 20
50.61738262288247
 30
0.0
 10
-500.2292603527382
 20
50.42568555466385
 30
0.0
 10
-501.3945078219572
 20
50.45376480522897
 30
0.0
 10
-503.6676189494323
 20
50.88648346960419
 30
0.0
 10
-504.7551345799567
 20
51.31303147444727
 30
0.0
 10
-506.6846278514906
 20
52.59223229161959
 30
0.0
 10
-507.5286723578166
 20
53.42279285507558
 30
0.0
 10
-508.7863449432666
 20
55.34617531035485
 30
0.0
 10
-509.1871775237315
 20
56.46618860916798
 30
0.0
 10
-509.4915711053287
 20
58.75168100318239
 30
0.0
 10
-509.4382879508244
 20
59.93202072530445
 30
0.0
 10
-508.828826037794
 20
62.16784452421109
 30
0.0
 10
-508.2599539849259
 20
63.20246937106786
 30
0.0
 10
-506.7405381996385
 20
64.96084580206346
 30
0.0
 10
-505.8159456307896
 20
65.69989912470943
 30
0.0
 10
-503.7723130564636
 20
66.74914109382917
 30
0.0
 10
-502.6291867578533
 20
67.05698727584719
 30
0.0
 10
-501.4793734089739
 20
67.15347061419821
 30
0.0
  0
SPLINE
  5
121
330
1F
100
AcDbEntity
  8
1
  6
Continuous
 62
   253
370
    35
100
AcDbSpline
210
0.0
220
0.0
230
1.0
 70
     8
 71
     3
 72
    14
 73
    10
 74
     0
 42
0.000000001
 43
0.0000000001
 40
0.0
 40
0.0
 40
0.0
 40
0.0
 40
0.2314398101749464
 40
0.2314398101749464
 40
0.4972929942900776
 40
0.4972929942900776
 40
0.7681517822902214
 40
0.7681517822902214
 40
1.0
 40
1.0
 40
1.0
 40
1.0
 10
-462.3331201928498
 20
50.54329271532175
 30
0.0
 10
-464.3855894944893
 20
50.72840015003571
 30
0.0
 10
-466.1704033940104
 20
51.52919120135614
 30
0.0
 10
-469.4273938415249
 20
54.59033395221351
 30
0.0
 10
-470.2979885322267
 20
56.56474111344851
 30
0.0
 10
-470.2979885322267
 20
61.22318343763375
 30
0.0
 10
-469.427323713403
 20
63.19751441418714
 30
0.0
 10
-466.1958507644777
 20
66.17222106089253
 30
0.0
 10
-464.4125442744366
 20
66.95696172593247
 30
0.0
 10
-462.3331201928499
 20
67.15751066568393
 30
0.0
  0
SPLINE
  5
122
330
1F
100
AcDbEntity
  8
1
  6
Continuous
 62
   253
370
    35
100
AcDbSpline
210
0.0
220
0.0
230
1.0
 70
     8
 71
     3
 72
    18
 73
    14
 74
     0
 42
0.000000001
 43
0.0000000001
 40
0.0
 40
0.0
 40
0.0
 40
0.0
 40
0.1973739596730815
 40
0.1973739596730815
 40
0.3553815460330739
 40
0.3553815460330739
 40
0.4728581651336298
 40
0.4728581651336298
 40
0.6577159294945101
 40
0.6577159294945101
 40
0.9296943778045819
 40
0.9296943778045819
 40
1.0
 40
1.0
 40
1.0
 40
1.0
 10
-525.8095357456839
 20
44.85300887845928
 30
0.0
 10
-525.8095357456839
 20
44.75950777642016
 30
0.0
 10
-525.8002021723345
 20
44.66479805330505
 30
0.0
 10
-525.756185925805
 20
44.50219145032823
 30
0.0
 10
-525.7260689617991
 20
44.43143467450489
 30
0.0
 10
-525.6536942542248
 20
44.32229470813602
 30
0.0
 10
-525.6159520804707
 20
44.27951945350992
 30
0.0
 10
-525.5073992547706
 20
44.18590992687513
 30
0.0
 10
-525.428275821307
 20
44.14266583558023
 30
0.0
 10
-525.2257816538806
 20
44.06801591899212
 30
0.0
 10
-525.0957020203156
 20
44.04847506439885
 30
0.0
 10
-524.9339512606783
 20
44.04036551310324
 30
0.0
 10
-524.9004596533321
 20
44.03959555083984
 30
0.0
 10
-524.8669802463962
 20
44.03959555083984
 30
0.0
  0
SPLINE
  5
123
330
1F
100
AcDbEntity
  8
1
  6
Continuous
 62
   253
370
    35
100
AcDbSpline
210
0.0
220
0.0
230
1.0
 70
     8
 71
     3
 72
    18
 73
    14
 74
     0
 42
0.000000001
 43
0.0000000001
 40
0.0
 40
0.0
 40
0.0
 40
0.0
 40
0.1689806839889904
 40
0.1689806839889904
 40
0.320757400812597
 40
0.320757400812597
 40
0.473725097103957
 40
0.473725097103957
 40
0.648646566053502
 40
0.648646566053502
 40
0.8670491869200345
 40
0.8670491869200345
 40
1.0
 40
1.0
 40
1.0
 40
1.0
 10
-480.5103467124508
 20
47.29569154398318
 30
0.0
 10
-480.5103467124508
 20
47.37578624681796
 30
0.0
 10
-480.5171187967346
 20
47.45654301749259
 30
0.0
 10
-480.5496897445609
 20
47.60526590562174
 30
0.0
 10
-480.574080689846
 20
47.67479017992158
 30
0.0
 10
-480.644095345272
 20
47.80131103946242
 30
0.0
 10
-480.6909958302291
 20
47.8594461703394
 30
0.0
 10
-480.808436673323
 20
47.96094829133653
 30
0.0
 10
-480.8827552151419
 20
48.00269848555183
 30
0.0
 10
-481.0566088718402
 20
48.06988719755726
 30
0.0
 10
-481.1600580368379
 20
48.09057020501533
 30
0.0
 10
-481.3261276756652
 20
48.10760364258985
 30
0.0
 10
-481.3895691483518
 20
48.11032621293539
 30
0.0
 10
-481.4529022117385
 20
48.11032621293539
 30
0.0
  0
SPLINE
  5
124
330
1F
100
AcDbEntity
  8
1
  6
Continuous
 62
   253
370
    35
100
AcDbSpline
210
0.0
220
0.0
230
1.0
 70
     8
 71
     3
 72
    15
 73
    11
 74
     0
 42
0.000000001
 43
0.0000000001
 40
0.0
 40
0.0
 40
0.0
 40
0.0
 40
0.22926975405737
 40
0.22926975405737
 40
0.22926975405737
 40
0.4954668297051072
 40
0.4954668297051072
 40
0.7656033969586252
 40
0.7656033969586252
 40
1.0
 40
1.0
 40
1.0
 40
1.0
 10
-460.4331201928497
 20
67.17751521539796
 30
0.0
 10
-458.3756486797165
 20
67.01256736042616
 30
0.0
 10
-456.5863176299185
 20
66.20294541679016
 30
0.0
 10
-455.065127043456
 20
64.75201384072123
 30
0.0
 10
-453.3493936471606
 20
63.11552477554113
 30
0.0
 10
-452.4940725475237
 20
61.15559981842278
 30
0.0
 10
-452.4940725475237
 20
56.55508631070408
 30
0.0
 10
-453.3646672382255
 20
54.58067914946906
 30
0.0
 10
-456.6071720564917
 20
51.53323007413883
 30
0.0
 10
-458.3857323169892
 20
50.73167968217948
 30
0.0
 10
-460.4331201928499
 20
50.54436630978317
 30
0.0
  0
SPLINE
  5
125
330
1F
100
AcDbEntity
  8
1
  6
Continuous
 62
   253
370
    35
100
AcDbSpline
210
0.0
220
0.0
230
1.0
 70
     8
 71
     3
 72
    32
 73
    28
 74
     0
 42
0.000000001
 43
0.0000000001
 40
0.0
 40
0.0
 40
0.0
 40
0.0
 40
0.0466278531049464
 40
0.0466278531049464
 40
0.107695181469615
 40
0.107695181469615
 40
0.1477503178843139
 40
0.1477503178843139
 40
0.1944989349651226
 40
0.1944989349651226
 40
0.2405148956229409
 40
0.2405148956229409
 40
0.326638752945192
 40
0.326638752945192
 40
0.4309042984822443
 40
0.4309042984822443
 40
0.7233568705609854
 40
0.7233568705609854
 40
0.7866394056014558
 40
0.7866394056014558
 40
0.826289664571056
 40
0.826289664571056
 40
0.8721516241688008
 40
0.8721516241688008
 40
0.9173530209213472
 40
0.9173530209213472
 40
1.0
 40
1.0
 40
1.0
 40
1.0
 10
-518.2719180047536
 20
44.03959555083984
 30
0.0
 10
-518.1894850573071
 20
44.03959555083984
 30
0.0
 10
-518.1067668365515
 20
44.04417392136118
 30
0.0
 10
-517.9189878726586
 20
44.0707031948035
 30
0.0
 10
-517.8125462056621
 20
44.09790708670565
 30
0.0
 10
-517.6525338789795
 20
44.17535751679346
 30
0.0
 10
-517.5923979810115
 20
44.21546666693676
 30
0.0
 10
-517.4822853141193
 20
44.32075705051031
 30
0.0
 10
-517.4342987551632
 20
44.39081967434973
 30
0.0
 10
-517.3684776980808
 20
44.53974086018737
 30
0.0
 10
-517.3486956282254
 20
44.62009671628661
 30
0.0
 10
-517.3194001757886
 20
44.85146480906107
 30
0.0
 10
-517.3293625054658
 20
45.00476611407623
 30
0.0
 10
-517.3293625054658
 20
45.34123619543256
 30
0.0
 10
-517.3293625054658
 20
45.52551865540577
 30
0.0
 10
-517.3293625054658
 20
46.22669170594335
 30
0.0
 10
-517.3293625054658
 20
46.74358229650772
 30
0.0
 10
-517.3293625054658
 20
47.3715770199266
 30
0.0
 10
-517.3365630315427
 20
47.48492700184288
 30
0.0
 10
-517.3873369315045
 20
47.65864466898658
 30
0.0
 10
-517.4162373066456
 20
47.72402975473105
 30
0.0
 10
-517.4994004788653
 20
47.84905219516595
 30
0.0
 10
-517.5584643973024
 20
47.90776615261089
 30
0.0
 10
-517.6907396168752
 20
47.99751980303667
 30
0.0
 10
-517.7650628080886
 20
48.03060468371135
 30
0.0
 10
-517.9795142496232
 20
48.09667935447914
 30
0.0
 10
-518.1270954013877
 20
48.11032621293539
 30
0.0
 10
-518.2719180047536
 20
48.11032621293539
 30
0.0
  0
SPLINE
  5
126
330
1F
100
AcDbEntity
  8
1
  6
Continuous
 62
   253
370
    35
100
AcDbSpline
210
0.0
220
0.0
230
1.0
 70
     8
 71
     3
 72
    32
 73
    28
 74
     0
 42
0.000000001
 43
0.0000000001
 40
0.0
 40
0.0
 40
0.0
 40
0.0
 40
0.0453128795316958
 40
0.0453128795316958
 40
0.106854602410988
 40
0.106854602410988
 40
0.1468681061994729
 40
0.1468681061994729
 40
0.1931530646438622
 40
0.1931530646438622
 40
0.2387424357242008
 40
0.2387424357242008
 40
0.3258017898388336
 40
0.3258017898388336
 40
0.4297525662465436
 40
0.4297525662465436
 40
0.7231553944365713
 40
0.7231553944365713
 40
0.7863405597371309
 40
0.7863405597371309
 40
0.8260655997515864
 40
0.8260655997515864
 40
0.8719881253973042
 40
0.8719881253973042
 40
0.91725221629202
 40
0.91725221629202
 40
1.0
 40
1.0
 40
1.0
 40
1.0
 10
-518.7424891910547
 20
48.11032621293539
 30
0.0
 10
-518.8226244953842
 20
48.11032621293539
 30
0.0
 10
-518.9030180669525
 20
48.10597474171389
 30
0.0
 10
-519.0894768685356
 20
48.08044733652209
 30
0.0
 10
-519.19688534853
 20
48.05351609388223
 30
0.0
 10
-519.3579674118906
 20
47.97643824357045
 30
0.0
 10
-519.4182668862464
 20
47.93671034069578
 30
0.0
 10
-519.5284850587811
 20
47.83271057431789
 30
0.0
 10
-519.5766524460792
 20
47.76380403953658
 30
0.0
 10
-519.643366842745
 20
47.61691557799432
 30
0.0
 10
-519.6637974390146
 20
47.53747896848023
 30
0.0
 10
-519.695351822253
 20
47.305527298279
 30
0.0
 10
-519.6850446903422
 20
47.15045400730843
 30
0.0
 10
-519.6850446903422
 20
46.81299407292652
 30
0.0
 10
-519.6850446903422
 20
46.62932159837964
 30
0.0
 10
-519.6850446903422
 20
45.92723045150505
 30
0.0
 10
-519.6850446903425
 20
45.40881177917736
 30
0.0
 10
-519.6850446903425
 20
44.77947667287654
 30
0.0
 10
-519.6781174204111
 20
44.66631338135041
 30
0.0
 10
-519.6275972200094
 20
44.49259478425629
 30
0.0
 10
-519.5987161809732
 20
44.42706578000697
 30
0.0
 10
-519.5155615265354
 20
44.30178486254353
 30
0.0
 10
-519.4564957328326
 20
44.24294034597575
 30
0.0
 10
-519.3241723208549
 20
44.15292264184299
 30
0.0
 10
-519.2497990559982
 20
44.11970584356004
 30
0.0
 10
-519.0351890767416
 20
44.05334613349147
 30
0.0
 10
-518.8874520802362
 20
44.03959555083984
 30
0.0
 10
-518.7424891910547
 20
44.03959555083984
 30
0.0
  0
SPLINE
  5
127
330
1F
100
AcDbEntity
  8
1
  6
Continuous
 62
   253
370
    35
100
AcDbSpline
210
0.0
220
0.0
230
1.0
 70
     8
 71
     3
 72
    32
 73
    28
 74
     0
 42
0.000000001
 43
0.0000000001
 40
0.0
 40
0.0
 40
0.0
 40
0.0
 40
0.0453128795316207
 40
0.0453128795316207
 40
0.106854602410933
 40
0.106854602410933
 40
0.1468681061994636
 40
0.1468681061994636
 40
0.1931530646438298
 40
0.1931530646438298
 40
0.2387424357241232
 40
0.2387424357241232
 40
0.3258017898387868
 40
0.3258017898387868
 40
0.4297525662464865
 40
0.4297525662464865
 40
0.7231553944366236
 40
0.7231553944366236
 40
0.7863405597371549
 40
0.7863405597371549
 40
0.8260655997516102
 40
0.8260655997516102
 40
0.87198812539735
 40
0.87198812539735
 40
0.9172522162920492
 40
0.9172522162920492
 40
1.0
 40
1.0
 40
1.0
 40
1.0
 10
-490.440387932083
 20
48.11032621293539
 30
0.0
 10
-490.5205232364124
 20
48.11032621293539
 30
0.0
 10
-490.6009168079805
 20
48.10597474171391
 30
0.0
 10
-490.7873756095635
 20
48.0804473365222
 30
0.0
 10
-490.8947840895581
 20
48.05351609388242
 30
0.0
 10
-491.0558661529188
 20
47.97643824357066
 30
0.0
 10
-491.1161656272746
 20
47.93671034069583
 30
0.0
 10
-491.2263837998092
 20
47.83271057431789
 30
0.0
 10
-491.2745511871075
 20
47.76380403953678
 30
0.0
 10
-491.3412655837734
 20
47.61691557799467
 30
0.0
 10
-491.3616961800428
 20
47.53747896848059
 30
0.0
 10
-491.3932505632812
 20
47.30552729827942
 30
0.0
 10
-491.3829434313705
 20
47.15045400730881
 30
0.0
 10
-491.3829434313705
 20
46.8129940729269
 30
0.0
 10
-491.3829434313706
 20
46.62932159838005
 30
0.0
 10
-491.3829434313706
 20
45.92723045150537
 30
0.0
 10
-491.3829434313706
 20
45.40881177917754
 30
0.0
 10
-491.3829434313706
 20
44.77947667287663
 30
0.0
 10
-491.3760161614395
 20
44.66631338135053
 30
0.0
 10
-491.3254959610377
 20
44.49259478425643
 30
0.0
 10
-491.2966149220018
 20
44.42706578000703
 30
0.0
 10
-491.213460267564
 20
44.30178486254354
 30
0.0
 10
-491.154394473861
 20
44.24294034597577
 30
0.0
 10
-491.0220710618833
 20
44.15292264184301
 30
0.0
 10
-490.9476977970265
 20
44.11970584356005
 30
0.0
 10
-490.73308781777
 20
44.05334613349148
 30
0.0
 10
-490.5853508212645
 20
44.03959555083984
 30
0.0
 10
-490.440387932083
 20
44.03959555083984
 30
0.0
  0
SPLINE
  5
128
330
1F
100
AcDbEntity
  8
1
  6
Continuous
 62
   253
370
    35
100
AcDbSpline
210
0.0
220
0.0
230
1.0
 70
     8
 71
     3
 72
    12
 73
     8
 74
     0
 42
0.000000001
 43
0.0000000001
 40
0.0
 40
0.0
 40
0.0
 40
0.0
 40
0.4999999999999989
 40
0.7499999999999994
 40
0.8749999999999997
 40
0.8749999999999997
 40
1.0
 40
1.0
 40
1.0
 40
1.0
 10
-479.3094072605436
 20
50.82496088188761
 30
0.0
 10
-479.3094072605437
 20
52.50136948960131
 30
0.0
 10
-479.3094072605435
 20
55.01598240117186
 30
0.0
 10
-479.3094072605436
 20
57.94969746467081
 30
0.0
 10
-479.3094072605439
 20
59.20700392045612
 30
0.0
 10
-479.3094072605438
 20
60.04520822431298
 30
0.0
 10
-479.3045492131226
 20
60.49250054982886
 30
0.0
 10
-479.5466761533993
 20
60.84163653559246
 30
0.0
  0
SPLINE
  5
129
330
1F
100
AcDbEntity
  8
1
  6
Continuous
 62
   253
370
    35
100
AcDbSpline
210
0.0
220
0.0
230
1.0
 70
     8
 71
     3
 72
    15
 73
    11
 74
     0
 42
0.000000001
 43
0.0000000001
 40
0.0
 40
0.0
 40
0.0
 40
0.0
 40
0.0624999999999982
 40
0.0624999999999982
 40
0.1249999999999964
 40
0.1249999999999964
 40
0.249999999999997
 40
0.249999999999997
 40
0.499999999999998
 40
1.0
 40
1.0
 40
1.0
 40
1.0
 10
-442.3411605015974
 20
61.11213648548612
 30
0.0
 10
-442.6747075294352
 20
60.99660518941293
 30
0.0
 10
-442.9738682975239
 20
60.79430866785574
 30
0.0
 10
-443.4232356310879
 20
60.25971735466413
 30
0.0
 10
-443.5753838073105
 20
59.93614114353213
 30
0.0
 10
-443.8773764974326
 20
58.92621948942389
 30
0.0
 10
-443.8695847928522
 20
58.21657947078408
 30
0.0
 10
-443.8695847928522
 20
56.11194963761807
 30
0.0
 10
-443.8695847928521
 20
51.90268997128604
 30
0.0
 10
-443.869584792852
 20
47.69343030495401
 30
0.0
 10
-443.8695847928521
 20
44.887257194066
 30
0.0
  0
SPLINE
  5
12A
330
1F
100
AcDbEntity
  8
1
  6
Continuous
 62
   253
370
    35
100
AcDbSpline
210
0.0
220
0.0
230
1.0
 70
     8
 71
     3
 72
    22
 73
    18
 74
     0
 42
0.000000001
 43
0.0000000001
 40
0.0
 40
0.0
 40
0.0
 40
0.0
 40
0.125
 40
0.125
 40
0.25
 40
0.25
 40
0.375
 40
0.375
 40
0.5
 40
0.5
 40
0.625
 40
0.625
 40
0.75
 40
0.75
 40
0.875
 40
0.875
 40
1.0
 40
1.0
 40
1.0
 40
1.0
 10
-464.4925557313023
 20
46.48227821636372
 30
0.0
 10
-464.294474571733
 20
46.48227821636373
 30
0.0
 10
-464.0963934121639
 20
46.48227821636372
 30
0.0
 10
-463.7002310930253
 20
46.48227821636371
 30
0.0
 10
-463.5003780864503
 20
46.47073099107385
 30
0.0
 10
-463.1088535445667
 20
46.52605206232205
 30
0.0
 10
-462.9092841962257
 20
46.60048945271223
 30
0.0
 10
-462.6526101857697
 20
46.8973175142956
 30
0.0
 10
-462.6078397719461
 20
47.10600507999297
 30
0.0
 10
-462.6099147350305
 20
47.50014746907819
 30
0.0
 10
-462.6562255282839
 20
47.70586876727434
 30
0.0
 10
-462.9243191398299
 20
48.00217248157993
 30
0.0
 10
-463.1228330321675
 20
48.07031825502936
 30
0.0
 10
-463.5132850091646
 20
48.12177174017083
 30
0.0
 10
-463.7093444538434
 20
48.11032621293541
 30
0.0
 10
-464.100950092573
 20
48.11032621293541
 30
0.0
 10
-464.2967529119376
 20
48.11032621293539
 30
0.0
 10
-464.4925557313023
 20
48.11032621293539
 30
0.0
  0
SPLINE
  5
12B
330
1F
100
AcDbEntity
  8
1
  6
Continuous
 62
   253
370
    35
100
AcDbSpline
210
0.0
220
0.0
230
1.0
 70
     8
 71
     3
 72
    19
 73
    15
 74
     0
 42
0.000000001
 43
0.0000000001
 40
0.0
 40
0.0
 40
0.0
 40
0.0
 40
0.2499999999999999
 40
0.3750000000000004
 40
0.3750000000000004
 40
0.5000000000000009
 40
0.5000000000000009
 40
0.6250000000000013
 40
0.6250000000000013
 40
0.7500000000000009
 40
0.7500000000000009
 40
0.8750000000000003
 40
0.8750000000000003
 40
1.0
 40
1.0
 40
1.0
 40
1.0
 10
-488.0509925467132
 20
50.82496088188761
 30
0.0
 10
-488.0509925467131
 20
52.4837209627168
 30
0.0
 10
-488.0509925467129
 20
54.97186108396054
 30
0.0
 10
-488.0509925467134
 20
57.46000120520434
 30
0.0
 10
-488.0509925467132
 20
59.11876128603352
 30
0.0
 10
-488.0904686592239
 20
59.95429732478969
 30
0.0
 10
-487.895992080891
 20
61.58273026807781
 30
0.0
 10
-487.6622072230199
 20
62.39231051656893
 30
0.0
 10
-486.9260190567508
 20
63.85386675020771
 30
0.0
 10
-486.4176442579686
 20
64.52182337132682
 30
0.0
 10
-485.2379215422196
 20
65.66645130858566
 30
0.0
 10
-484.5521131750464
 20
66.15512689953748
 30
0.0
 10
-483.0741077409463
 20
66.85229769457688
 30
0.0
 10
-482.2641850549226
 20
67.06986369154909
 30
0.0
 10
-481.4466761533993
 20
67.15874085584035
 30
0.0
  0
SPLINE
  5
12C
330
1F
100
AcDbEntity
  8
1
  6
Continuous
 62
   253
370
    35
100
AcDbSpline
210
0.0
220
0.0
230
1.0
 70
     8
 71
     3
 72
    18
 73
    14
 74
     0
 42
0.000000001
 43
0.0000000001
 40
0.0
 40
0.0
 40
0.0
 40
0.0
 40
0.2500000000000236
 40
0.2500000000000236
 40
0.375000000000012
 40
0.375000000000012
 40
0.5000000000000004
 40
0.5000000000000004
 40
0.6249999999999889
 40
0.6249999999999889
 40
0.7499999999999774
 40
0.7499999999999774
 40
1.0
 40
1.0
 40
1.0
 40
1.0
 10
-524.8669802463962
 20
45.66764354741151
 30
0.0
 10
-525.4103880739164
 20
45.6676435474115
 30
0.0
 10
-525.9668143036331
 20
45.71539272065874
 30
0.0
 10
-526.6929273512892
 20
46.09027972548008
 30
0.0
 10
-526.9065851531825
 20
46.27749616784885
 30
0.0
 10
-527.1706958842663
 20
46.7480415216563
 30
0.0
 10
-527.2228262456573
 20
47.02474743866517
 30
0.0
 10
-527.2224977989429
 20
47.56934870270283
 30
0.0
 10
-527.1706453882078
 20
47.84456842413201
 30
0.0
 10
-526.9042630622763
 20
48.31734595604934
 30
0.0
 10
-526.6884909496044
 20
48.50447600545905
 30
0.0
 10
-525.9676791856467
 20
48.87560314362012
 30
0.0
 10
-525.4097512247349
 20
48.92496088188761
 30
0.0
 10
-524.8669802463962
 20
48.92496088188761
 30
0.0
  0
SPLINE
  5
12D
330
1F
100
AcDbEntity
  8
1
  6
Continuous
 62
   253
370
    35
100
AcDbSpline
210
0.0
220
0.0
230
1.0
 70
     8
 71
     3
 72
    20
 73
    16
 74
     0
 42
0.000000001
 43
0.0000000001
 40
0.0
 40
0.0
 40
0.0
 40
0.0
 40
0.2500000000000003
 40
0.2500000000000003
 40
0.3750000000000002
 40
0.3750000000000002
 40
0.5000000000000002
 40
0.5000000000000002
 40
0.6250000000000002
 40
0.6250000000000002
 40
0.7500000000000001
 40
0.7500000000000001
 40
0.875
 40
0.875
 40
1.0
 40
1.0
 40
1.0
 40
1.0
 10
-464.4925557313023
 20
48.92496088188761
 30
0.0
 10
-463.9194619059302
 20
48.92496088188761
 30
0.0
 10
-463.3422383422356
 20
48.95760986390606
 30
0.0
 10
-462.4980287384498
 20
48.82942393603096
 30
0.0
 10
-462.2153050982711
 20
48.75624613284282
 30
0.0
 10
-461.708438467517
 20
48.49213925229854
 30
0.0
 10
-461.4842010234246
 20
48.28746541967621
 30
0.0
 10
-461.2253888990442
 20
47.77757933636052
 30
0.0
 10
-461.1845767375221
 20
47.48302789858091
 30
0.0
 10
-461.2115133259031
 20
46.90735287461809
 30
0.0
 10
-461.2917370585229
 20
46.61846759725442
 30
0.0
 10
-461.6277487358292
 20
46.15690364307157
 30
0.0
 10
-461.8752135425705
 20
45.99219473064061
 30
0.0
 10
-462.4073232251406
 20
45.77975219785704
 30
0.0
 10
-462.6915906423519
 20
45.72502537555686
 30
0.0
 10
-462.9762707976654
 20
45.69573439806503
 30
0.0
  0
SPLINE
  5
12E
330
1F
100
AcDbEntity
  8
1
  6
Continuous
 62
   253
370
    35
100
AcDbSpline
210
0.0
220
0.0
230
1.0
 70
     8
 71
     3
 72
     8
 73
     4
 74
     0
 42
0.000000001
 43
0.0000000001
 40
0.0
 40
0.0
 40
0.0
 40
0.0
 40
1.0
 40
1.0
 40
1.0
 40
1.0
 10
-501.4793734089737
 20
60.85585210460724
 30
0.0
 10
-501.7596070330912
 20
60.73812013794821
 30
0.0
 10
-502.0182479975882
 20
60.56247194732079
 30
0.0
 10
-502.2401586460461
 20
60.35425119063547
 30
0.0
  0
SPLINE
  5
12F
330
1F
100
AcDbEntity
  8
1
  6
Continuous
 62
   253
370
    35
100
AcDbSpline
210
0.0
220
0.0
230
1.0
 70
     8
 71
     3
 72
    21
 73
    17
 74
     0
 42
0.000000001
 43
0.0000000001
 40
0.0
 40
0.0
 40
0.0
 40
0.0
 40
0.125
 40
0.125
 40
0.25
 40
0.25
 40
0.375
 40
0.375
 40
0.5
 40
0.625
 40
0.625
 40
0.75
 40
0.75
 40
0.875
 40
0.875
 40
1.0
 40
1.0
 40
1.0
 40
1.0
 10
-481.9234733980396
 20
43.22496088188761
 30
0.0
 10
-482.2954456098206
 20
43.22496088188762
 30
0.0
 10
-482.6702746564196
 20
43.25268492829916
 30
0.0
 10
-483.3860517206699
 20
43.43681131835221
 30
0.0
 10
-483.743733978727
 20
43.60745765241936
 30
0.0
 10
-484.20829204732
 20
44.18139605576651
 30
0.0
 10
-484.2791555829161
 20
44.57098058779735
 30
0.0
 10
-484.2791555829162
 20
45.32064877635301
 30
0.0
 10
-484.279155582916
 20
46.07031696490864
 30
0.0
 10
-484.279155582916
 20
46.8199851534643
 30
0.0
 10
-484.279155582916
 20
47.56965334201995
 30
0.0
 10
-484.2118662772778
 20
47.96015644060942
 30
0.0
 10
-483.7477672699886
 20
48.53965537091945
 30
0.0
 10
-483.3891725349998
 20
48.71183749582035
 30
0.0
 10
-482.6685684460109
 20
48.89770321504299
 30
0.0
 10
-482.2936660852733
 20
48.92496088188761
 30
0.0
 10
-481.9234733980395
 20
48.92496088188761
 30
0.0
  0
SPLINE
  5
130
330
1F
100
AcDbEntity
  8
1
  6
Continuous
 62
   253
370
    35
100
AcDbSpline
210
0.0
220
0.0
230
1.0
 70
     8
 71
     3
 72
    32
 73
    28
 74
     0
 42
0.000000001
 43
0.0000000001
 40
0.0
 40
0.0
 40
0.0
 40
0.0
 40
0.0827168129273263
 40
0.0827168129273263
 40
0.1279761626879046
 40
0.1279761626879046
 40
0.1738925997894784
 40
0.1738925997894784
 40
0.2136243907217954
 40
0.2136243907217954
 40
0.2769478984684799
 40
0.2769478984684799
 40
0.5706179515726829
 40
0.5706179515726829
 40
0.6744391826788536
 40
0.6744391826788536
 40
0.761476349417896
 40
0.761476349417896
 40
0.8069574684484325
 40
0.8069574684484325
 40
0.8531268374059766
 40
0.8531268374059766
 40
0.8930983171465812
 40
0.8930983171465812
 40
0.9546667094203839
 40
0.9546667094203839
 40
1.0
 40
1.0
 40
1.0
 40
1.0
 10
-481.9234733980396
 20
48.11032621293539
 30
0.0
 10
-482.0683790924726
 20
48.11032621293539
 30
0.0
 10
-482.2160583878497
 20
48.0965873260226
 30
0.0
 10
-482.4306043419063
 20
48.0302496501346
 30
0.0
 10
-482.5049672771864
 20
47.99703286306412
 30
0.0
 10
-482.6372633920092
 20
47.90701442362865
 30
0.0
 10
-482.6963109841946
 20
47.84817175053496
 30
0.0
 10
-482.7794694368796
 20
47.7228938808567
 30
0.0
 10
-482.808363507818
 20
47.65736178600768
 30
0.0
 10
-482.8590158605103
 20
47.48342171846593
 30
0.0
 10
-482.8660288973275
 20
47.37001664414635
 30
0.0
 10
-482.8660288973275
 20
46.73997244001858
 30
0.0
 10
-482.8660288973273
 20
46.22108301045686
 30
0.0
 10
-482.8660288973273
 20
45.5187504997378
 30
0.0
 10
-482.8660288973274
 20
45.33530741858045
 30
0.0
 10
-482.8660288973274
 20
44.99811691461369
 30
0.0
 10
-482.8763765556754
 20
44.84307167874393
 30
0.0
 10
-482.8447013100557
 20
44.61136704488057
 30
0.0
 10
-482.8242438735221
 20
44.53213267359367
 30
0.0
 10
-482.7575482497406
 20
44.38565738549045
 30
0.0
 10
-482.7094405979112
 20
44.31696764912654
 30
0.0
 10
-482.5993764801314
 20
44.21319270992615
 30
0.0
 10
-482.5391341978109
 20
44.17351809637029
 30
0.0
 10
-482.378074957228
 20
44.09644455803765
 30
0.0
 10
-482.2706195087187
 20
44.06949694954697
 30
0.0
 10
-482.0840768343124
 20
44.04395116940766
 30
0.0
 10
-482.003645884334
 20
44.03959555083984
 30
0.0
 10
-481.9234733980396
 20
44.03959555083984
 30
0.0
  0
SPLINE
  5
131
330
1F
100
AcDbEntity
  8
1
  6
Continuous
 62
   253
370
    35
100
AcDbSpline
210
0.0
220
0.0
230
1.0
 70
     8
 71
     3
 72
    14
 73
    10
 74
     0
 42
0.000000001
 43
0.0000000001
 40
0.0
 40
0.0
 40
0.0
 40
0.0
 40
0.25
 40
0.25
 40
0.5
 40
0.5
 40
0.75
 40
0.75
 40
1.0
 40
1.0
 40
1.0
 40
1.0
 10
-524.3964090600953
 20
44.03959555083984
 30
0.0
 10
-524.1609566735756
 20
44.03959555083984
 30
0.0
 10
-523.9095163533492
 20
44.07382391121622
 30
0.0
 10
-523.5301761451709
 20
44.36257227797076
 30
0.0
 10
-523.4538369780851
 20
44.61369962084061
 30
0.0
 10
-523.4538701503079
 20
45.09251381751378
 30
0.0
 10
-523.531325679342
 20
45.34469536649527
 30
0.0
 10
-523.9063925369791
 20
45.6316279503362
 30
0.0
 10
-524.1593966548231
 20
45.66764354741151
 30
0.0
 10
-524.3964090600953
 20
45.66764354741151
 30
0.0
  0
SPLINE
  5
132
330
1F
100
AcDbEntity
  8
1
  6
Continuous
 62
   253
370
    35
100
AcDbSpline
210
0.0
220
0.0
230
1.0
 70
     8
 71
     3
 72
    18
 73
    14
 74
     0
 42
0.000000001
 43
0.0000000001
 40
0.0
 40
0.0
 40
0.0
 40
0.0
 40
0.1249999999999967
 40
0.1249999999999967
 40
0.2499999999999933
 40
0.2499999999999933
 40
0.37499999999999
 40
0.37499999999999
 40
0.4999999999999867
 40
0.4999999999999867
 40
0.7499999999999933
 40
0.7499999999999933
 40
1.0
 40
1.0
 40
1.0
 40
1.0
 10
-428.8250975938823
 20
69.07736547022381
 30
0.0
 10
-429.1223854763384
 20
69.34479405759352
 30
0.0
 10
-429.3642299219323
 20
69.67489589287683
 30
0.0
 10
-429.6628280063907
 20
70.40487709140986
 30
0.0
 10
-429.7250673228702
 20
70.80819123063574
 30
0.0
 10
-429.7052592044226
 20
71.60362651784558
 30
0.0
 10
-429.6081646286749
 20
71.99616262163448
 30
0.0
 10
-429.2364319450546
 20
72.70389415080017
 30
0.0
 10
-428.9726269463927
 20
73.00799869082928
 30
0.0
 10
-428.0532105731966
 20
73.78042905204575
 30
0.0
 10
-427.2650000167049
 20
74.04511886237897
 30
0.0
 10
-425.6673343594861
 20
74.01402413156957
 30
0.0
 10
-424.8965319148525
 20
73.70525817660854
 30
0.0
 10
-424.3092058356806
 20
73.17100183386016
 30
0.0
  0
ENDSEC
  0
SECTION
  2
OBJECTS
  0
DICTIONARY
  5
C
330
0
100
AcDbDictionary
281
     1
  3
ACAD_DETAILVIEWSTYLE
350
18F
  3
ACAD_GROUP
350
D
  3
ACAD_LAYOUT
350
1A
  3
ACAD_MATERIAL
350
43
  3
ACAD_MLEADERSTYLE
350
6B
  3
ACAD_MLINESTYLE
350
17
  3
ACAD_PLOTSETTINGS
350
19
  3
ACAD_PLOTSTYLENAME
350
E
  3
ACAD_SCALELIST
350
47
  3
ACAD_SECTIONVIEWSTYLE
350
190
  3
ACAD_TABLESTYLE
350
69
  3
ACAD_VISUALSTYLE
350
2A
  3
ACDB_RECOMPOSE_DATA
350
18C
  3
AcDbVariableDictionary
350
14C
  0
DICTIONARY
  5
14A
330
8
100
AcDbDictionary
280
     1
281
     1
  3
ACAD_XREC_ROUNDTRIP
360
14B
  0
DICTIONARY
  5
18F
102
{ACAD_REACTORS
330
C
102
}
330
C
100
AcDbDictionary
281
     1
  0
DICTIONARY
  5
D
102
{ACAD_REACTORS
330
C
102
}
330
C
100
AcDbDictionary
281
     1
  0
DICTIONARY
  5
1A
102
{ACAD_REACTORS
330
C
102
}
330
C
100
AcDbDictionary
281
     1
  3
Layout1
350
1E
  3
Layout2
350
26
  3
Model
350
22
  0
DICTIONARY
  5
43
102
{ACAD_REACTORS
330
C
102
}
330
C
100
AcDbDictionary
281
     1
  3
ByBlock
350
45
  3
ByLayer
350
44
  3
Global
350
46
  0
DICTIONARY
  5
6B
102
{ACAD_REACTORS
330
C
102
}
330
C
100
AcDbDictionary
281
     1
  3
Standard
350
6C
  0
DICTIONARY
  5
17
102
{ACAD_REACTORS
330
C
102
}
330
C
100
AcDbDictionary
281
     1
  3
Standard
350
18
  0
DICTIONARY
  5
19
102
{ACAD_REACTORS
330
C
102
}
330
C
100
AcDbDictionary
281
     1
  0
ACDBDICTIONARYWDFLT
  5
E
102
{ACAD_REACTORS
330
C
102
}
330
C
100
AcDbDictionary
281
     1
  3
Normal
350
F
100
AcDbDictionaryWithDefault
340
F
  0
DICTIONARY
  5
47
102
{ACAD_REACTORS
330
C
102
}
330
C
100
AcDbDictionary
281
     1
  3
A0
350
48
  3
A1
350
49
  3
A2
350
4A
  3
A3
350
4B
  3
A4
350
4C
  3
A5
350
4D
  3
A6
350
4E
  3
A7
350
4F
  3
A8
350
50
  3
A9
350
51
  3
B0
350
52
  3
B1
350
53
  3
B2
350
54
  3
B3
350
55
  3
B4
350
56
  3
B5
350
57
  3
B6
350
58
  3
B7
350
59
  3
B8
350
5A
  3
B9
350
5B
  3
C0
350
5C
  3
C1
350
5D
  3
C2
350
5E
  3
C3
350
5F
  3
C4
350
60
  3
C5
350
61
  3
C6
350
62
  3
C7
350
63
  3
C8
350
64
  3
C9
350
65
  3
D0
350
66
  3
D1
350
67
  3
D2
350
68
  0
DICTIONARY
  5
190
102
{ACAD_REACTORS
330
C
102
}
330
C
100
AcDbDictionary
281
     1
  0
DICTIONARY
  5
69
102
{ACAD_REACTORS
330
C
102
}
330
C
100
AcDbDictionary
281
     1
  3
Standard
350
6A
  0
DICTIONARY
  5
2A
102
{ACAD_REACTORS
330
C
102
}
330
C
100
AcDbDictionary
281
     1
  3
2dWireframe
350
2F
  3
Basic
350
32
  3
Brighten
350
36
  3
ColorChange
350
3A
  3
Conceptual
350
34
  3
Dim
350
35
  3
EdgeColorOff
350
3D
  3
Facepattern
350
39
  3
Flat
350
2B
  3
FlatWithEdges
350
2C
  3
Gouraud
350
2D
  3
GouraudWithEdges
350
2E
  3
Hidden
350
31
  3
JitterOff
350
3B
  3
Linepattern
350
38
  3
OverhangOff
350
3C
  3
Realistic
350
33
  3
Shaded
350
42
  3
Shaded with edges
350
41
  3
Shades of Gray
350
3E
  3
Sketchy
350
3F
  3
Thicken
350
37
  3
Wireframe
350
30
  3
X-Ray
350
40
  0
XRECORD
  5
18C
102
{ACAD_REACTORS
330
C
102
}
330
C
100
AcDbXrecord
280
     1
 90
        1
330
6A
  0
DICTIONARY
  5
14C
102
{ACAD_REACTORS
330
C
102
}
330
C
100
AcDbDictionary
281
     1
  3
CANNOSCALE
350
14D
  3
CMLEADERSTYLE
350
18E
  3
CTABLESTYLE
350
18D
  3
MSLTSCALE
350
14E
  3
XCLIPFRAME
350
14F
  0
XRECORD
  5
14B
102
{ACAD_REACTORS
330
14A
102
}
330
14A
100
AcDbXrecord
280
     1
102
VTR_0.000_0.000_1.000_1.000_VISUALSTYLE
340
2F
102
VTR_0.000_0.000_1.000_1.000_GRIDDISPLAY
 70
     3
102
VTR_0.000_0.000_1.000_1.000_GRIDMAJOR
 70
     5
102
VTR_0.000_0.000_1.000_1.000_DEFAULTLIGHTING
280
     1
102
VTR_0.000_0.000_1.000_1.000_DEFAULTLIGHTINGTYPE
 70
     1
102
VTR_0.000_0.000_1.000_1.000_BRIGHTNESS
141
0.0
102
VTR_0.000_0.000_1.000_1.000_CONTRAST
142
0.0
102
VTR_0.000_0.000_0.500_1.000_VISUALSTYLE
340
2F
102
VTR_0.000_0.000_0.500_1.000_GRIDDISPLAY
 70
     3
102
VTR_0.000_0.000_0.500_1.000_GRIDMAJOR
 70
     5
102
VTR_0.000_0.000_0.500_1.000_DEFAULTLIGHTING
280
     1
102
VTR_0.000_0.000_0.500_1.000_DEFAULTLIGHTINGTYPE
 70
     1
102
VTR_0.000_0.000_0.500_1.000_BRIGHTNESS
141
0.0
102
VTR_0.000_0.000_0.500_1.000_CONTRAST
142
0.0
102
VTR_0.500_0.000_1.000_1.000_VISUALSTYLE
340
2F
102
VTR_0.500_0.000_1.000_1.000_GRIDDISPLAY
 70
     3
102
VTR_0.500_0.000_1.000_1.000_GRIDMAJOR
 70
     5
102
VTR_0.500_0.000_1.000_1.000_DEFAULTLIGHTING
280
     1
102
VTR_0.500_0.000_1.000_1.000_DEFAULTLIGHTINGTYPE
 70
     1
102
VTR_0.500_0.000_1.000_1.000_BRIGHTNESS
141
0.0
102
VTR_0.500_0.000_1.000_1.000_CONTRAST
142
0.0
102
VTR_0.000_0.500_1.000_1.000_VISUALSTYLE
340
2F
102
VTR_0.000_0.500_1.000_1.000_GRIDDISPLAY
 70
     3
102
VTR_0.000_0.500_1.000_1.000_GRIDMAJOR
 70
     5
102
VTR_0.000_0.500_1.000_1.000_DEFAULTLIGHTING
280
     1
102
VTR_0.000_0.500_1.000_1.000_DEFAULTLIGHTINGTYPE
 70
     1
102
VTR_0.000_0.500_1.000_1.000_BRIGHTNESS
141
0.0
102
VTR_0.000_0.500_1.000_1.000_CONTRAST
142
0.0
102
VTR_0.000_0.000_1.000_0.500_VISUALSTYLE
340
2F
102
VTR_0.000_0.000_1.000_0.500_GRIDDISPLAY
 70
     3
102
VTR_0.000_0.000_1.000_0.500_GRIDMAJOR
 70
     5
102
VTR_0.000_0.000_1.000_0.500_DEFAULTLIGHTING
280
     1
102
VTR_0.000_0.000_1.000_0.500_DEFAULTLIGHTINGTYPE
 70
     1
102
VTR_0.000_0.000_1.000_0.500_BRIGHTNESS
141
0.0
102
VTR_0.000_0.000_1.000_0.500_CONTRAST
142
0.0
102
VTR_0.000_0.500_0.500_1.000_VISUALSTYLE
340
2F
102
VTR_0.000_0.500_0.500_1.000_GRIDDISPLAY
 70
     3
102
VTR_0.000_0.500_0.500_1.000_GRIDMAJOR
 70
     5
102
VTR_0.000_0.500_0.500_1.000_DEFAULTLIGHTING
280
     1
102
VTR_0.000_0.500_0.500_1.000_DEFAULTLIGHTINGTYPE
 70
     1
102
VTR_0.000_0.500_0.500_1.000_BRIGHTNESS
141
0.0
102
VTR_0.000_0.500_0.500_1.000_CONTRAST
142
0.0
102
VTR_0.000_0.000_0.500_0.500_VISUALSTYLE
340
2F
102
VTR_0.000_0.000_0.500_0.500_GRIDDISPLAY
 70
     3
102
VTR_0.000_0.000_0.500_0.500_GRIDMAJOR
 70
     5
102
VTR_0.000_0.000_0.500_0.500_DEFAULTLIGHTING
280
     1
102
VTR_0.000_0.000_0.500_0.500_DEFAULTLIGHTINGTYPE
 70
     1
102
VTR_0.000_0.000_0.500_0.500_BRIGHTNESS
141
0.0
102
VTR_0.000_0.000_0.500_0.500_CONTRAST
142
0.0
102
VTR_0.500_0.000_1.000_0.500_VISUALSTYLE
340
2F
102
VTR_0.500_0.000_1.000_0.500_GRIDDISPLAY
 70
     3
102
VTR_0.500_0.000_1.000_0.500_GRIDMAJOR
 70
     5
102
VTR_0.500_0.000_1.000_0.500_DEFAULTLIGHTING
280
     1
102
VTR_0.500_0.000_1.000_0.500_DEFAULTLIGHTINGTYPE
 70
     1
102
VTR_0.500_0.000_1.000_0.500_BRIGHTNESS
141
0.0
102
VTR_0.500_0.000_1.000_0.500_CONTRAST
142
0.0
102
VTR_0.500_0.500_1.000_1.000_VISUALSTYLE
340
2F
102
VTR_0.500_0.500_1.000_1.000_GRIDDISPLAY
 70
     3
102
VTR_0.500_0.500_1.000_1.000_GRIDMAJOR
 70
     5
102
VTR_0.500_0.500_1.000_1.000_DEFAULTLIGHTING
280
     1
102
VTR_0.500_0.500_1.000_1.000_DEFAULTLIGHTINGTYPE
 70
     1
102
VTR_0.500_0.500_1.000_1.000_BRIGHTNESS
141
0.0
102
VTR_0.500_0.500_1.000_1.000_CONTRAST
142
0.0
102
VTR_0.000_0.500_0.333_1.000_VISUALSTYLE
340
2F
102
VTR_0.000_0.500_0.333_1.000_GRIDDISPLAY
 70
     3
102
VTR_0.000_0.500_0.333_1.000_GRIDMAJOR
 70
     5
102
VTR_0.000_0.500_0.333_1.000_DEFAULTLIGHTING
280
     1
102
VTR_0.000_0.500_0.333_1.000_DEFAULTLIGHTINGTYPE
 70
     1
102
VTR_0.000_0.500_0.333_1.000_BRIGHTNESS
141
0.0
102
VTR_0.000_0.500_0.333_1.000_CONTRAST
142
0.0
102
VTR_0.000_0.000_0.333_0.500_VISUALSTYLE
340
2F
102
VTR_0.000_0.000_0.333_0.500_GRIDDISPLAY
 70
     3
102
VTR_0.000_0.000_0.333_0.500_GRIDMAJOR
 70
     5
102
VTR_0.000_0.000_0.333_0.500_DEFAULTLIGHTING
280
     1
102
VTR_0.000_0.000_0.333_0.500_DEFAULTLIGHTINGTYPE
 70
     1
102
VTR_0.000_0.000_0.333_0.500_BRIGHTNESS
141
0.0
102
VTR_0.000_0.000_0.333_0.500_CONTRAST
142
0.0
102
VTR_0.333_0.500_0.667_1.000_VISUALSTYLE
340
2F
102
VTR_0.333_0.500_0.667_1.000_GRIDDISPLAY
 70
     3
102
VTR_0.333_0.500_0.667_1.000_GRIDMAJOR
 70
     5
102
VTR_0.333_0.500_0.667_1.000_DEFAULTLIGHTING
280
     1
102
VTR_0.333_0.500_0.667_1.000_DEFAULTLIGHTINGTYPE
 70
     1
102
VTR_0.333_0.500_0.667_1.000_BRIGHTNESS
141
0.0
102
VTR_0.333_0.500_0.667_1.000_CONTRAST
142
0.0
102
VTR_0.333_0.000_0.667_0.500_VISUALSTYLE
340
2F
102
VTR_0.333_0.000_0.667_0.500_GRIDDISPLAY
 70
     3
102
VTR_0.333_0.000_0.667_0.500_GRIDMAJOR
 70
     5
102
VTR_0.333_0.000_0.667_0.500_DEFAULTLIGHTING
280
     1
102
VTR_0.333_0.000_0.667_0.500_DEFAULTLIGHTINGTYPE
 70
     1
102
VTR_0.333_0.000_0.667_0.500_BRIGHTNESS
141
0.0
102
VTR_0.333_0.000_0.667_0.500_CONTRAST
142
0.0
102
VTR_0.667_0.500_1.000_1.000_VISUALSTYLE
340
2F
102
VTR_0.667_0.500_1.000_1.000_GRIDDISPLAY
 70
     3
102
VTR_0.667_0.500_1.000_1.000_GRIDMAJOR
 70
     5
102
VTR_0.667_0.500_1.000_1.000_DEFAULTLIGHTING
280
     1
102
VTR_0.667_0.500_1.000_1.000_DEFAULTLIGHTINGTYPE
 70
     1
102
VTR_0.667_0.500_1.000_1.000_BRIGHTNESS
141
0.0
102
VTR_0.667_0.500_1.000_1.000_CONTRAST
142
0.0
102
VTR_0.667_0.000_1.000_0.500_VISUALSTYLE
340
2F
102
VTR_0.667_0.000_1.000_0.500_GRIDDISPLAY
 70
     3
102
VTR_0.667_0.000_1.000_0.500_GRIDMAJOR
 70
     5
102
VTR_0.667_0.000_1.000_0.500_DEFAULTLIGHTING
280
     1
102
VTR_0.667_0.000_1.000_0.500_DEFAULTLIGHTINGTYPE
 70
     1
102
VTR_0.667_0.000_1.000_0.500_BRIGHTNESS
141
0.0
102
VTR_0.667_0.000_1.000_0.500_CONTRAST
142
0.0
  0
LAYOUT
  5
1E
102
{ACAD_REACTORS
330
1A
102
}
330
1A
100
AcDbPlotSettings
  1

  2
none_device
  4

  6

 40
0.0
 41
0.0
 42
0.0
 43
0.0
 44
0.0
 45
0.0
 46
0.0
 47
0.0
 48
0.0
 49
0.0
140
0.0
141
0.0
142
1.0
143
1.0
 70
   688
 72
     0
 73
     0
 74
     5
  7

 75
    16
 76
     0
 77
     2
 78
   300
147
1.0
148
0.0
149
0.0
100
AcDbLayout
  1
Layout1
 70
     1
 71
     1
 10
-0.5
 20
-0.5
 11
5.0
 21
5.0
 12
0.0
 22
0.0
 32
0.0
 14
-0.5
 24
-0.5
 34
-0.5
 15
5.0
 25
5.0
 35
5.0
146
0.0
 13
0.0
 23
0.0
 33
0.0
 16
1.0
 26
0.0
 36
0.0
 17
0.0
 27
1.0
 37
0.0
 76
     0
330
1B
  0
LAYOUT
  5
26
102
{ACAD_REACTORS
330
1A
102
}
330
1A
100
AcDbPlotSettings
  1

  2
none_device
  4

  6

 40
0.0
 41
0.0
 42
0.0
 43
0.0
 44
0.0
 45
0.0
 46
0.0
 47
0.0
 48
0.0
 49
0.0
140
0.0
141
0.0
142
1.0
143
1.0
 70
   688
 72
     0
 73
     0
 74
     5
  7

 75
    16
 76
     0
 77
     2
 78
   300
147
1.0
148
0.0
149
0.0
100
AcDbLayout
  1
Layout2
 70
     1
 71
     2
 10
0.0
 20
0.0
 11
0.0
 21
0.0
 12
0.0
 22
0.0
 32
0.0
 14
0.0
 24
0.0
 34
0.0
 15
0.0
 25
0.0
 35
0.0
146
0.0
 13
0.0
 23
0.0
 33
0.0
 16
1.0
 26
0.0
 36
0.0
 17
0.0
 27
1.0
 37
0.0
 76
     0
330
23
  0
LAYOUT
  5
22
102
{ACAD_REACTORS
330
1A
102
}
330
1A
100
AcDbPlotSettings
  1

  2
none_device
  4
Letter_(8.50_x_11.00_Inches)
  6

 40
6.35
 41
6.35
 42
6.350005
 43
6.350005
 44
215.9
 45
279.4
 46
0.0
 47
0.0
 48
0.0
 49
0.0
140
0.0
141
0.0
142
1.0
143
1.0
 70
  1712
 72
     0
 73
     0
 74
     0
  7

 75
     0
 76
     0
 77
     2
 78
   300
147
1.0
148
0.0
149
0.0
100
AcDbLayout
  1
Model
 70
     1
 71
     0
 10
-0.5
 20
-0.5
 11
5.0
 21
5.0
 12
0.0
 22
0.0
 32
0.0
 14
-0.5
 24
-0.5
 34
-0.5
 15
5.0
 25
5.0
 35
5.0
146
0.0
 13
0.0
 23
0.0
 33
0.0
 16
1.0
 26
0.0
 36
0.0
 17
0.0
 27
1.0
 37
0.0
 76
     0
330
1F
331
29
  0
MATERIAL
  5
45
102
{ACAD_REACTORS
330
43
102
}
102
{ACAD_XDICTIONARY
360
182
102
}
330
43
100
AcDbMaterial
  1
ByBlock
  0
MATERIAL
  5
44
102
{ACAD_REACTORS
330
43
102
}
102
{ACAD_XDICTIONARY
360
180
102
}
330
43
100
AcDbMaterial
  1
ByLayer
  0
MATERIAL
  5
46
102
{ACAD_REACTORS
330
43
102
}
102
{ACAD_XDICTIONARY
360
184
102
}
330
43
100
AcDbMaterial
  1
Global
  0
MLEADERSTYLE
  5
6C
102
{ACAD_REACTORS
330
6B
102
}
102
{ACAD_XDICTIONARY
360
18A
102
}
330
6B
100
AcDbMLeaderStyle
170
     2
171
     1
172
     0
 90
        2
 40
0.0
 41
0.0
173
     1
 91
-1056964608
340
14
 92
       -2
290
     1
 42
0.09
291
     1
 43
0.36
  3
Standard
341
0
 44
0.18
300

342
11
174
     1
178
     6
175
     1
176
     0
 93
-1056964608
 45
0.18
292
     0
297
     0
 46
0.18
343
0
 94
-1056964608
 47
1.0
 49
1.0
140
1.0
293
     1
141
0.0
294
     1
177
     0
142
1.0
295
     0
296
     0
143
0.125
1001
ACAD_MLEADERVER
1070
     2
  0
MLINESTYLE
  5
18
102
{ACAD_REACTORS
330
17
102
}
330
17
100
AcDbMlineStyle
  2
Standard
 70
     0
  3

 62
   256
 51
90.0
 52
90.0
 71
     2
 49
0.5
 62
   256
  6
BYLAYER
 49
-0.5
 62
   256
  6
BYLAYER
  0
ACDBPLACEHOLDER
  5
F
102
{ACAD_REACTORS
330
E
102
}
330
E
  0
SCALE
  5
48
102
{ACAD_REACTORS
330
47
102
}
330
47
100
AcDbScale
 70
     0
300
1:1
140
1.0
141
1.0
290
     1
  0
SCALE
  5
49
102
{ACAD_REACTORS
330
47
102
}
330
47
100
AcDbScale
 70
     0
300
1:2
140
1.0
141
2.0
290
     0
  0
SCALE
  5
4A
102
{ACAD_REACTORS
330
47
102
}
330
47
100
AcDbScale
 70
     0
300
1:4
140
1.0
141
4.0
290
     0
  0
SCALE
  5
4B
102
{ACAD_REACTORS
330
47
102
}
330
47
100
AcDbScale
 70
     0
300
1:5
140
1.0
141
5.0
290
     0
  0
SCALE
  5
4C
102
{ACAD_REACTORS
330
47
102
}
330
47
100
AcDbScale
 70
     0
300
1:8
140
1.0
141
8.0
290
     0
  0
SCALE
  5
4D
102
{ACAD_REACTORS
330
47
102
}
330
47
100
AcDbScale
 70
     0
300
1:10
140
1.0
141
10.0
290
     0
  0
SCALE
  5
4E
102
{ACAD_REACTORS
330
47
102
}
330
47
100
AcDbScale
 70
     0
300
1:16
140
1.0
141
16.0
290
     0
  0
SCALE
  5
4F
102
{ACAD_REACTORS
330
47
102
}
330
47
100
AcDbScale
 70
     0
300
1:20
140
1.0
141
20.0
290
     0
  0
SCALE
  5
50
102
{ACAD_REACTORS
330
47
102
}
330
47
100
AcDbScale
 70
     0
300
1:30
140
1.0
141
30.0
290
     0
  0
SCALE
  5
51
102
{ACAD_REACTORS
330
47
102
}
330
47
100
AcDbScale
 70
     0
300
1:40
140
1.0
141
40.0
290
     0
  0
SCALE
  5
52
102
{ACAD_REACTORS
330
47
102
}
330
47
100
AcDbScale
 70
     0
300
1:50
140
1.0
141
50.0
290
     0
  0
SCALE
  5
53
102
{ACAD_REACTORS
330
47
102
}
330
47
100
AcDbScale
 70
     0
300
1:100
140
1.0
141
100.0
290
     0
  0
SCALE
  5
54
102
{ACAD_REACTORS
330
47
102
}
330
47
100
AcDbScale
 70
     0
300
2:1
140
2.0
141
1.0
290
     0
  0
SCALE
  5
55
102
{ACAD_REACTORS
330
47
102
}
330
47
100
AcDbScale
 70
     0
300
4:1
140
4.0
141
1.0
290
     0
  0
SCALE
  5
56
102
{ACAD_REACTORS
330
47
102
}
330
47
100
AcDbScale
 70
     0
300
8:1
140
8.0
141
1.0
290
     0
  0
SCALE
  5
57
102
{ACAD_REACTORS
330
47
102
}
330
47
100
AcDbScale
 70
     0
300
10:1
140
10.0
141
1.0
290
     0
  0
SCALE
  5
58
102
{ACAD_REACTORS
330
47
102
}
330
47
100
AcDbScale
 70
     0
300
100:1
140
100.0
141
1.0
290
     0
  0
SCALE
  5
59
102
{ACAD_REACTORS
330
47
102
}
330
47
100
AcDbScale
 70
     0
300
1/128" = 1'-0"
140
0.007812
141
12.0
290
     0
  0
SCALE
  5
5A
102
{ACAD_REACTORS
330
47
102
}
330
47
100
AcDbScale
 70
     0
300
1/64" = 1'-0"
140
0.015625
141
12.0
290
     0
  0
SCALE
  5
5B
102
{ACAD_REACTORS
330
47
102
}
330
47
100
AcDbScale
 70
     0
300
1/32" = 1'-0"
140
0.03125
141
12.0
290
     0
  0
SCALE
  5
5C
102
{ACAD_REACTORS
330
47
102
}
330
47
100
AcDbScale
 70
     0
300
1/16" = 1'-0"
140
0.0625
141
12.0
290
     0
  0
SCALE
  5
5D
102
{ACAD_REACTORS
330
47
102
}
330
47
100
AcDbScale
 70
     0
300
3/32" = 1'-0"
140
0.09375
141
12.0
290
     0
  0
SCALE
  5
5E
102
{ACAD_REACTORS
330
47
102
}
330
47
100
AcDbScale
 70
     0
300
1/8" = 1'-0"
140
0.125
141
12.0
290
     0
  0
SCALE
  5
5F
102
{ACAD_REACTORS
330
47
102
}
330
47
100
AcDbScale
 70
     0
300
3/16" = 1'-0"
140
0.1875
141
12.0
290
     0
  0
SCALE
  5
60
102
{ACAD_REACTORS
330
47
102
}
330
47
100
AcDbScale
 70
     0
300
1/4" = 1'-0"
140
0.25
141
12.0
290
     0
  0
SCALE
  5
61
102
{ACAD_REACTORS
330
47
102
}
330
47
100
AcDbScale
 70
     0
300
3/8" = 1'-0"
140
0.375
141
12.0
290
     0
  0
SCALE
  5
62
102
{ACAD_REACTORS
330
47
102
}
330
47
100
AcDbScale
 70
     0
300
1/2" = 1'-0"
140
0.5
141
12.0
290
     0
  0
SCALE
  5
63
102
{ACAD_REACTORS
330
47
102
}
330
47
100
AcDbScale
 70
     0
300
3/4" = 1'-0"
140
0.75
141
12.0
290
     0
  0
SCALE
  5
64
102
{ACAD_REACTORS
330
47
102
}
330
47
100
AcDbScale
 70
     0
300
1" = 1'-0"
140
1.0
141
12.0
290
     0
  0
SCALE
  5
65
102
{ACAD_REACTORS
330
47
102
}
330
47
100
AcDbScale
 70
     0
300
1-1/2" = 1'-0"
140
1.5
141
12.0
290
     0
  0
SCALE
  5
66
102
{ACAD_REACTORS
330
47
102
}
330
47
100
AcDbScale
 70
     0
300
3" = 1'-0"
140
3.0
141
12.0
290
     0
  0
SCALE
  5
67
102
{ACAD_REACTORS
330
47
102
}
330
47
100
AcDbScale
 70
     0
300
6" = 1'-0"
140
6.0
141
12.0
290
     0
  0
SCALE
  5
68
102
{ACAD_REACTORS
330
47
102
}
330
47
100
AcDbScale
 70
     0
300
1'-0" = 1'-0"
140
12.0
141
12.0
290
     0
  0
TABLESTYLE
  5
6A
102
{ACAD_REACTORS
330
69
102
}
102
{ACAD_XDICTIONARY
360
186
102
}
330
69
100
AcDbTableStyle
  3
Standard
 70
     0
 71
     0
 40
0.06
 41
0.06
280
     0
281
     0
  7
Standard
140
0.18
170
     2
 62
     0
 63
   257
283
     0
274
    -2
284
     1
 64
     0
275
    -2
285
     1
 65
     0
276
    -2
286
     1
 66
     0
277
    -2
287
     1
 67
     0
278
    -2
288
     1
 68
     0
279
    -2
289
     1
 69
     0
  7
Standard
140
0.25
170
     5
 62
     0
 63
   257
283
     0
274
    -2
284
     1
 64
     0
275
    -2
285
     1
 65
     0
276
    -2
286
     1
 66
     0
277
    -2
287
     1
 67
     0
278
    -2
288
     1
 68
     0
279
    -2
289
     1
 69
     0
  7
Standard
140
0.18
170
     5
 62
     0
 63
   257
283
     0
274
    -2
284
     1
 64
     0
275
    -2
285
     1
 65
     0
276
    -2
286
     1
 66
     0
277
    -2
287
     1
 67
     0
278
    -2
288
     1
 68
     0
279
    -2
289
     1
 69
     0
  0
VISUALSTYLE
  5
2F
102
{ACAD_REACTORS
330
2A
102
}
102
{ACAD_XDICTIONARY
360
158
102
}
330
2A
100
AcDbVisualStyle
  2
2dWireframe
 70
     4
 71
     0
 72
     2
 73
     0
 90
        0
 40
0.6
 41
30.0
 62
     5
 63
     7
421
 16777215
 74
     1
 91
        4
 64
     7
 65
   257
 75
     1
175
     1
 42
1.0
 92
        0
 66
   257
 43
1.0
 76
     1
 77
     6
 78
     2
 67
     7
 79
     5
170
     0
171
     0
290
     0
174
     0
 93
        1
 44
0.0
173
     0
291
     0
 45
0.0
1001
ACAD
1000
AcDbSavedByObjectVersion
1070
     0
  0
VISUALSTYLE
  5
32
102
{ACAD_REACTORS
330
2A
102
}
102
{ACAD_XDICTIONARY
360
15E
102
}
330
2A
100
AcDbVisualStyle
  2
Basic
 70
     7
 71
     1
 72
     0
 73
     1
 90
        0
 40
0.6
 41
30.0
 62
     5
 63
     7
421
 16777215
 74
     0
 91
        4
 64
     7
 65
   257
 75
     1
175
     1
 42
1.0
 92
        8
 66
     7
 43
1.0
 76
     1
 77
     6
 78
     2
 67
     7
 79
     5
170
     0
171
     0
290
     0
174
     0
 93
        1
 44
0.0
173
     0
291
     1
 45
0.0
1001
ACAD
1000
AcDbSavedByObjectVersion
1070
     0
  0
VISUALSTYLE
  5
36
102
{ACAD_REACTORS
330
2A
102
}
102
{ACAD_XDICTIONARY
360
166
102
}
330
2A
100
AcDbVisualStyle
  2
Brighten
 70
    12
 71
     2
 72
     2
 73
     0
 90
        0
 40
0.6
 41
30.0
 62
     5
 63
     7
421
 16777215
 74
     1
 91
        4
 64
     7
 65
   257
 75
     1
175
     1
 42
1.0
 92
        8
 66
     7
 43
1.0
 76
     1
 77
     6
 78
     2
 67
     7
 79
     5
170
     0
171
     0
290
     0
174
     0
 93
        1
 44
50.0
173
     0
291
     1
 45
0.0
1001
ACAD
1000
AcDbSavedByObjectVersion
1070
     0
  0
VISUALSTYLE
  5
3A
102
{ACAD_REACTORS
330
2A
102
}
102
{ACAD_XDICTIONARY
360
16E
102
}
330
2A
100
AcDbVisualStyle
  2
ColorChange
 70
    16
 71
     2
 72
     2
 73
     3
 90
        0
 40
0.6
 41
30.0
 62
     5
 63
     8
421
  8421504
 74
     1
 91
        4
 64
     7
 65
   257
 75
     1
175
     1
 42
1.0
 92
        8
 66
     8
424
  8421504
 43
1.0
 76
     1
 77
     6
 78
     2
 67
     7
 79
     5
170
     0
171
     0
290
     0
174
     0
 93
        1
 44
0.0
173
     0
291
     1
 45
0.0
1001
ACAD
1000
AcDbSavedByObjectVersion
1070
     0
  0
VISUALSTYLE
  5
34
102
{ACAD_REACTORS
330
2A
102
}
102
{ACAD_XDICTIONARY
360
162
102
}
330
2A
100
AcDbVisualStyle
  2
Conceptual
 70
     9
 71
     3
 72
     2
 73
     0
 90
        0
 40
0.6
 41
30.0
 62
     5
 63
     7
421
 16777215
 74
     2
 91
        2
 64
     7
 65
   257
 75
     1
175
     1
 42
179.0
 92
        8
 66
     7
 43
1.0
 76
     1
 77
     6
 78
     2
 67
     7
 79
     3
170
     0
171
     0
290
     0
174
     0
 93
        1
 44
0.0
173
     0
291
     0
 45
0.0
1001
ACAD
1000
AcDbSavedByObjectVersion
1070
     0
  0
VISUALSTYLE
  5
35
102
{ACAD_REACTORS
330
2A
102
}
102
{ACAD_XDICTIONARY
360
164
102
}
330
2A
100
AcDbVisualStyle
  2
Dim
 70
    11
 71
     2
 72
     2
 73
     0
 90
        0
 40
0.6
 41
30.0
 62
     5
 63
     7
421
 16777215
 74
     1
 91
        4
 64
     7
 65
   257
 75
     1
175
     1
 42
1.0
 92
        8
 66
     7
 43
1.0
 76
     1
 77
     6
 78
     2
 67
     7
 79
     5
170
     0
171
     0
290
     0
174
     0
 93
        1
 44
-50.0
173
     0
291
     1
 45
0.0
1001
ACAD
1000
AcDbSavedByObjectVersion
1070
     0
  0
VISUALSTYLE
  5
3D
102
{ACAD_REACTORS
330
2A
102
}
102
{ACAD_XDICTIONARY
360
174
102
}
330
2A
100
AcDbVisualStyle
  2
EdgeColorOff
 70
    22
 71
     2
 72
     2
 73
     0
 90
        0
 40
0.6
 41
30.0
 62
     5
 63
     7
421
 16777215
 74
     1
 91
        4
 64
     7
 65
   257
 75
     1
175
     1
 42
1.0
 92
        8
 66
     7
 43
1.0
 76
     1
 77
     6
 78
     2
 67
     7
 79
     5
170
     0
171
     0
290
     0
174
     0
 93
        1
 44
0.0
173
     0
291
     1
 45
0.0
1001
ACAD
1000
AcDbSavedByObjectVersion
1070
     0
  0
VISUALSTYLE
  5
39
102
{ACAD_REACTORS
330
2A
102
}
102
{ACAD_XDICTIONARY
360
16C
102
}
330
2A
100
AcDbVisualStyle
  2
Facepattern
 70
    15
 71
     2
 72
     2
 73
     0
 90
        0
 40
0.6
 41
30.0
 62
     5
 63
     7
421
 16777215
 74
     1
 91
        4
 64
     7
 65
   257
 75
     1
175
     1
 42
1.0
 92
        8
 66
     7
 43
1.0
 76
     1
 77
     6
 78
     2
 67
     7
 79
     5
170
     0
171
     0
290
     0
174
     0
 93
        1
 44
0.0
173
     0
291
     1
 45
0.0
1001
ACAD
1000
AcDbSavedByObjectVersion
1070
     0
  0
VISUALSTYLE
  5
2B
102
{ACAD_REACTORS
330
2A
102
}
102
{ACAD_XDICTIONARY
360
150
102
}
330
2A
100
AcDbVisualStyle
  2
Flat
 70
     0
 71
     2
 72
     1
 73
     1
 90
        2
 40
0.6
 41
30.0
 62
     5
 63
     7
421
 16777215
 74
     0
 91
        0
 64
     7
 65
   257
 75
     1
175
     1
 42
1.0
 92
        8
 66
     7
 43
1.0
 76
     1
 77
     6
 78
     2
 67
     7
 79
     5
170
     0
171
     0
290
     0
174
     0
 93
       13
 44
0.0
173
     0
291
     1
 45
0.0
1001
ACAD
1000
AcDbSavedByObjectVersion
1070
     0
  0
VISUALSTYLE
  5
2C
102
{ACAD_REACTORS
330
2A
102
}
102
{ACAD_XDICTIONARY
360
152
102
}
330
2A
100
AcDbVisualStyle
  2
FlatWithEdges
 70
     1
 71
     2
 72
     1
 73
     1
 90
        2
 40
0.6
 41
30.0
 62
     5
 63
     7
421
 16777215
 74
     1
 91
        0
 64
     7
 65
   257
 75
     1
175
     1
 42
1.0
 92
        0
 66
   257
 43
1.0
 76
     1
 77
     6
 78
     2
 67
     7
 79
     5
170
     0
171
     0
290
     0
174
     0
 93
       13
 44
0.0
173
     0
291
     1
 45
0.0
1001
ACAD
1000
AcDbSavedByObjectVersion
1070
     0
  0
VISUALSTYLE
  5
2D
102
{ACAD_REACTORS
330
2A
102
}
102
{ACAD_XDICTIONARY
360
154
102
}
330
2A
100
AcDbVisualStyle
  2
Gouraud
 70
     2
 71
     2
 72
     2
 73
     1
 90
        2
 40
0.6
 41
30.0
 62
     5
 63
     7
421
 16777215
 74
     0
 91
        0
 64
     7
 65
   257
 75
     1
175
     1
 42
1.0
 92
        0
 66
     7
 43
1.0
 76
     1
 77
     6
 78
     2
 67
     7
 79
     5
170
     0
171
     0
290
     0
174
     0
 93
       13
 44
0.0
173
     0
291
     1
 45
0.0
1001
ACAD
1000
AcDbSavedByObjectVersion
1070
     0
  0
VISUALSTYLE
  5
2E
102
{ACAD_REACTORS
330
2A
102
}
102
{ACAD_XDICTIONARY
360
156
102
}
330
2A
100
AcDbVisualStyle
  2
GouraudWithEdges
 70
     3
 71
     2
 72
     2
 73
     1
 90
        2
 40
0.6
 41
30.0
 62
     5
 63
     7
421
 16777215
 74
     1
 91
        0
 64
     7
 65
   257
 75
     1
175
     1
 42
1.0
 92
        0
 66
   257
 43
1.0
 76
     1
 77
     6
 78
     2
 67
     7
 79
     5
170
     0
171
     0
290
     0
174
     0
 93
       13
 44
0.0
173
     0
291
     1
 45
0.0
1001
ACAD
1000
AcDbSavedByObjectVersion
1070
     0
  0
VISUALSTYLE
  5
31
102
{ACAD_REACTORS
330
2A
102
}
102
{ACAD_XDICTIONARY
360
15C
102
}
330
2A
100
AcDbVisualStyle
  2
Hidden
 70
     6
 71
     1
 72
     2
 73
     2
 90
        0
 40
0.6
 41
30.0
 62
     5
 63
     7
421
 16777215
 74
     2
 91
        2
 64
     7
 65
   257
 75
     2
175
     1
 42
40.0
 92
        0
 66
   257
 43
1.0
 76
     1
 77
     6
 78
     2
 67
     7
 79
     3
170
     0
171
     0
290
     0
174
     0
 93
        1
 44
0.0
173
     0
291
     0
 45
0.0
1001
ACAD
1000
AcDbSavedByObjectVersion
1070
     0
  0
VISUALSTYLE
  5
3B
102
{ACAD_REACTORS
330
2A
102
}
102
{ACAD_XDICTIONARY
360
170
102
}
330
2A
100
AcDbVisualStyle
  2
JitterOff
 70
    20
 71
     2
 72
     2
 73
     0
 90
        0
 40
0.6
 41
30.0
 62
     5
 63
     7
421
 16777215
 74
     1
 91
        4
 64
     7
 65
   257
 75
     1
175
     1
 42
1.0
 92
       10
 66
     7
 43
1.0
 76
     1
 77
     6
 78
     2
 67
     7
 79
     5
170
     0
171
     0
290
     0
174
     0
 93
        1
 44
0.0
173
     0
291
     1
 45
0.0
1001
ACAD
1000
AcDbSavedByObjectVersion
1070
     0
  0
VISUALSTYLE
  5
38
102
{ACAD_REACTORS
330
2A
102
}
102
{ACAD_XDICTIONARY
360
16A
102
}
330
2A
100
AcDbVisualStyle
  2
Linepattern
 70
    14
 71
     2
 72
     2
 73
     0
 90
        0
 40
0.6
 41
30.0
 62
     5
 63
     7
421
 16777215
 74
     1
 91
        4
 64
     7
 65
   257
 75
     7
175
     7
 42
1.0
 92
        8
 66
     7
 43
1.0
 76
     1
 77
     6
 78
     2
 67
     7
 79
     5
170
     0
171
     0
290
     0
174
     0
 93
        1
 44
0.0
173
     0
291
     1
 45
0.0
1001
ACAD
1000
AcDbSavedByObjectVersion
1070
     0
  0
VISUALSTYLE
  5
3C
102
{ACAD_REACTORS
330
2A
102
}
102
{ACAD_XDICTIONARY
360
172
102
}
330
2A
100
AcDbVisualStyle
  2
OverhangOff
 70
    21
 71
     2
 72
     2
 73
     0
 90
        0
 40
0.6
 41
30.0
 62
     5
 63
     7
421
 16777215
 74
     1
 91
        4
 64
     7
 65
   257
 75
     1
175
     1
 42
1.0
 92
        9
 66
     7
 43
1.0
 76
     1
 77
     6
 78
     2
 67
     7
 79
     5
170
     0
171
     0
290
     0
174
     0
 93
        1
 44
0.0
173
     0
291
     1
 45
0.0
1001
ACAD
1000
AcDbSavedByObjectVersion
1070
     0
  0
VISUALSTYLE
  5
33
102
{ACAD_REACTORS
330
2A
102
}
102
{ACAD_XDICTIONARY
360
160
102
}
330
2A
100
AcDbVisualStyle
  2
Realistic
 70
     8
 71
     2
 72
     3
 73
     0
 90
        2
 40
0.6
 41
30.0
 62
     5
 63
     7
421
 16777215
 74
     0
 91
        0
 64
     7
 65
   257
 75
     1
175
     1
 42
1.0
 92
        8
 66
   257
 43
1.0
 76
     1
 77
     6
 78
     2
 67
     7
 79
     3
170
     0
171
     0
290
     0
174
     0
 93
       13
 44
0.0
173
     0
291
     0
 45
0.0
1001
ACAD
1000
AcDbSavedByObjectVersion
1070
     0
  0
VISUALSTYLE
  5
42
102
{ACAD_REACTORS
330
2A
102
}
102
{ACAD_XDICTIONARY
360
17E
102
}
330
2A
100
AcDbVisualStyle
  2
Shaded
 70
    27
 71
     2
 72
     2
 73
     1
 90
        2
 40
0.6
 41
30.0
 62
     5
 63
     7
421
 16777215
 74
     0
 91
        4
 64
     7
 65
   257
 75
     1
175
     1
 42
1.0
 92
        8
 66
   257
 43
1.0
 76
     1
 77
     6
 78
     2
 67
     8
425
  7895160
 79
     3
170
     0
171
     0
290
     0
174
     0
 93
        5
 44
0.0
173
     0
291
     0
 45
0.0
1001
ACAD
1000
AcDbSavedByObjectVersion
1070
     0
  0
VISUALSTYLE
  5
41
102
{ACAD_REACTORS
330
2A
102
}
102
{ACAD_XDICTIONARY
360
17C
102
}
330
2A
100
AcDbVisualStyle
  2
Shaded with edges
 70
    26
 71
     2
 72
     2
 73
     1
 90
        2
 40
0.6
 41
30.0
 62
     5
 63
     7
421
 16777215
 74
     1
 91
       10
 64
     7
 65
   257
 75
     2
175
     1
 42
1.0
 92
        8
 66
   257
 43
1.0
 76
     1
 77
     6
 78
     2
 67
     7
 79
     3
170
     0
171
     0
290
     0
174
     0
 93
        5
 44
0.0
173
     0
291
     0
 45
0.0
1001
ACAD
1000
AcDbSavedByObjectVersion
1070
     0
  0
VISUALSTYLE
  5
3E
102
{ACAD_REACTORS
330
2A
102
}
102
{ACAD_XDICTIONARY
360
176
102
}
330
2A
100
AcDbVisualStyle
  2
Shades of Gray
 70
    23
 71
     2
 72
     2
 73
     3
 90
        0
 40
0.6
 41
30.0
 62
     5
 63
     7
421
 16777215
 74
     2
 91
        2
 64
     7
 65
     7
 75
     1
175
     1
 42
40.0
 92
        8
 66
     7
 43
1.0
 76
     1
 77
     6
 78
     2
 67
     7
 79
     3
170
     0
171
     0
290
     0
174
     0
 93
        1
 44
0.0
173
     0
291
     0
 45
0.0
1001
ACAD
1000
AcDbSavedByObjectVersion
1070
     0
  0
VISUALSTYLE
  5
3F
102
{ACAD_REACTORS
330
2A
102
}
102
{ACAD_XDICTIONARY
360
178
102
}
330
2A
100
AcDbVisualStyle
  2
Sketchy
 70
    24
 71
     1
 72
     2
 73
     2
 90
        0
 40
0.6
 41
30.0
 62
     5
 63
     7
421
 16777215
 74
     2
 91
        2
 64
     7
 65
     7
 75
     1
175
     1
 42
40.0
 92
       11
 66
     7
 43
1.0
 76
     1
 77
     6
 78
     2
 67
     7
 79
     6
170
     0
171
     0
290
     0
174
     0
 93
        1
 44
0.0
173
     0
291
     0
 45
0.0
1001
ACAD
1000
AcDbSavedByObjectVersion
1070
     0
  0
VISUALSTYLE
  5
37
102
{ACAD_REACTORS
330
2A
102
}
102
{ACAD_XDICTIONARY
360
168
102
}
330
2A
100
AcDbVisualStyle
  2
Thicken
 70
    13
 71
     2
 72
     2
 73
     0
 90
        0
 40
0.6
 41
30.0
 62
     5
 63
     7
421
 16777215
 74
     1
 91
        4
 64
     7
 65
   257
 75
     1
175
     1
 42
1.0
 92
       12
 66
     7
 43
1.0
 76
     1
 77
     6
 78
     2
 67
     7
 79
     5
170
     0
171
     0
290
     0
174
     0
 93
        1
 44
0.0
173
     0
291
     1
 45
0.0
1001
ACAD
1000
AcDbSavedByObjectVersion
1070
     0
  0
VISUALSTYLE
  5
30
102
{ACAD_REACTORS
330
2A
102
}
102
{ACAD_XDICTIONARY
360
15A
102
}
330
2A
100
AcDbVisualStyle
  2
Wireframe
 70
     5
 71
     0
 72
     2
 73
     0
 90
        0
 40
0.6
 41
30.0
 62
     5
 63
     7
421
 16777215
 74
     1
 91
        4
 64
     7
 65
   257
 75
     1
175
     1
 42
1.0
 92
        0
 66
   257
 43
1.0
 76
     1
 77
     6
 78
     2
 67
     7
 79
     3
170
     0
171
     0
290
     0
174
     0
 93
        1
 44
0.0
173
     0
291
     0
 45
0.0
1001
ACAD
1000
AcDbSavedByObjectVersion
1070
     0
  0
VISUALSTYLE
  5
40
102
{ACAD_REACTORS
330
2A
102
}
102
{ACAD_XDICTIONARY
360
17A
102
}
330
2A
100
AcDbVisualStyle
  2
X-Ray
 70
    25
 71
     2
 72
     2
 73
     1
 90
        1
 40
0.5
 41
30.0
 62
     5
 63
     7
421
 16777215
 74
     1
 91
        0
 64
     7
 65
   257
 75
     1
175
     1
 42
1.0
 92
        8
 66
     7
 43
1.0
 76
     1
 77
     6
 78
     2
 67
     7
 79
     3
170
     0
171
     0
290
     0
174
     0
 93
       13
 44
0.0
173
     0
291
     0
 45
0.0
1001
ACAD
1000
AcDbSavedByObjectVersion
1070
     0
  0
DICTIONARYVAR
  5
14D
102
{ACAD_REACTORS
330
14C
102
}
330
14C
100
DictionaryVariables
280
     0
  1
1:1
  0
DICTIONARYVAR
  5
18E
102
{ACAD_REACTORS
330
14C
102
}
330
14C
100
DictionaryVariables
280
     0
  1
Standard
  0
DICTIONARYVAR
  5
18D
102
{ACAD_REACTORS
330
14C
102
}
330
14C
100
DictionaryVariables
280
     0
  1
Standard
  0
DICTIONARYVAR
  5
14E
102
{ACAD_REACTORS
330
14C
102
}
330
14C
100
DictionaryVariables
280
     0
  1
1
  0
DICTIONARYVAR
  5
14F
102
{ACAD_REACTORS
330
14C
102
}
330
14C
100
DictionaryVariables
280
     0
  1
2
  0
DICTIONARY
  5
182
330
45
100
AcDbDictionary
280
     1
281
     1
  3
ACAD_XREC_ROUNDTRIP
360
183
  0
DICTIONARY
  5
180
330
44
100
AcDbDictionary
280
     1
281
     1
  3
ACAD_XREC_ROUNDTRIP
360
181
  0
DICTIONARY
  5
184
330
46
100
AcDbDictionary
280
     1
281
     1
  3
ACAD_XREC_ROUNDTRIP
360
185
  0
DICTIONARY
  5
18A
330
6C
100
AcDbDictionary
280
     1
281
     1
  3
ACAD_XREC_ROUNDTRIP
360
18B
  0
DICTIONARY
  5
186
330
6A
100
AcDbDictionary
280
     1
281
     1
  3
ACAD_ROUNDTRIP_2008_TABLESTYLE_CELLSTYLEMAP
360
188
  3
ACAD_XREC_ROUNDTRIP
360
187
  0
DICTIONARY
  5
158
330
2F
100
AcDbDictionary
280
     1
281
     1
  3
ACAD_XREC_ROUNDTRIP
360
159
  0
DICTIONARY
  5
15E
330
32
100
AcDbDictionary
280
     1
281
     1
  3
ACAD_XREC_ROUNDTRIP
360
15F
  0
DICTIONARY
  5
166
330
36
100
AcDbDictionary
280
     1
281
     1
  3
ACAD_XREC_ROUNDTRIP
360
167
  0
DICTIONARY
  5
16E
330
3A
100
AcDbDictionary
280
     1
281
     1
  3
ACAD_XREC_ROUNDTRIP
360
16F
  0
DICTIONARY
  5
162
330
34
100
AcDbDictionary
280
     1
281
     1
  3
ACAD_XREC_ROUNDTRIP
360
163
  0
DICTIONARY
  5
164
330
35
100
AcDbDictionary
280
     1
281
     1
  3
ACAD_XREC_ROUNDTRIP
360
165
  0
DICTIONARY
  5
174
330
3D
100
AcDbDictionary
280
     1
281
     1
  3
ACAD_XREC_ROUNDTRIP
360
175
  0
DICTIONARY
  5
16C
330
39
100
AcDbDictionary
280
     1
281
     1
  3
ACAD_XREC_ROUNDTRIP
360
16D
  0
DICTIONARY
  5
150
330
2B
100
AcDbDictionary
280
     1
281
     1
  3
ACAD_XREC_ROUNDTRIP
360
151
  0
DICTIONARY
  5
152
330
2C
100
AcDbDictionary
280
     1
281
     1
  3
ACAD_XREC_ROUNDTRIP
360
153
  0
DICTIONARY
  5
154
330
2D
100
AcDbDictionary
280
     1
281
     1
  3
ACAD_XREC_ROUNDTRIP
360
155
  0
DICTIONARY
  5
156
330
2E
100
AcDbDictionary
280
     1
281
     1
  3
ACAD_XREC_ROUNDTRIP
360
157
  0
DICTIONARY
  5
15C
330
31
100
AcDbDictionary
280
     1
281
     1
  3
ACAD_XREC_ROUNDTRIP
360
15D
  0
DICTIONARY
  5
170
330
3B
100
AcDbDictionary
280
     1
281
     1
  3
ACAD_XREC_ROUNDTRIP
360
171
  0
DICTIONARY
  5
16A
330
38
100
AcDbDictionary
280
     1
281
     1
  3
ACAD_XREC_ROUNDTRIP
360
16B
  0
DICTIONARY
  5
172
330
3C
100
AcDbDictionary
280
     1
281
     1
  3
ACAD_XREC_ROUNDTRIP
360
173
  0
DICTIONARY
  5
160
330
33
100
AcDbDictionary
280
     1
281
     1
  3
ACAD_XREC_ROUNDTRIP
360
161
  0
DICTIONARY
  5
17E
330
42
100
AcDbDictionary
280
     1
281
     1
  3
ACAD_XREC_ROUNDTRIP
360
17F
  0
DICTIONARY
  5
17C
330
41
100
AcDbDictionary
280
     1
281
     1
  3
ACAD_XREC_ROUNDTRIP
360
17D
  0
DICTIONARY
  5
176
330
3E
100
AcDbDictionary
280
     1
281
     1
  3
ACAD_XREC_ROUNDTRIP
360
177
  0
DICTIONARY
  5
178
330
3F
100
AcDbDictionary
280
     1
281
     1
  3
ACAD_XREC_ROUNDTRIP
360
179
  0
DICTIONARY
  5
168
330
37
100
AcDbDictionary
280
     1
281
     1
  3
ACAD_XREC_ROUNDTRIP
360
169
  0
DICTIONARY
  5
15A
330
30
100
AcDbDictionary
280
     1
281
     1
  3
ACAD_XREC_ROUNDTRIP
360
15B
  0
DICTIONARY
  5
17A
330
40
100
AcDbDictionary
280
     1
281
     1
  3
ACAD_XREC_ROUNDTRIP
360
17B
  0
XRECORD
  5
183
102
{ACAD_REACTORS
330
182
102
}
330
182
100
AcDbXrecord
280
     1
102
MATERIAL
148
0.0
149
0.0
149
0.0
 93
        0
 94
      127
282
     0
 72
     1
 77
     1
171
     1
175
     1
179
     1
273
     0
  0
XRECORD
  5
181
102
{ACAD_REACTORS
330
180
102
}
330
180
100
AcDbXrecord
280
     1
102
MATERIAL
148
0.0
149
0.0
149
0.0
 93
        0
 94
      127
282
     0
 72
     1
 77
     1
171
     1
175
     1
179
     1
273
     0
  0
XRECORD
  5
185
102
{ACAD_REACTORS
330
184
102
}
330
184
100
AcDbXrecord
280
     1
102
MATERIAL
148
0.0
149
0.0
149
0.0
 93
        0
 94
      127
282
     0
 72
     1
 77
     1
171
     1
175
     1
179
     1
273
     0
  0
XRECORD
  5
18B
102
{ACAD_REACTORS
330
18A
102
}
330
18A
100
AcDbXrecord
280
     1
102
ACAD_ROUNDTRIP_2010_MLEADER_STYLE
  0
CELLSTYLEMAP
  5
188
102
{ACAD_REACTORS
330
186
102
}
330
186
100
AcDbCellStyleMap
 90
        3
300
CELLSTYLE
  1
TABLEFORMAT_BEGIN
 90
        5
170
     1
 91
        0
 92
    32768
 62
   257
 93
        1
300
CONTENTFORMAT
  1
CONTENTFORMAT_BEGIN
 90
        0
 91
        0
 92
        4
 93
        0
300

 40
0.0
140
1.0
 94
        5
 62
     0
340
11
144
0.25
309
CONTENTFORMAT_END
171
     1
301
MARGIN
  1
CELLMARGIN_BEGIN
 40
0.06
 40
0.06
 40
0.06
 40
0.06
 40
0.06
 40
0.06
309
CELLMARGIN_END
 94
        6
 95
        1
302
GRIDFORMAT
  1
GRIDFORMAT_BEGIN
 90
        0
 91
        1
 62
     0
 92
       -2
340
14
 93
        0
 40
0.045
309
GRIDFORMAT_END
 95
        2
302
GRIDFORMAT
  1
GRIDFORMAT_BEGIN
 90
        0
 91
        1
 62
     0
 92
       -2
340
14
 93
        0
 40
0.045
309
GRIDFORMAT_END
 95
        4
302
GRIDFORMAT
  1
GRIDFORMAT_BEGIN
 90
        0
 91
        1
 62
     0
 92
       -2
340
14
 93
        0
 40
0.045
309
GRIDFORMAT_END
 95
        8
302
GRIDFORMAT
  1
GRIDFORMAT_BEGIN
 90
        0
 91
        1
 62
     0
 92
       -2
340
14
 93
        0
 40
0.045
309
GRIDFORMAT_END
 95
       16
302
GRIDFORMAT
  1
GRIDFORMAT_BEGIN
 90
        0
 91
        1
 62
     0
 92
       -2
340
14
 93
        0
 40
0.045
309
GRIDFORMAT_END
 95
       32
302
GRIDFORMAT
  1
GRIDFORMAT_BEGIN
 90
        0
 91
        1
 62
     0
 92
       -2
340
14
 93
        0
 40
0.045
309
GRIDFORMAT_END
309
TABLEFORMAT_END
  1
CELLSTYLE_BEGIN
 90
        1
 91
        1
300
_TITLE
309
CELLSTYLE_END
300
CELLSTYLE
  1
TABLEFORMAT_BEGIN
 90
        5
170
     1
 91
        0
 92
        0
 62
   257
 93
        1
300
CONTENTFORMAT
  1
CONTENTFORMAT_BEGIN
 90
        0
 91
        0
 92
        4
 93
        0
300

 40
0.0
140
1.0
 94
        5
 62
     0
340
11
144
0.18
309
CONTENTFORMAT_END
171
     1
301
MARGIN
  1
CELLMARGIN_BEGIN
 40
0.06
 40
0.06
 40
0.06
 40
0.06
 40
0.06
 40
0.06
309
CELLMARGIN_END
 94
        6
 95
        1
302
GRIDFORMAT
  1
GRIDFORMAT_BEGIN
 90
        0
 91
        1
 62
     0
 92
       -2
340
14
 93
        0
 40
0.045
309
GRIDFORMAT_END
 95
        2
302
GRIDFORMAT
  1
GRIDFORMAT_BEGIN
 90
        0
 91
        1
 62
     0
 92
       -2
340
14
 93
        0
 40
0.045
309
GRIDFORMAT_END
 95
        4
302
GRIDFORMAT
  1
GRIDFORMAT_BEGIN
 90
        0
 91
        1
 62
     0
 92
       -2
340
14
 93
        0
 40
0.045
309
GRIDFORMAT_END
 95
        8
302
GRIDFORMAT
  1
GRIDFORMAT_BEGIN
 90
        0
 91
        1
 62
     0
 92
       -2
340
14
 93
        0
 40
0.045
309
GRIDFORMAT_END
 95
       16
302
GRIDFORMAT
  1
GRIDFORMAT_BEGIN
 90
        0
 91
        1
 62
     0
 92
       -2
340
14
 93
        0
 40
0.045
309
GRIDFORMAT_END
 95
       32
302
GRIDFORMAT
  1
GRIDFORMAT_BEGIN
 90
        0
 91
        1
 62
     0
 92
       -2
340
14
 93
        0
 40
0.045
309
GRIDFORMAT_END
309
TABLEFORMAT_END
  1
CELLSTYLE_BEGIN
 90
        2
 91
        1
300
_HEADER
309
CELLSTYLE_END
300
CELLSTYLE
  1
TABLEFORMAT_BEGIN
 90
        5
170
     1
 91
        0
 92
        0
 62
   257
 93
        1
300
CONTENTFORMAT
  1
CONTENTFORMAT_BEGIN
 90
        0
 91
        0
 92
        4
 93
        0
300

 40
0.0
140
1.0
 94
        2
 62
     0
340
11
144
0.18
309
CONTENTFORMAT_END
171
     1
301
MARGIN
  1
CELLMARGIN_BEGIN
 40
0.06
 40
0.06
 40
0.06
 40
0.06
 40
0.06
 40
0.06
309
CELLMARGIN_END
 94
        6
 95
        1
302
GRIDFORMAT
  1
GRIDFORMAT_BEGIN
 90
        0
 91
        1
 62
     0
 92
       -2
340
14
 93
        0
 40
0.045
309
GRIDFORMAT_END
 95
        2
302
GRIDFORMAT
  1
GRIDFORMAT_BEGIN
 90
        0
 91
        1
 62
     0
 92
       -2
340
14
 93
        0
 40
0.045
309
GRIDFORMAT_END
 95
        4
302
GRIDFORMAT
  1
GRIDFORMAT_BEGIN
 90
        0
 91
        1
 62
     0
 92
       -2
340
14
 93
        0
 40
0.045
309
GRIDFORMAT_END
 95
        8
302
GRIDFORMAT
  1
GRIDFORMAT_BEGIN
 90
        0
 91
        1
 62
     0
 92
       -2
340
14
 93
        0
 40
0.045
309
GRIDFORMAT_END
 95
       16
302
GRIDFORMAT
  1
GRIDFORMAT_BEGIN
 90
        0
 91
        1
 62
     0
 92
       -2
340
14
 93
        0
 40
0.045
309
GRIDFORMAT_END
 95
       32
302
GRIDFORMAT
  1
GRIDFORMAT_BEGIN
 90
        0
 91
        1
 62
     0
 92
       -2
340
14
 93
        0
 40
0.045
309
GRIDFORMAT_END
309
TABLEFORMAT_END
  1
CELLSTYLE_BEGIN
 90
        3
 91
        2
300
_DATA
309
CELLSTYLE_END
  0
XRECORD
  5
187
102
{ACAD_REACTORS
330
186
102
}
330
186
100
AcDbXrecord
280
     1
102
ACAD_ROUNDTRIP_PRE2007_TABLESTYLE
 90
        4
 91
        0
  1

 92
        4
 93
        0
  2

 94
        4
 95
        0
  3

  0
XRECORD
  5
159
102
{ACAD_REACTORS
330
158
102
}
330
158
100
AcDbXrecord
280
     1
102
RTVSPropertyOp0
 70
     1
102
RTVSPropertyOp1
 70
     1
102
RTVSPropertyOp2
 70
     1
102
RTVSPropertyOp3
 70
     1
102
RTVSPropertyOp4
 70
     1
102
RTVSPropertyOp5
 70
     1
102
RTVSPropertyOp6
 70
     1
102
RTVSPropertyOp7
 70
     1
102
RTVSPropertyOp8
 70
     1
102
RTVSPropertyOp9
 70
     1
102
RTVSPropertyOp10
 70
     1
102
RTVSPropertyOp11
 70
     1
102
RTVSPropertyOp12
 70
     1
102
RTVSPropertyOp13
 70
     1
102
RTVSPropertyOp14
 70
     1
102
RTVSPropertyOp15
 70
     1
102
RTVSPropertyOp16
 70
     1
102
RTVSPropertyOp17
 70
     1
102
RTVSPropertyOp18
 70
     1
102
RTVSPropertyOp19
 70
     1
102
RTVSPropertyOp20
 70
     1
102
RTVSPropertyOp21
 70
     1
102
RTVSPropertyOp22
 70
     1
102
RTVSPropertyOp23
 70
     1
102
RTVSPropertyOp24
 70
     1
102
RTVSPropertyOp25
 70
     1
102
RTVSPropertyOp26
 70
     1
102
RTVSPropertyOp27
 70
     1
102
RTVSPropertyOp28
 70
     1
102
RTVSPropertyOp29
 70
     1
102
RTVSPropertyOp30
 70
     1
102
RTVSPropertyOp31
 70
     1
102
RTVSPropertyOp32
 70
     1
102
RTVSPropertyOp33
 70
     1
102
RTVSPropertyOp34
 70
     1
102
RTVSPropertyOp35
 70
     1
102
RTVSPropertyOp36
 70
     1
102
RTVSPropertyOp37
 70
     1
102
RTVSPropertyOp38
 70
     1
102
RTVSPropertyOp39
 70
     1
102
RTVSPropertyOp40
 70
     1
102
RTVSPropertyOp41
 70
     1
102
RTVSPropertyOp42
 70
     1
102
RTVSPropertyOp43
 70
     1
102
RTVSPropertyOp44
 70
     1
102
RTVSPropertyOp45
 70
     1
102
RTVSPropertyOp46
 70
     1
102
RTVSPropertyOp47
 70
     1
102
RTVSPropertyOp48
 70
     1
102
RTVSPropertyOp49
 70
     1
102
RTVSPropertyOp50
 70
     1
102
RTVSPropertyOp51
 70
     0
102
RTVSPropertyOp52
 70
     0
102
RTVSPropertyOp53
 70
     1
102
RTVSPropertyOp54
 70
     1
102
RTVSPropertyOp55
 70
     1
102
RTVSPropertyOp56
 70
     1
102
RTVSPropertyOp57
 70
     1
102
RTVSPost2010Prop28
280
     1
102
RTVSPost2010PropOp28
 70
     1
102
RTVSPost2010Prop29
280
     1
102
RTVSPost2010PropOp29
 70
     1
102
RTVSPost2010Prop30
280
     0
102
RTVSPost2010PropOp30
 70
     1
102
RTVSPost2010Prop31
280
     0
102
RTVSPost2010PropOp31
 70
     1
102
RTVSPost2010Prop32
280
     0
102
RTVSPost2010PropOp32
 70
     1
102
RTVSPost2010Prop33
280
     0
102
RTVSPost2010PropOp33
 70
     1
102
RTVSPost2010Prop34
280
     0
102
RTVSPost2010PropOp34
 70
     1
102
RTVSPost2010Prop35
280
     0
102
RTVSPost2010PropOp35
 70
     1
102
RTVSPost2010Prop36
280
     0
102
RTVSPost2010PropOp36
 70
     1
102
RTVSPost2010Prop37
 90
       50
102
RTVSPost2010PropOp37
 70
     1
102
RTVSPost2010Prop38
140
0.0
102
RTVSPost2010PropOp38
 70
     1
102
RTVSPost2010Prop39
140
1.0
102
RTVSPost2010PropOp39
 70
     1
102
RTVSPost2010Prop40
 90
        0
102
RTVSPost2010PropOp40
 70
     1
102
RTVSPost2010Prop41ColorIndex
 90
       18
102
RTVSPost2010Prop41ColorRGB
 90
        0
102
RTVSPost2010PropOp41
 70
     1
102
RTVSPost2010Prop42
 90
       50
102
RTVSPost2010PropOp42
 70
     1
102
RTVSPost2010Prop43
 90
        3
102
RTVSPost2010PropOp43
 70
     1
102
RTVSPost2010Prop44ColorIndex
 90
        5
102
RTVSPost2010Prop44ColorRGB
 90
      255
102
RTVSPost2010PropOp44
 70
     1
102
RTVSPost2010Prop45
280
     0
102
RTVSPost2010PropOp45
 70
     1
102
RTVSPost2010Prop46
 90
       50
102
RTVSPost2010PropOp46
 70
     1
102
RTVSPost2010Prop47
 90
       50
102
RTVSPost2010PropOp47
 70
     1
102
RTVSPost2010Prop48
 90
       50
102
RTVSPost2010PropOp48
 70
     1
102
RTVSPost2010Prop49
280
     0
102
RTVSPost2010PropOp49
 70
     1
102
RTVSPost2010Prop50
 90
       50
102
RTVSPost2010PropOp50
 70
     1
102
RTVSPost2010Prop51ColorIndex
 90
      256
102
RTVSPost2010Prop51ColorRGB
 90
-16777216
102
RTVSPost2010PropOp51
 70
     0
102
RTVSPost2010Prop52
140
1.0
102
RTVSPost2010PropOp52
 70
     0
102
RTVSPost2010Prop53
 90
        2
102
RTVSPost2010PropOp53
 70
     1
102
RTVSPost2010Prop54
  1
strokes_ogs.tif
102
RTVSPost2010PropOp54
 70
     1
102
RTVSPost2010Prop55
280
     0
102
RTVSPost2010PropOp55
 70
     1
102
RTVSPost2010Prop56
140
1.0
102
RTVSPost2010PropOp56
 70
     1
102
RTVSPost2010Prop57
140
1.0
102
RTVSPost2010PropOp57
 70
     1
  0
XRECORD
  5
15F
102
{ACAD_REACTORS
330
15E
102
}
330
15E
100
AcDbXrecord
280
     1
102
RTVSPropertyOp0
 70
     1
102
RTVSPropertyOp1
 70
     1
102
RTVSPropertyOp2
 70
     1
102
RTVSPropertyOp3
 70
     1
102
RTVSPropertyOp4
 70
     1
102
RTVSPropertyOp5
 70
     1
102
RTVSPropertyOp6
 70
     1
102
RTVSPropertyOp7
 70
     1
102
RTVSPropertyOp8
 70
     1
102
RTVSPropertyOp9
 70
     1
102
RTVSPropertyOp10
 70
     1
102
RTVSPropertyOp11
 70
     1
102
RTVSPropertyOp12
 70
     1
102
RTVSPropertyOp13
 70
     1
102
RTVSPropertyOp14
 70
     1
102
RTVSPropertyOp15
 70
     1
102
RTVSPropertyOp16
 70
     1
102
RTVSPropertyOp17
 70
     1
102
RTVSPropertyOp18
 70
     1
102
RTVSPropertyOp19
 70
     1
102
RTVSPropertyOp20
 70
     1
102
RTVSPropertyOp21
 70
     1
102
RTVSPropertyOp22
 70
     1
102
RTVSPropertyOp23
 70
     1
102
RTVSPropertyOp24
 70
     1
102
RTVSPropertyOp25
 70
     1
102
RTVSPropertyOp26
 70
     1
102
RTVSPropertyOp27
 70
     1
102
RTVSPropertyOp28
 70
     1
102
RTVSPropertyOp29
 70
     1
102
RTVSPropertyOp30
 70
     1
102
RTVSPropertyOp31
 70
     1
102
RTVSPropertyOp32
 70
     1
102
RTVSPropertyOp33
 70
     1
102
RTVSPropertyOp34
 70
     1
102
RTVSPropertyOp35
 70
     1
102
RTVSPropertyOp36
 70
     1
102
RTVSPropertyOp37
 70
     1
102
RTVSPropertyOp38
 70
     1
102
RTVSPropertyOp39
 70
     1
102
RTVSPropertyOp40
 70
     1
102
RTVSPropertyOp41
 70
     1
102
RTVSPropertyOp42
 70
     1
102
RTVSPropertyOp43
 70
     1
102
RTVSPropertyOp44
 70
     1
102
RTVSPropertyOp45
 70
     1
102
RTVSPropertyOp46
 70
     1
102
RTVSPropertyOp47
 70
     1
102
RTVSPropertyOp48
 70
     1
102
RTVSPropertyOp49
 70
     1
102
RTVSPropertyOp50
 70
     1
102
RTVSPropertyOp51
 70
     0
102
RTVSPropertyOp52
 70
     0
102
RTVSPropertyOp53
 70
     1
102
RTVSPropertyOp54
 70
     1
102
RTVSPropertyOp55
 70
     1
102
RTVSPropertyOp56
 70
     1
102
RTVSPropertyOp57
 70
     1
102
RTVSPost2010Prop28
280
     0
102
RTVSPost2010PropOp28
 70
     1
102
RTVSPost2010Prop29
280
     1
102
RTVSPost2010PropOp29
 70
     1
102
RTVSPost2010Prop30
280
     1
102
RTVSPost2010PropOp30
 70
     1
102
RTVSPost2010Prop31
280
     0
102
RTVSPost2010PropOp31
 70
     1
102
RTVSPost2010Prop32
280
     0
102
RTVSPost2010PropOp32
 70
     1
102
RTVSPost2010Prop33
280
     0
102
RTVSPost2010PropOp33
 70
     1
102
RTVSPost2010Prop34
280
     0
102
RTVSPost2010PropOp34
 70
     1
102
RTVSPost2010Prop35
280
     0
102
RTVSPost2010PropOp35
 70
     1
102
RTVSPost2010Prop36
280
     0
102
RTVSPost2010PropOp36
 70
     1
102
RTVSPost2010Prop37
 90
       50
102
RTVSPost2010PropOp37
 70
     1
102
RTVSPost2010Prop38
140
0.0
102
RTVSPost2010PropOp38
 70
     1
102
RTVSPost2010Prop39
140
1.0
102
RTVSPost2010PropOp39
 70
     1
102
RTVSPost2010Prop40
 90
        0
102
RTVSPost2010PropOp40
 70
     1
102
RTVSPost2010Prop41ColorIndex
 90
       18
102
RTVSPost2010Prop41ColorRGB
 90
        0
102
RTVSPost2010PropOp41
 70
     1
102
RTVSPost2010Prop42
 90
       50
102
RTVSPost2010PropOp42
 70
     1
102
RTVSPost2010Prop43
 90
        3
102
RTVSPost2010PropOp43
 70
     1
102
RTVSPost2010Prop44ColorIndex
 90
        5
102
RTVSPost2010Prop44ColorRGB
 90
      255
102
RTVSPost2010PropOp44
 70
     1
102
RTVSPost2010Prop45
280
     0
102
RTVSPost2010PropOp45
 70
     1
102
RTVSPost2010Prop46
 90
       50
102
RTVSPost2010PropOp46
 70
     1
102
RTVSPost2010Prop47
 90
       50
102
RTVSPost2010PropOp47
 70
     1
102
RTVSPost2010Prop48
 90
       50
102
RTVSPost2010PropOp48
 70
     1
102
RTVSPost2010Prop49
280
     0
102
RTVSPost2010PropOp49
 70
     1
102
RTVSPost2010Prop50
 90
       50
102
RTVSPost2010PropOp50
 70
     1
102
RTVSPost2010Prop51ColorIndex
 90
      256
102
RTVSPost2010Prop51ColorRGB
 90
-16777216
102
RTVSPost2010PropOp51
 70
     0
102
RTVSPost2010Prop52
140
1.0
102
RTVSPost2010PropOp52
 70
     0
102
RTVSPost2010Prop53
 90
        2
102
RTVSPost2010PropOp53
 70
     1
102
RTVSPost2010Prop54
  1
strokes_ogs.tif
102
RTVSPost2010PropOp54
 70
     1
102
RTVSPost2010Prop55
280
     0
102
RTVSPost2010PropOp55
 70
     1
102
RTVSPost2010Prop56
140
1.0
102
RTVSPost2010PropOp56
 70
     1
102
RTVSPost2010Prop57
140
1.0
102
RTVSPost2010PropOp57
 70
     1
  0
XRECORD
  5
167
102
{ACAD_REACTORS
330
166
102
}
330
166
100
AcDbXrecord
280
     1
102
RTVSPropertyOp0
 70
     1
102
RTVSPropertyOp1
 70
     1
102
RTVSPropertyOp2
 70
     1
102
RTVSPropertyOp3
 70
     1
102
RTVSPropertyOp4
 70
     1
102
RTVSPropertyOp5
 70
     1
102
RTVSPropertyOp6
 70
     1
102
RTVSPropertyOp7
 70
     1
102
RTVSPropertyOp8
 70
     1
102
RTVSPropertyOp9
 70
     1
102
RTVSPropertyOp10
 70
     1
102
RTVSPropertyOp11
 70
     1
102
RTVSPropertyOp12
 70
     1
102
RTVSPropertyOp13
 70
     1
102
RTVSPropertyOp14
 70
     1
102
RTVSPropertyOp15
 70
     1
102
RTVSPropertyOp16
 70
     1
102
RTVSPropertyOp17
 70
     1
102
RTVSPropertyOp18
 70
     1
102
RTVSPropertyOp19
 70
     1
102
RTVSPropertyOp20
 70
     1
102
RTVSPropertyOp21
 70
     1
102
RTVSPropertyOp22
 70
     1
102
RTVSPropertyOp23
 70
     1
102
RTVSPropertyOp24
 70
     1
102
RTVSPropertyOp25
 70
     1
102
RTVSPropertyOp26
 70
     1
102
RTVSPropertyOp27
 70
     1
102
RTVSPropertyOp28
 70
     1
102
RTVSPropertyOp29
 70
     1
102
RTVSPropertyOp30
 70
     1
102
RTVSPropertyOp31
 70
     1
102
RTVSPropertyOp32
 70
     1
102
RTVSPropertyOp33
 70
     1
102
RTVSPropertyOp34
 70
     1
102
RTVSPropertyOp35
 70
     1
102
RTVSPropertyOp36
 70
     1
102
RTVSPropertyOp37
 70
     1
102
RTVSPropertyOp38
 70
     1
102
RTVSPropertyOp39
 70
     1
102
RTVSPropertyOp40
 70
     1
102
RTVSPropertyOp41
 70
     1
102
RTVSPropertyOp42
 70
     1
102
RTVSPropertyOp43
 70
     1
102
RTVSPropertyOp44
 70
     1
102
RTVSPropertyOp45
 70
     1
102
RTVSPropertyOp46
 70
     1
102
RTVSPropertyOp47
 70
     1
102
RTVSPropertyOp48
 70
     1
102
RTVSPropertyOp49
 70
     1
102
RTVSPropertyOp50
 70
     1
102
RTVSPropertyOp51
 70
     0
102
RTVSPropertyOp52
 70
     0
102
RTVSPropertyOp53
 70
     1
102
RTVSPropertyOp54
 70
     1
102
RTVSPropertyOp55
 70
     1
102
RTVSPropertyOp56
 70
     1
102
RTVSPropertyOp57
 70
     1
102
RTVSPost2010Prop28
280
     0
102
RTVSPost2010PropOp28
 70
     1
102
RTVSPost2010Prop29
280
     1
102
RTVSPost2010PropOp29
 70
     1
102
RTVSPost2010Prop30
280
     1
102
RTVSPost2010PropOp30
 70
     1
102
RTVSPost2010Prop31
280
     0
102
RTVSPost2010PropOp31
 70
     1
102
RTVSPost2010Prop32
280
     0
102
RTVSPost2010PropOp32
 70
     1
102
RTVSPost2010Prop33
280
     0
102
RTVSPost2010PropOp33
 70
     1
102
RTVSPost2010Prop34
280
     0
102
RTVSPost2010PropOp34
 70
     1
102
RTVSPost2010Prop35
280
     0
102
RTVSPost2010PropOp35
 70
     1
102
RTVSPost2010Prop36
280
     0
102
RTVSPost2010PropOp36
 70
     1
102
RTVSPost2010Prop37
 90
       50
102
RTVSPost2010PropOp37
 70
     1
102
RTVSPost2010Prop38
140
0.0
102
RTVSPost2010PropOp38
 70
     1
102
RTVSPost2010Prop39
140
1.0
102
RTVSPost2010PropOp39
 70
     1
102
RTVSPost2010Prop40
 90
        0
102
RTVSPost2010PropOp40
 70
     1
102
RTVSPost2010Prop41ColorIndex
 90
       18
102
RTVSPost2010Prop41ColorRGB
 90
        0
102
RTVSPost2010PropOp41
 70
     1
102
RTVSPost2010Prop42
 90
       50
102
RTVSPost2010PropOp42
 70
     1
102
RTVSPost2010Prop43
 90
        3
102
RTVSPost2010PropOp43
 70
     1
102
RTVSPost2010Prop44ColorIndex
 90
        5
102
RTVSPost2010Prop44ColorRGB
 90
      255
102
RTVSPost2010PropOp44
 70
     1
102
RTVSPost2010Prop45
280
     0
102
RTVSPost2010PropOp45
 70
     1
102
RTVSPost2010Prop46
 90
       50
102
RTVSPost2010PropOp46
 70
     1
102
RTVSPost2010Prop47
 90
       50
102
RTVSPost2010PropOp47
 70
     1
102
RTVSPost2010Prop48
 90
       50
102
RTVSPost2010PropOp48
 70
     1
102
RTVSPost2010Prop49
280
     0
102
RTVSPost2010PropOp49
 70
     1
102
RTVSPost2010Prop50
 90
       50
102
RTVSPost2010PropOp50
 70
     1
102
RTVSPost2010Prop51ColorIndex
 90
      256
102
RTVSPost2010Prop51ColorRGB
 90
-16777216
102
RTVSPost2010PropOp51
 70
     0
102
RTVSPost2010Prop52
140
1.0
102
RTVSPost2010PropOp52
 70
     0
102
RTVSPost2010Prop53
 90
        2
102
RTVSPost2010PropOp53
 70
     1
102
RTVSPost2010Prop54
  1
strokes_ogs.tif
102
RTVSPost2010PropOp54
 70
     1
102
RTVSPost2010Prop55
280
     0
102
RTVSPost2010PropOp55
 70
     1
102
RTVSPost2010Prop56
140
1.0
102
RTVSPost2010PropOp56
 70
     1
102
RTVSPost2010Prop57
140
1.0
102
RTVSPost2010PropOp57
 70
     1
  0
XRECORD
  5
16F
102
{ACAD_REACTORS
330
16E
102
}
330
16E
100
AcDbXrecord
280
     1
102
RTVSPropertyOp0
 70
     1
102
RTVSPropertyOp1
 70
     1
102
RTVSPropertyOp2
 70
     1
102
RTVSPropertyOp3
 70
     1
102
RTVSPropertyOp4
 70
     1
102
RTVSPropertyOp5
 70
     1
102
RTVSPropertyOp6
 70
     1
102
RTVSPropertyOp7
 70
     1
102
RTVSPropertyOp8
 70
     1
102
RTVSPropertyOp9
 70
     1
102
RTVSPropertyOp10
 70
     1
102
RTVSPropertyOp11
 70
     1
102
RTVSPropertyOp12
 70
     1
102
RTVSPropertyOp13
 70
     1
102
RTVSPropertyOp14
 70
     1
102
RTVSPropertyOp15
 70
     1
102
RTVSPropertyOp16
 70
     1
102
RTVSPropertyOp17
 70
     1
102
RTVSPropertyOp18
 70
     1
102
RTVSPropertyOp19
 70
     1
102
RTVSPropertyOp20
 70
     1
102
RTVSPropertyOp21
 70
     1
102
RTVSPropertyOp22
 70
     1
102
RTVSPropertyOp23
 70
     1
102
RTVSPropertyOp24
 70
     1
102
RTVSPropertyOp25
 70
     1
102
RTVSPropertyOp26
 70
     1
102
RTVSPropertyOp27
 70
     1
102
RTVSPropertyOp28
 70
     1
102
RTVSPropertyOp29
 70
     1
102
RTVSPropertyOp30
 70
     1
102
RTVSPropertyOp31
 70
     1
102
RTVSPropertyOp32
 70
     1
102
RTVSPropertyOp33
 70
     1
102
RTVSPropertyOp34
 70
     1
102
RTVSPropertyOp35
 70
     1
102
RTVSPropertyOp36
 70
     1
102
RTVSPropertyOp37
 70
     1
102
RTVSPropertyOp38
 70
     1
102
RTVSPropertyOp39
 70
     1
102
RTVSPropertyOp40
 70
     1
102
RTVSPropertyOp41
 70
     1
102
RTVSPropertyOp42
 70
     1
102
RTVSPropertyOp43
 70
     1
102
RTVSPropertyOp44
 70
     1
102
RTVSPropertyOp45
 70
     1
102
RTVSPropertyOp46
 70
     1
102
RTVSPropertyOp47
 70
     1
102
RTVSPropertyOp48
 70
     1
102
RTVSPropertyOp49
 70
     1
102
RTVSPropertyOp50
 70
     1
102
RTVSPropertyOp51
 70
     0
102
RTVSPropertyOp52
 70
     0
102
RTVSPropertyOp53
 70
     1
102
RTVSPropertyOp54
 70
     1
102
RTVSPropertyOp55
 70
     1
102
RTVSPropertyOp56
 70
     1
102
RTVSPropertyOp57
 70
     1
102
RTVSPost2010Prop28
280
     0
102
RTVSPost2010PropOp28
 70
     1
102
RTVSPost2010Prop29
280
     1
102
RTVSPost2010PropOp29
 70
     1
102
RTVSPost2010Prop30
280
     1
102
RTVSPost2010PropOp30
 70
     1
102
RTVSPost2010Prop31
280
     0
102
RTVSPost2010PropOp31
 70
     1
102
RTVSPost2010Prop32
280
     0
102
RTVSPost2010PropOp32
 70
     1
102
RTVSPost2010Prop33
280
     0
102
RTVSPost2010PropOp33
 70
     1
102
RTVSPost2010Prop34
280
     0
102
RTVSPost2010PropOp34
 70
     1
102
RTVSPost2010Prop35
280
     0
102
RTVSPost2010PropOp35
 70
     1
102
RTVSPost2010Prop36
280
     0
102
RTVSPost2010PropOp36
 70
     1
102
RTVSPost2010Prop37
 90
       50
102
RTVSPost2010PropOp37
 70
     1
102
RTVSPost2010Prop38
140
0.0
102
RTVSPost2010PropOp38
 70
     1
102
RTVSPost2010Prop39
140
1.0
102
RTVSPost2010PropOp39
 70
     1
102
RTVSPost2010Prop40
 90
        0
102
RTVSPost2010PropOp40
 70
     1
102
RTVSPost2010Prop41ColorIndex
 90
       18
102
RTVSPost2010Prop41ColorRGB
 90
        0
102
RTVSPost2010PropOp41
 70
     1
102
RTVSPost2010Prop42
 90
       50
102
RTVSPost2010PropOp42
 70
     1
102
RTVSPost2010Prop43
 90
        3
102
RTVSPost2010PropOp43
 70
     1
102
RTVSPost2010Prop44ColorIndex
 90
        5
102
RTVSPost2010Prop44ColorRGB
 90
      255
102
RTVSPost2010PropOp44
 70
     1
102
RTVSPost2010Prop45
280
     0
102
RTVSPost2010PropOp45
 70
     1
102
RTVSPost2010Prop46
 90
       50
102
RTVSPost2010PropOp46
 70
     1
102
RTVSPost2010Prop47
 90
       50
102
RTVSPost2010PropOp47
 70
     1
102
RTVSPost2010Prop48
 90
       50
102
RTVSPost2010PropOp48
 70
     1
102
RTVSPost2010Prop49
280
     0
102
RTVSPost2010PropOp49
 70
     1
102
RTVSPost2010Prop50
 90
       50
102
RTVSPost2010PropOp50
 70
     1
102
RTVSPost2010Prop51ColorIndex
 90
      256
102
RTVSPost2010Prop51ColorRGB
 90
-16777216
102
RTVSPost2010PropOp51
 70
     0
102
RTVSPost2010Prop52
140
1.0
102
RTVSPost2010PropOp52
 70
     0
102
RTVSPost2010Prop53
 90
        2
102
RTVSPost2010PropOp53
 70
     1
102
RTVSPost2010Prop54
  1
strokes_ogs.tif
102
RTVSPost2010PropOp54
 70
     1
102
RTVSPost2010Prop55
280
     0
102
RTVSPost2010PropOp55
 70
     1
102
RTVSPost2010Prop56
140
1.0
102
RTVSPost2010PropOp56
 70
     1
102
RTVSPost2010Prop57
140
1.0
102
RTVSPost2010PropOp57
 70
     1
  0
XRECORD
  5
163
102
{ACAD_REACTORS
330
162
102
}
330
162
100
AcDbXrecord
280
     1
102
RTVSPropertyOp0
 70
     1
102
RTVSPropertyOp1
 70
     1
102
RTVSPropertyOp2
 70
     1
102
RTVSPropertyOp3
 70
     1
102
RTVSPropertyOp4
 70
     1
102
RTVSPropertyOp5
 70
     1
102
RTVSPropertyOp6
 70
     1
102
RTVSPropertyOp7
 70
     1
102
RTVSPropertyOp8
 70
     1
102
RTVSPropertyOp9
 70
     1
102
RTVSPropertyOp10
 70
     1
102
RTVSPropertyOp11
 70
     1
102
RTVSPropertyOp12
 70
     1
102
RTVSPropertyOp13
 70
     1
102
RTVSPropertyOp14
 70
     1
102
RTVSPropertyOp15
 70
     1
102
RTVSPropertyOp16
 70
     1
102
RTVSPropertyOp17
 70
     1
102
RTVSPropertyOp18
 70
     1
102
RTVSPropertyOp19
 70
     1
102
RTVSPropertyOp20
 70
     1
102
RTVSPropertyOp21
 70
     1
102
RTVSPropertyOp22
 70
     1
102
RTVSPropertyOp23
 70
     1
102
RTVSPropertyOp24
 70
     1
102
RTVSPropertyOp25
 70
     1
102
RTVSPropertyOp26
 70
     1
102
RTVSPropertyOp27
 70
     1
102
RTVSPropertyOp28
 70
     1
102
RTVSPropertyOp29
 70
     1
102
RTVSPropertyOp30
 70
     1
102
RTVSPropertyOp31
 70
     1
102
RTVSPropertyOp32
 70
     1
102
RTVSPropertyOp33
 70
     1
102
RTVSPropertyOp34
 70
     1
102
RTVSPropertyOp35
 70
     1
102
RTVSPropertyOp36
 70
     1
102
RTVSPropertyOp37
 70
     1
102
RTVSPropertyOp38
 70
     1
102
RTVSPropertyOp39
 70
     1
102
RTVSPropertyOp40
 70
     1
102
RTVSPropertyOp41
 70
     1
102
RTVSPropertyOp42
 70
     1
102
RTVSPropertyOp43
 70
     1
102
RTVSPropertyOp44
 70
     1
102
RTVSPropertyOp45
 70
     1
102
RTVSPropertyOp46
 70
     1
102
RTVSPropertyOp47
 70
     1
102
RTVSPropertyOp48
 70
     1
102
RTVSPropertyOp49
 70
     1
102
RTVSPropertyOp50
 70
     1
102
RTVSPropertyOp51
 70
     0
102
RTVSPropertyOp52
 70
     0
102
RTVSPropertyOp53
 70
     1
102
RTVSPropertyOp54
 70
     1
102
RTVSPropertyOp55
 70
     1
102
RTVSPropertyOp56
 70
     1
102
RTVSPropertyOp57
 70
     1
102
RTVSPost2010Prop28
280
     0
102
RTVSPost2010PropOp28
 70
     1
102
RTVSPost2010Prop29
280
     1
102
RTVSPost2010PropOp29
 70
     1
102
RTVSPost2010Prop30
280
     1
102
RTVSPost2010PropOp30
 70
     1
102
RTVSPost2010Prop31
280
     0
102
RTVSPost2010PropOp31
 70
     1
102
RTVSPost2010Prop32
280
     0
102
RTVSPost2010PropOp32
 70
     1
102
RTVSPost2010Prop33
280
     0
102
RTVSPost2010PropOp33
 70
     1
102
RTVSPost2010Prop34
280
     0
102
RTVSPost2010PropOp34
 70
     1
102
RTVSPost2010Prop35
280
     0
102
RTVSPost2010PropOp35
 70
     1
102
RTVSPost2010Prop36
280
     0
102
RTVSPost2010PropOp36
 70
     1
102
RTVSPost2010Prop37
 90
       50
102
RTVSPost2010PropOp37
 70
     1
102
RTVSPost2010Prop38
140
0.0
102
RTVSPost2010PropOp38
 70
     1
102
RTVSPost2010Prop39
140
1.0
102
RTVSPost2010PropOp39
 70
     1
102
RTVSPost2010Prop40
 90
        0
102
RTVSPost2010PropOp40
 70
     1
102
RTVSPost2010Prop41ColorIndex
 90
       18
102
RTVSPost2010Prop41ColorRGB
 90
        0
102
RTVSPost2010PropOp41
 70
     1
102
RTVSPost2010Prop42
 90
       50
102
RTVSPost2010PropOp42
 70
     1
102
RTVSPost2010Prop43
 90
        3
102
RTVSPost2010PropOp43
 70
     1
102
RTVSPost2010Prop44ColorIndex
 90
        5
102
RTVSPost2010Prop44ColorRGB
 90
      255
102
RTVSPost2010PropOp44
 70
     1
102
RTVSPost2010Prop45
280
     0
102
RTVSPost2010PropOp45
 70
     1
102
RTVSPost2010Prop46
 90
       50
102
RTVSPost2010PropOp46
 70
     1
102
RTVSPost2010Prop47
 90
       50
102
RTVSPost2010PropOp47
 70
     1
102
RTVSPost2010Prop48
 90
       50
102
RTVSPost2010PropOp48
 70
     1
102
RTVSPost2010Prop49
280
     0
102
RTVSPost2010PropOp49
 70
     1
102
RTVSPost2010Prop50
 90
       50
102
RTVSPost2010PropOp50
 70
     1
102
RTVSPost2010Prop51ColorIndex
 90
      256
102
RTVSPost2010Prop51ColorRGB
 90
-16777216
102
RTVSPost2010PropOp51
 70
     0
102
RTVSPost2010Prop52
140
1.0
102
RTVSPost2010PropOp52
 70
     0
102
RTVSPost2010Prop53
 90
        2
102
RTVSPost2010PropOp53
 70
     1
102
RTVSPost2010Prop54
  1
strokes_ogs.tif
102
RTVSPost2010PropOp54
 70
     1
102
RTVSPost2010Prop55
280
     0
102
RTVSPost2010PropOp55
 70
     1
102
RTVSPost2010Prop56
140
1.0
102
RTVSPost2010PropOp56
 70
     1
102
RTVSPost2010Prop57
140
1.0
102
RTVSPost2010PropOp57
 70
     1
  0
XRECORD
  5
165
102
{ACAD_REACTORS
330
164
102
}
330
164
100
AcDbXrecord
280
     1
102
RTVSPropertyOp0
 70
     1
102
RTVSPropertyOp1
 70
     1
102
RTVSPropertyOp2
 70
     1
102
RTVSPropertyOp3
 70
     1
102
RTVSPropertyOp4
 70
     1
102
RTVSPropertyOp5
 70
     1
102
RTVSPropertyOp6
 70
     1
102
RTVSPropertyOp7
 70
     1
102
RTVSPropertyOp8
 70
     1
102
RTVSPropertyOp9
 70
     1
102
RTVSPropertyOp10
 70
     1
102
RTVSPropertyOp11
 70
     1
102
RTVSPropertyOp12
 70
     1
102
RTVSPropertyOp13
 70
     1
102
RTVSPropertyOp14
 70
     1
102
RTVSPropertyOp15
 70
     1
102
RTVSPropertyOp16
 70
     1
102
RTVSPropertyOp17
 70
     1
102
RTVSPropertyOp18
 70
     1
102
RTVSPropertyOp19
 70
     1
102
RTVSPropertyOp20
 70
     1
102
RTVSPropertyOp21
 70
     1
102
RTVSPropertyOp22
 70
     1
102
RTVSPropertyOp23
 70
     1
102
RTVSPropertyOp24
 70
     1
102
RTVSPropertyOp25
 70
     1
102
RTVSPropertyOp26
 70
     1
102
RTVSPropertyOp27
 70
     1
102
RTVSPropertyOp28
 70
     1
102
RTVSPropertyOp29
 70
     1
102
RTVSPropertyOp30
 70
     1
102
RTVSPropertyOp31
 70
     1
102
RTVSPropertyOp32
 70
     1
102
RTVSPropertyOp33
 70
     1
102
RTVSPropertyOp34
 70
     1
102
RTVSPropertyOp35
 70
     1
102
RTVSPropertyOp36
 70
     1
102
RTVSPropertyOp37
 70
     1
102
RTVSPropertyOp38
 70
     1
102
RTVSPropertyOp39
 70
     1
102
RTVSPropertyOp40
 70
     1
102
RTVSPropertyOp41
 70
     1
102
RTVSPropertyOp42
 70
     1
102
RTVSPropertyOp43
 70
     1
102
RTVSPropertyOp44
 70
     1
102
RTVSPropertyOp45
 70
     1
102
RTVSPropertyOp46
 70
     1
102
RTVSPropertyOp47
 70
     1
102
RTVSPropertyOp48
 70
     1
102
RTVSPropertyOp49
 70
     1
102
RTVSPropertyOp50
 70
     1
102
RTVSPropertyOp51
 70
     0
102
RTVSPropertyOp52
 70
     0
102
RTVSPropertyOp53
 70
     1
102
RTVSPropertyOp54
 70
     1
102
RTVSPropertyOp55
 70
     1
102
RTVSPropertyOp56
 70
     1
102
RTVSPropertyOp57
 70
     1
102
RTVSPost2010Prop28
280
     0
102
RTVSPost2010PropOp28
 70
     1
102
RTVSPost2010Prop29
280
     1
102
RTVSPost2010PropOp29
 70
     1
102
RTVSPost2010Prop30
280
     1
102
RTVSPost2010PropOp30
 70
     1
102
RTVSPost2010Prop31
280
     0
102
RTVSPost2010PropOp31
 70
     1
102
RTVSPost2010Prop32
280
     0
102
RTVSPost2010PropOp32
 70
     1
102
RTVSPost2010Prop33
280
     0
102
RTVSPost2010PropOp33
 70
     1
102
RTVSPost2010Prop34
280
     0
102
RTVSPost2010PropOp34
 70
     1
102
RTVSPost2010Prop35
280
     0
102
RTVSPost2010PropOp35
 70
     1
102
RTVSPost2010Prop36
280
     0
102
RTVSPost2010PropOp36
 70
     1
102
RTVSPost2010Prop37
 90
       50
102
RTVSPost2010PropOp37
 70
     1
102
RTVSPost2010Prop38
140
0.0
102
RTVSPost2010PropOp38
 70
     1
102
RTVSPost2010Prop39
140
1.0
102
RTVSPost2010PropOp39
 70
     1
102
RTVSPost2010Prop40
 90
        0
102
RTVSPost2010PropOp40
 70
     1
102
RTVSPost2010Prop41ColorIndex
 90
       18
102
RTVSPost2010Prop41ColorRGB
 90
        0
102
RTVSPost2010PropOp41
 70
     1
102
RTVSPost2010Prop42
 90
       50
102
RTVSPost2010PropOp42
 70
     1
102
RTVSPost2010Prop43
 90
        3
102
RTVSPost2010PropOp43
 70
     1
102
RTVSPost2010Prop44ColorIndex
 90
        5
102
RTVSPost2010Prop44ColorRGB
 90
      255
102
RTVSPost2010PropOp44
 70
     1
102
RTVSPost2010Prop45
280
     0
102
RTVSPost2010PropOp45
 70
     1
102
RTVSPost2010Prop46
 90
       50
102
RTVSPost2010PropOp46
 70
     1
102
RTVSPost2010Prop47
 90
       50
102
RTVSPost2010PropOp47
 70
     1
102
RTVSPost2010Prop48
 90
       50
102
RTVSPost2010PropOp48
 70
     1
102
RTVSPost2010Prop49
280
     0
102
RTVSPost2010PropOp49
 70
     1
102
RTVSPost2010Prop50
 90
       50
102
RTVSPost2010PropOp50
 70
     1
102
RTVSPost2010Prop51ColorIndex
 90
      256
102
RTVSPost2010Prop51ColorRGB
 90
-16777216
102
RTVSPost2010PropOp51
 70
     0
102
RTVSPost2010Prop52
140
1.0
102
RTVSPost2010PropOp52
 70
     0
102
RTVSPost2010Prop53
 90
        2
102
RTVSPost2010PropOp53
 70
     1
102
RTVSPost2010Prop54
  1
strokes_ogs.tif
102
RTVSPost2010PropOp54
 70
     1
102
RTVSPost2010Prop55
280
     0
102
RTVSPost2010PropOp55
 70
     1
102
RTVSPost2010Prop56
140
1.0
102
RTVSPost2010PropOp56
 70
     1
102
RTVSPost2010Prop57
140
1.0
102
RTVSPost2010PropOp57
 70
     1
  0
XRECORD
  5
175
102
{ACAD_REACTORS
330
174
102
}
330
174
100
AcDbXrecord
280
     1
102
RTVSPropertyOp0
 70
     0
102
RTVSPropertyOp1
 70
     0
102
RTVSPropertyOp2
 70
     0
102
RTVSPropertyOp3
 70
     0
102
RTVSPropertyOp4
 70
     0
102
RTVSPropertyOp5
 70
     0
102
RTVSPropertyOp6
 70
     0
102
RTVSPropertyOp7
 70
     0
102
RTVSPropertyOp8
 70
     0
102
RTVSPropertyOp9
 70
     0
102
RTVSPropertyOp10
 70
     0
102
RTVSPropertyOp11
 70
     0
102
RTVSPropertyOp12
 70
     0
102
RTVSPropertyOp13
 70
     0
102
RTVSPropertyOp14
 70
     2
102
RTVSPropertyOp15
 70
     0
102
RTVSPropertyOp16
 70
     0
102
RTVSPropertyOp17
 70
     0
102
RTVSPropertyOp18
 70
     0
102
RTVSPropertyOp19
 70
     0
102
RTVSPropertyOp20
 70
     0
102
RTVSPropertyOp21
 70
     0
102
RTVSPropertyOp22
 70
     0
102
RTVSPropertyOp23
 70
     0
102
RTVSPropertyOp24
 70
     0
102
RTVSPropertyOp25
 70
     0
102
RTVSPropertyOp26
 70
     0
102
RTVSPropertyOp27
 70
     0
102
RTVSPropertyOp28
 70
     0
102
RTVSPropertyOp29
 70
     0
102
RTVSPropertyOp30
 70
     0
102
RTVSPropertyOp31
 70
     0
102
RTVSPropertyOp32
 70
     0
102
RTVSPropertyOp33
 70
     0
102
RTVSPropertyOp34
 70
     0
102
RTVSPropertyOp35
 70
     0
102
RTVSPropertyOp36
 70
     0
102
RTVSPropertyOp37
 70
     0
102
RTVSPropertyOp38
 70
     0
102
RTVSPropertyOp39
 70
     0
102
RTVSPropertyOp40
 70
     0
102
RTVSPropertyOp41
 70
     0
102
RTVSPropertyOp42
 70
     0
102
RTVSPropertyOp43
 70
     0
102
RTVSPropertyOp44
 70
     0
102
RTVSPropertyOp45
 70
     0
102
RTVSPropertyOp46
 70
     0
102
RTVSPropertyOp47
 70
     0
102
RTVSPropertyOp48
 70
     0
102
RTVSPropertyOp49
 70
     0
102
RTVSPropertyOp50
 70
     0
102
RTVSPropertyOp51
 70
     0
102
RTVSPropertyOp52
 70
     0
102
RTVSPropertyOp53
 70
     0
102
RTVSPropertyOp54
 70
     0
102
RTVSPropertyOp55
 70
     0
102
RTVSPropertyOp56
 70
     0
102
RTVSPropertyOp57
 70
     0
102
RTVSPost2010Prop28
280
     0
102
RTVSPost2010PropOp28
 70
     0
102
RTVSPost2010Prop29
280
     1
102
RTVSPost2010PropOp29
 70
     0
102
RTVSPost2010Prop30
280
     1
102
RTVSPost2010PropOp30
 70
     0
102
RTVSPost2010Prop31
280
     0
102
RTVSPost2010PropOp31
 70
     0
102
RTVSPost2010Prop32
280
     0
102
RTVSPost2010PropOp32
 70
     0
102
RTVSPost2010Prop33
280
     0
102
RTVSPost2010PropOp33
 70
     0
102
RTVSPost2010Prop34
280
     0
102
RTVSPost2010PropOp34
 70
     0
102
RTVSPost2010Prop35
280
     0
102
RTVSPost2010PropOp35
 70
     0
102
RTVSPost2010Prop36
280
     0
102
RTVSPost2010PropOp36
 70
     0
102
RTVSPost2010Prop37
 90
       50
102
RTVSPost2010PropOp37
 70
     0
102
RTVSPost2010Prop38
140
0.0
102
RTVSPost2010PropOp38
 70
     0
102
RTVSPost2010Prop39
140
1.0
102
RTVSPost2010PropOp39
 70
     0
102
RTVSPost2010Prop40
 90
        0
102
RTVSPost2010PropOp40
 70
     0
102
RTVSPost2010Prop41ColorIndex
 90
       18
102
RTVSPost2010Prop41ColorRGB
 90
        0
102
RTVSPost2010PropOp41
 70
     0
102
RTVSPost2010Prop42
 90
       50
102
RTVSPost2010PropOp42
 70
     0
102
RTVSPost2010Prop43
 90
        3
102
RTVSPost2010PropOp43
 70
     0
102
RTVSPost2010Prop44ColorIndex
 90
        5
102
RTVSPost2010Prop44ColorRGB
 90
      255
102
RTVSPost2010PropOp44
 70
     0
102
RTVSPost2010Prop45
280
     0
102
RTVSPost2010PropOp45
 70
     0
102
RTVSPost2010Prop46
 90
       50
102
RTVSPost2010PropOp46
 70
     0
102
RTVSPost2010Prop47
 90
       50
102
RTVSPost2010PropOp47
 70
     0
102
RTVSPost2010Prop48
 90
       50
102
RTVSPost2010PropOp48
 70
     0
102
RTVSPost2010Prop49
280
     0
102
RTVSPost2010PropOp49
 70
     0
102
RTVSPost2010Prop50
 90
       50
102
RTVSPost2010PropOp50
 70
     0
102
RTVSPost2010Prop51ColorIndex
 90
      256
102
RTVSPost2010Prop51ColorRGB
 90
-16777216
102
RTVSPost2010PropOp51
 70
     0
102
RTVSPost2010Prop52
140
1.0
102
RTVSPost2010PropOp52
 70
     0
102
RTVSPost2010Prop53
 90
        2
102
RTVSPost2010PropOp53
 70
     0
102
RTVSPost2010Prop54
  1
strokes_ogs.tif
102
RTVSPost2010PropOp54
 70
     0
102
RTVSPost2010Prop55
280
     0
102
RTVSPost2010PropOp55
 70
     0
102
RTVSPost2010Prop56
140
1.0
102
RTVSPost2010PropOp56
 70
     0
102
RTVSPost2010Prop57
140
1.0
102
RTVSPost2010PropOp57
 70
     0
  0
XRECORD
  5
16D
102
{ACAD_REACTORS
330
16C
102
}
330
16C
100
AcDbXrecord
280
     1
102
RTVSPropertyOp0
 70
     1
102
RTVSPropertyOp1
 70
     1
102
RTVSPropertyOp2
 70
     1
102
RTVSPropertyOp3
 70
     1
102
RTVSPropertyOp4
 70
     1
102
RTVSPropertyOp5
 70
     1
102
RTVSPropertyOp6
 70
     1
102
RTVSPropertyOp7
 70
     1
102
RTVSPropertyOp8
 70
     1
102
RTVSPropertyOp9
 70
     1
102
RTVSPropertyOp10
 70
     1
102
RTVSPropertyOp11
 70
     1
102
RTVSPropertyOp12
 70
     1
102
RTVSPropertyOp13
 70
     1
102
RTVSPropertyOp14
 70
     1
102
RTVSPropertyOp15
 70
     1
102
RTVSPropertyOp16
 70
     1
102
RTVSPropertyOp17
 70
     1
102
RTVSPropertyOp18
 70
     1
102
RTVSPropertyOp19
 70
     1
102
RTVSPropertyOp20
 70
     1
102
RTVSPropertyOp21
 70
     1
102
RTVSPropertyOp22
 70
     1
102
RTVSPropertyOp23
 70
     1
102
RTVSPropertyOp24
 70
     1
102
RTVSPropertyOp25
 70
     1
102
RTVSPropertyOp26
 70
     1
102
RTVSPropertyOp27
 70
     1
102
RTVSPropertyOp28
 70
     1
102
RTVSPropertyOp29
 70
     1
102
RTVSPropertyOp30
 70
     1
102
RTVSPropertyOp31
 70
     1
102
RTVSPropertyOp32
 70
     1
102
RTVSPropertyOp33
 70
     1
102
RTVSPropertyOp34
 70
     1
102
RTVSPropertyOp35
 70
     1
102
RTVSPropertyOp36
 70
     1
102
RTVSPropertyOp37
 70
     1
102
RTVSPropertyOp38
 70
     1
102
RTVSPropertyOp39
 70
     1
102
RTVSPropertyOp40
 70
     1
102
RTVSPropertyOp41
 70
     1
102
RTVSPropertyOp42
 70
     1
102
RTVSPropertyOp43
 70
     1
102
RTVSPropertyOp44
 70
     1
102
RTVSPropertyOp45
 70
     1
102
RTVSPropertyOp46
 70
     1
102
RTVSPropertyOp47
 70
     1
102
RTVSPropertyOp48
 70
     1
102
RTVSPropertyOp49
 70
     1
102
RTVSPropertyOp50
 70
     1
102
RTVSPropertyOp51
 70
     0
102
RTVSPropertyOp52
 70
     0
102
RTVSPropertyOp53
 70
     1
102
RTVSPropertyOp54
 70
     1
102
RTVSPropertyOp55
 70
     1
102
RTVSPropertyOp56
 70
     1
102
RTVSPropertyOp57
 70
     1
102
RTVSPost2010Prop28
280
     0
102
RTVSPost2010PropOp28
 70
     1
102
RTVSPost2010Prop29
280
     1
102
RTVSPost2010PropOp29
 70
     1
102
RTVSPost2010Prop30
280
     1
102
RTVSPost2010PropOp30
 70
     1
102
RTVSPost2010Prop31
280
     0
102
RTVSPost2010PropOp31
 70
     1
102
RTVSPost2010Prop32
280
     0
102
RTVSPost2010PropOp32
 70
     1
102
RTVSPost2010Prop33
280
     0
102
RTVSPost2010PropOp33
 70
     1
102
RTVSPost2010Prop34
280
     0
102
RTVSPost2010PropOp34
 70
     1
102
RTVSPost2010Prop35
280
     0
102
RTVSPost2010PropOp35
 70
     1
102
RTVSPost2010Prop36
280
     0
102
RTVSPost2010PropOp36
 70
     1
102
RTVSPost2010Prop37
 90
       50
102
RTVSPost2010PropOp37
 70
     1
102
RTVSPost2010Prop38
140
0.0
102
RTVSPost2010PropOp38
 70
     1
102
RTVSPost2010Prop39
140
1.0
102
RTVSPost2010PropOp39
 70
     1
102
RTVSPost2010Prop40
 90
        0
102
RTVSPost2010PropOp40
 70
     1
102
RTVSPost2010Prop41ColorIndex
 90
       18
102
RTVSPost2010Prop41ColorRGB
 90
        0
102
RTVSPost2010PropOp41
 70
     1
102
RTVSPost2010Prop42
 90
       50
102
RTVSPost2010PropOp42
 70
     1
102
RTVSPost2010Prop43
 90
        3
102
RTVSPost2010PropOp43
 70
     1
102
RTVSPost2010Prop44ColorIndex
 90
        5
102
RTVSPost2010Prop44ColorRGB
 90
      255
102
RTVSPost2010PropOp44
 70
     1
102
RTVSPost2010Prop45
280
     0
102
RTVSPost2010PropOp45
 70
     1
102
RTVSPost2010Prop46
 90
       50
102
RTVSPost2010PropOp46
 70
     1
102
RTVSPost2010Prop47
 90
       50
102
RTVSPost2010PropOp47
 70
     1
102
RTVSPost2010Prop48
 90
       50
102
RTVSPost2010PropOp48
 70
     1
102
RTVSPost2010Prop49
280
     0
102
RTVSPost2010PropOp49
 70
     1
102
RTVSPost2010Prop50
 90
       50
102
RTVSPost2010PropOp50
 70
     1
102
RTVSPost2010Prop51ColorIndex
 90
      256
102
RTVSPost2010Prop51ColorRGB
 90
-16777216
102
RTVSPost2010PropOp51
 70
     0
102
RTVSPost2010Prop52
140
1.0
102
RTVSPost2010PropOp52
 70
     0
102
RTVSPost2010Prop53
 90
        2
102
RTVSPost2010PropOp53
 70
     1
102
RTVSPost2010Prop54
  1
strokes_ogs.tif
102
RTVSPost2010PropOp54
 70
     1
102
RTVSPost2010Prop55
280
     0
102
RTVSPost2010PropOp55
 70
     1
102
RTVSPost2010Prop56
140
1.0
102
RTVSPost2010PropOp56
 70
     1
102
RTVSPost2010Prop57
140
1.0
102
RTVSPost2010PropOp57
 70
     1
  0
XRECORD
  5
151
102
{ACAD_REACTORS
330
150
102
}
330
150
100
AcDbXrecord
280
     1
102
RTVSPropertyOp0
 70
     1
102
RTVSPropertyOp1
 70
     1
102
RTVSPropertyOp2
 70
     1
102
RTVSPropertyOp3
 70
     1
102
RTVSPropertyOp4
 70
     1
102
RTVSPropertyOp5
 70
     1
102
RTVSPropertyOp6
 70
     1
102
RTVSPropertyOp7
 70
     1
102
RTVSPropertyOp8
 70
     1
102
RTVSPropertyOp9
 70
     1
102
RTVSPropertyOp10
 70
     1
102
RTVSPropertyOp11
 70
     1
102
RTVSPropertyOp12
 70
     1
102
RTVSPropertyOp13
 70
     1
102
RTVSPropertyOp14
 70
     1
102
RTVSPropertyOp15
 70
     1
102
RTVSPropertyOp16
 70
     1
102
RTVSPropertyOp17
 70
     1
102
RTVSPropertyOp18
 70
     1
102
RTVSPropertyOp19
 70
     1
102
RTVSPropertyOp20
 70
     1
102
RTVSPropertyOp21
 70
     1
102
RTVSPropertyOp22
 70
     1
102
RTVSPropertyOp23
 70
     1
102
RTVSPropertyOp24
 70
     1
102
RTVSPropertyOp25
 70
     1
102
RTVSPropertyOp26
 70
     1
102
RTVSPropertyOp27
 70
     1
102
RTVSPropertyOp28
 70
     1
102
RTVSPropertyOp29
 70
     1
102
RTVSPropertyOp30
 70
     1
102
RTVSPropertyOp31
 70
     1
102
RTVSPropertyOp32
 70
     1
102
RTVSPropertyOp33
 70
     1
102
RTVSPropertyOp34
 70
     1
102
RTVSPropertyOp35
 70
     1
102
RTVSPropertyOp36
 70
     1
102
RTVSPropertyOp37
 70
     1
102
RTVSPropertyOp38
 70
     1
102
RTVSPropertyOp39
 70
     1
102
RTVSPropertyOp40
 70
     1
102
RTVSPropertyOp41
 70
     1
102
RTVSPropertyOp42
 70
     1
102
RTVSPropertyOp43
 70
     1
102
RTVSPropertyOp44
 70
     1
102
RTVSPropertyOp45
 70
     1
102
RTVSPropertyOp46
 70
     1
102
RTVSPropertyOp47
 70
     1
102
RTVSPropertyOp48
 70
     1
102
RTVSPropertyOp49
 70
     1
102
RTVSPropertyOp50
 70
     1
102
RTVSPropertyOp51
 70
     0
102
RTVSPropertyOp52
 70
     0
102
RTVSPropertyOp53
 70
     1
102
RTVSPropertyOp54
 70
     1
102
RTVSPropertyOp55
 70
     1
102
RTVSPropertyOp56
 70
     1
102
RTVSPropertyOp57
 70
     1
102
RTVSPost2010Prop28
280
     0
102
RTVSPost2010PropOp28
 70
     1
102
RTVSPost2010Prop29
280
     1
102
RTVSPost2010PropOp29
 70
     1
102
RTVSPost2010Prop30
280
     1
102
RTVSPost2010PropOp30
 70
     1
102
RTVSPost2010Prop31
280
     0
102
RTVSPost2010PropOp31
 70
     1
102
RTVSPost2010Prop32
280
     0
102
RTVSPost2010PropOp32
 70
     1
102
RTVSPost2010Prop33
280
     0
102
RTVSPost2010PropOp33
 70
     1
102
RTVSPost2010Prop34
280
     0
102
RTVSPost2010PropOp34
 70
     1
102
RTVSPost2010Prop35
280
     0
102
RTVSPost2010PropOp35
 70
     1
102
RTVSPost2010Prop36
280
     0
102
RTVSPost2010PropOp36
 70
     1
102
RTVSPost2010Prop37
 90
       50
102
RTVSPost2010PropOp37
 70
     1
102
RTVSPost2010Prop38
140
0.0
102
RTVSPost2010PropOp38
 70
     1
102
RTVSPost2010Prop39
140
1.0
102
RTVSPost2010PropOp39
 70
     1
102
RTVSPost2010Prop40
 90
        0
102
RTVSPost2010PropOp40
 70
     1
102
RTVSPost2010Prop41ColorIndex
 90
       18
102
RTVSPost2010Prop41ColorRGB
 90
        0
102
RTVSPost2010PropOp41
 70
     1
102
RTVSPost2010Prop42
 90
       50
102
RTVSPost2010PropOp42
 70
     1
102
RTVSPost2010Prop43
 90
        3
102
RTVSPost2010PropOp43
 70
     1
102
RTVSPost2010Prop44ColorIndex
 90
        5
102
RTVSPost2010Prop44ColorRGB
 90
      255
102
RTVSPost2010PropOp44
 70
     1
102
RTVSPost2010Prop45
280
     0
102
RTVSPost2010PropOp45
 70
     1
102
RTVSPost2010Prop46
 90
       50
102
RTVSPost2010PropOp46
 70
     1
102
RTVSPost2010Prop47
 90
       50
102
RTVSPost2010PropOp47
 70
     1
102
RTVSPost2010Prop48
 90
       50
102
RTVSPost2010PropOp48
 70
     1
102
RTVSPost2010Prop49
280
     0
102
RTVSPost2010PropOp49
 70
     1
102
RTVSPost2010Prop50
 90
       50
102
RTVSPost2010PropOp50
 70
     1
102
RTVSPost2010Prop51ColorIndex
 90
      256
102
RTVSPost2010Prop51ColorRGB
 90
-16777216
102
RTVSPost2010PropOp51
 70
     0
102
RTVSPost2010Prop52
140
1.0
102
RTVSPost2010PropOp52
 70
     0
102
RTVSPost2010Prop53
 90
        2
102
RTVSPost2010PropOp53
 70
     1
102
RTVSPost2010Prop54
  1
strokes_ogs.tif
102
RTVSPost2010PropOp54
 70
     1
102
RTVSPost2010Prop55
280
     0
102
RTVSPost2010PropOp55
 70
     1
102
RTVSPost2010Prop56
140
1.0
102
RTVSPost2010PropOp56
 70
     1
102
RTVSPost2010Prop57
140
1.0
102
RTVSPost2010PropOp57
 70
     1
  0
XRECORD
  5
153
102
{ACAD_REACTORS
330
152
102
}
330
152
100
AcDbXrecord
280
     1
102
RTVSPropertyOp0
 70
     1
102
RTVSPropertyOp1
 70
     1
102
RTVSPropertyOp2
 70
     1
102
RTVSPropertyOp3
 70
     1
102
RTVSPropertyOp4
 70
     1
102
RTVSPropertyOp5
 70
     1
102
RTVSPropertyOp6
 70
     1
102
RTVSPropertyOp7
 70
     1
102
RTVSPropertyOp8
 70
     1
102
RTVSPropertyOp9
 70
     1
102
RTVSPropertyOp10
 70
     1
102
RTVSPropertyOp11
 70
     1
102
RTVSPropertyOp12
 70
     1
102
RTVSPropertyOp13
 70
     1
102
RTVSPropertyOp14
 70
     1
102
RTVSPropertyOp15
 70
     1
102
RTVSPropertyOp16
 70
     1
102
RTVSPropertyOp17
 70
     1
102
RTVSPropertyOp18
 70
     1
102
RTVSPropertyOp19
 70
     1
102
RTVSPropertyOp20
 70
     1
102
RTVSPropertyOp21
 70
     1
102
RTVSPropertyOp22
 70
     1
102
RTVSPropertyOp23
 70
     1
102
RTVSPropertyOp24
 70
     1
102
RTVSPropertyOp25
 70
     1
102
RTVSPropertyOp26
 70
     1
102
RTVSPropertyOp27
 70
     1
102
RTVSPropertyOp28
 70
     1
102
RTVSPropertyOp29
 70
     1
102
RTVSPropertyOp30
 70
     1
102
RTVSPropertyOp31
 70
     1
102
RTVSPropertyOp32
 70
     1
102
RTVSPropertyOp33
 70
     1
102
RTVSPropertyOp34
 70
     1
102
RTVSPropertyOp35
 70
     1
102
RTVSPropertyOp36
 70
     1
102
RTVSPropertyOp37
 70
     1
102
RTVSPropertyOp38
 70
     1
102
RTVSPropertyOp39
 70
     1
102
RTVSPropertyOp40
 70
     1
102
RTVSPropertyOp41
 70
     1
102
RTVSPropertyOp42
 70
     1
102
RTVSPropertyOp43
 70
     1
102
RTVSPropertyOp44
 70
     1
102
RTVSPropertyOp45
 70
     1
102
RTVSPropertyOp46
 70
     1
102
RTVSPropertyOp47
 70
     1
102
RTVSPropertyOp48
 70
     1
102
RTVSPropertyOp49
 70
     1
102
RTVSPropertyOp50
 70
     1
102
RTVSPropertyOp51
 70
     0
102
RTVSPropertyOp52
 70
     0
102
RTVSPropertyOp53
 70
     1
102
RTVSPropertyOp54
 70
     1
102
RTVSPropertyOp55
 70
     1
102
RTVSPropertyOp56
 70
     1
102
RTVSPropertyOp57
 70
     1
102
RTVSPost2010Prop28
280
     0
102
RTVSPost2010PropOp28
 70
     1
102
RTVSPost2010Prop29
280
     1
102
RTVSPost2010PropOp29
 70
     1
102
RTVSPost2010Prop30
280
     1
102
RTVSPost2010PropOp30
 70
     1
102
RTVSPost2010Prop31
280
     0
102
RTVSPost2010PropOp31
 70
     1
102
RTVSPost2010Prop32
280
     0
102
RTVSPost2010PropOp32
 70
     1
102
RTVSPost2010Prop33
280
     0
102
RTVSPost2010PropOp33
 70
     1
102
RTVSPost2010Prop34
280
     0
102
RTVSPost2010PropOp34
 70
     1
102
RTVSPost2010Prop35
280
     0
102
RTVSPost2010PropOp35
 70
     1
102
RTVSPost2010Prop36
280
     0
102
RTVSPost2010PropOp36
 70
     1
102
RTVSPost2010Prop37
 90
       50
102
RTVSPost2010PropOp37
 70
     1
102
RTVSPost2010Prop38
140
0.0
102
RTVSPost2010PropOp38
 70
     1
102
RTVSPost2010Prop39
140
1.0
102
RTVSPost2010PropOp39
 70
     1
102
RTVSPost2010Prop40
 90
        0
102
RTVSPost2010PropOp40
 70
     1
102
RTVSPost2010Prop41ColorIndex
 90
       18
102
RTVSPost2010Prop41ColorRGB
 90
        0
102
RTVSPost2010PropOp41
 70
     1
102
RTVSPost2010Prop42
 90
       50
102
RTVSPost2010PropOp42
 70
     1
102
RTVSPost2010Prop43
 90
        3
102
RTVSPost2010PropOp43
 70
     1
102
RTVSPost2010Prop44ColorIndex
 90
        5
102
RTVSPost2010Prop44ColorRGB
 90
      255
102
RTVSPost2010PropOp44
 70
     1
102
RTVSPost2010Prop45
280
     0
102
RTVSPost2010PropOp45
 70
     1
102
RTVSPost2010Prop46
 90
       50
102
RTVSPost2010PropOp46
 70
     1
102
RTVSPost2010Prop47
 90
       50
102
RTVSPost2010PropOp47
 70
     1
102
RTVSPost2010Prop48
 90
       50
102
RTVSPost2010PropOp48
 70
     1
102
RTVSPost2010Prop49
280
     0
102
RTVSPost2010PropOp49
 70
     1
102
RTVSPost2010Prop50
 90
       50
102
RTVSPost2010PropOp50
 70
     1
102
RTVSPost2010Prop51ColorIndex
 90
      256
102
RTVSPost2010Prop51ColorRGB
 90
-16777216
102
RTVSPost2010PropOp51
 70
     0
102
RTVSPost2010Prop52
140
1.0
102
RTVSPost2010PropOp52
 70
     0
102
RTVSPost2010Prop53
 90
        2
102
RTVSPost2010PropOp53
 70
     1
102
RTVSPost2010Prop54
  1
strokes_ogs.tif
102
RTVSPost2010PropOp54
 70
     1
102
RTVSPost2010Prop55
280
     0
102
RTVSPost2010PropOp55
 70
     1
102
RTVSPost2010Prop56
140
1.0
102
RTVSPost2010PropOp56
 70
     1
102
RTVSPost2010Prop57
140
1.0
102
RTVSPost2010PropOp57
 70
     1
  0
XRECORD
  5
155
102
{ACAD_REACTORS
330
154
102
}
330
154
100
AcDbXrecord
280
     1
102
RTVSPropertyOp0
 70
     1
102
RTVSPropertyOp1
 70
     1
102
RTVSPropertyOp2
 70
     1
102
RTVSPropertyOp3
 70
     1
102
RTVSPropertyOp4
 70
     1
102
RTVSPropertyOp5
 70
     1
102
RTVSPropertyOp6
 70
     1
102
RTVSPropertyOp7
 70
     1
102
RTVSPropertyOp8
 70
     1
102
RTVSPropertyOp9
 70
     1
102
RTVSPropertyOp10
 70
     1
102
RTVSPropertyOp11
 70
     1
102
RTVSPropertyOp12
 70
     1
102
RTVSPropertyOp13
 70
     1
102
RTVSPropertyOp14
 70
     1
102
RTVSPropertyOp15
 70
     1
102
RTVSPropertyOp16
 70
     1
102
RTVSPropertyOp17
 70
     1
102
RTVSPropertyOp18
 70
     1
102
RTVSPropertyOp19
 70
     1
102
RTVSPropertyOp20
 70
     1
102
RTVSPropertyOp21
 70
     1
102
RTVSPropertyOp22
 70
     1
102
RTVSPropertyOp23
 70
     1
102
RTVSPropertyOp24
 70
     1
102
RTVSPropertyOp25
 70
     1
102
RTVSPropertyOp26
 70
     1
102
RTVSPropertyOp27
 70
     1
102
RTVSPropertyOp28
 70
     1
102
RTVSPropertyOp29
 70
     1
102
RTVSPropertyOp30
 70
     1
102
RTVSPropertyOp31
 70
     1
102
RTVSPropertyOp32
 70
     1
102
RTVSPropertyOp33
 70
     1
102
RTVSPropertyOp34
 70
     1
102
RTVSPropertyOp35
 70
     1
102
RTVSPropertyOp36
 70
     1
102
RTVSPropertyOp37
 70
     1
102
RTVSPropertyOp38
 70
     1
102
RTVSPropertyOp39
 70
     1
102
RTVSPropertyOp40
 70
     1
102
RTVSPropertyOp41
 70
     1
102
RTVSPropertyOp42
 70
     1
102
RTVSPropertyOp43
 70
     1
102
RTVSPropertyOp44
 70
     1
102
RTVSPropertyOp45
 70
     1
102
RTVSPropertyOp46
 70
     1
102
RTVSPropertyOp47
 70
     1
102
RTVSPropertyOp48
 70
     1
102
RTVSPropertyOp49
 70
     1
102
RTVSPropertyOp50
 70
     1
102
RTVSPropertyOp51
 70
     0
102
RTVSPropertyOp52
 70
     0
102
RTVSPropertyOp53
 70
     1
102
RTVSPropertyOp54
 70
     1
102
RTVSPropertyOp55
 70
     1
102
RTVSPropertyOp56
 70
     1
102
RTVSPropertyOp57
 70
     1
102
RTVSPost2010Prop28
280
     0
102
RTVSPost2010PropOp28
 70
     1
102
RTVSPost2010Prop29
280
     1
102
RTVSPost2010PropOp29
 70
     1
102
RTVSPost2010Prop30
280
     1
102
RTVSPost2010PropOp30
 70
     1
102
RTVSPost2010Prop31
280
     0
102
RTVSPost2010PropOp31
 70
     1
102
RTVSPost2010Prop32
280
     0
102
RTVSPost2010PropOp32
 70
     1
102
RTVSPost2010Prop33
280
     0
102
RTVSPost2010PropOp33
 70
     1
102
RTVSPost2010Prop34
280
     0
102
RTVSPost2010PropOp34
 70
     1
102
RTVSPost2010Prop35
280
     0
102
RTVSPost2010PropOp35
 70
     1
102
RTVSPost2010Prop36
280
     0
102
RTVSPost2010PropOp36
 70
     1
102
RTVSPost2010Prop37
 90
       50
102
RTVSPost2010PropOp37
 70
     1
102
RTVSPost2010Prop38
140
0.0
102
RTVSPost2010PropOp38
 70
     1
102
RTVSPost2010Prop39
140
1.0
102
RTVSPost2010PropOp39
 70
     1
102
RTVSPost2010Prop40
 90
        0
102
RTVSPost2010PropOp40
 70
     1
102
RTVSPost2010Prop41ColorIndex
 90
       18
102
RTVSPost2010Prop41ColorRGB
 90
        0
102
RTVSPost2010PropOp41
 70
     1
102
RTVSPost2010Prop42
 90
       50
102
RTVSPost2010PropOp42
 70
     1
102
RTVSPost2010Prop43
 90
        3
102
RTVSPost2010PropOp43
 70
     1
102
RTVSPost2010Prop44ColorIndex
 90
        5
102
RTVSPost2010Prop44ColorRGB
 90
      255
102
RTVSPost2010PropOp44
 70
     1
102
RTVSPost2010Prop45
280
     0
102
RTVSPost2010PropOp45
 70
     1
102
RTVSPost2010Prop46
 90
       50
102
RTVSPost2010PropOp46
 70
     1
102
RTVSPost2010Prop47
 90
       50
102
RTVSPost2010PropOp47
 70
     1
102
RTVSPost2010Prop48
 90
       50
102
RTVSPost2010PropOp48
 70
     1
102
RTVSPost2010Prop49
280
     0
102
RTVSPost2010PropOp49
 70
     1
102
RTVSPost2010Prop50
 90
       50
102
RTVSPost2010PropOp50
 70
     1
102
RTVSPost2010Prop51ColorIndex
 90
      256
102
RTVSPost2010Prop51ColorRGB
 90
-16777216
102
RTVSPost2010PropOp51
 70
     0
102
RTVSPost2010Prop52
140
1.0
102
RTVSPost2010PropOp52
 70
     0
102
RTVSPost2010Prop53
 90
        2
102
RTVSPost2010PropOp53
 70
     1
102
RTVSPost2010Prop54
  1
strokes_ogs.tif
102
RTVSPost2010PropOp54
 70
     1
102
RTVSPost2010Prop55
280
     0
102
RTVSPost2010PropOp55
 70
     1
102
RTVSPost2010Prop56
140
1.0
102
RTVSPost2010PropOp56
 70
     1
102
RTVSPost2010Prop57
140
1.0
102
RTVSPost2010PropOp57
 70
     1
  0
XRECORD
  5
157
102
{ACAD_REACTORS
330
156
102
}
330
156
100
AcDbXrecord
280
     1
102
RTVSPropertyOp0
 70
     1
102
RTVSPropertyOp1
 70
     1
102
RTVSPropertyOp2
 70
     1
102
RTVSPropertyOp3
 70
     1
102
RTVSPropertyOp4
 70
     1
102
RTVSPropertyOp5
 70
     1
102
RTVSPropertyOp6
 70
     1
102
RTVSPropertyOp7
 70
     1
102
RTVSPropertyOp8
 70
     1
102
RTVSPropertyOp9
 70
     1
102
RTVSPropertyOp10
 70
     1
102
RTVSPropertyOp11
 70
     1
102
RTVSPropertyOp12
 70
     1
102
RTVSPropertyOp13
 70
     1
102
RTVSPropertyOp14
 70
     1
102
RTVSPropertyOp15
 70
     1
102
RTVSPropertyOp16
 70
     1
102
RTVSPropertyOp17
 70
     1
102
RTVSPropertyOp18
 70
     1
102
RTVSPropertyOp19
 70
     1
102
RTVSPropertyOp20
 70
     1
102
RTVSPropertyOp21
 70
     1
102
RTVSPropertyOp22
 70
     1
102
RTVSPropertyOp23
 70
     1
102
RTVSPropertyOp24
 70
     1
102
RTVSPropertyOp25
 70
     1
102
RTVSPropertyOp26
 70
     1
102
RTVSPropertyOp27
 70
     1
102
RTVSPropertyOp28
 70
     1
102
RTVSPropertyOp29
 70
     1
102
RTVSPropertyOp30
 70
     1
102
RTVSPropertyOp31
 70
     1
102
RTVSPropertyOp32
 70
     1
102
RTVSPropertyOp33
 70
     1
102
RTVSPropertyOp34
 70
     1
102
RTVSPropertyOp35
 70
     1
102
RTVSPropertyOp36
 70
     1
102
RTVSPropertyOp37
 70
     1
102
RTVSPropertyOp38
 70
     1
102
RTVSPropertyOp39
 70
     1
102
RTVSPropertyOp40
 70
     1
102
RTVSPropertyOp41
 70
     1
102
RTVSPropertyOp42
 70
     1
102
RTVSPropertyOp43
 70
     1
102
RTVSPropertyOp44
 70
     1
102
RTVSPropertyOp45
 70
     1
102
RTVSPropertyOp46
 70
     1
102
RTVSPropertyOp47
 70
     1
102
RTVSPropertyOp48
 70
     1
102
RTVSPropertyOp49
 70
     1
102
RTVSPropertyOp50
 70
     1
102
RTVSPropertyOp51
 70
     0
102
RTVSPropertyOp52
 70
     0
102
RTVSPropertyOp53
 70
     1
102
RTVSPropertyOp54
 70
     1
102
RTVSPropertyOp55
 70
     1
102
RTVSPropertyOp56
 70
     1
102
RTVSPropertyOp57
 70
     1
102
RTVSPost2010Prop28
280
     0
102
RTVSPost2010PropOp28
 70
     1
102
RTVSPost2010Prop29
280
     1
102
RTVSPost2010PropOp29
 70
     1
102
RTVSPost2010Prop30
280
     1
102
RTVSPost2010PropOp30
 70
     1
102
RTVSPost2010Prop31
280
     0
102
RTVSPost2010PropOp31
 70
     1
102
RTVSPost2010Prop32
280
     0
102
RTVSPost2010PropOp32
 70
     1
102
RTVSPost2010Prop33
280
     0
102
RTVSPost2010PropOp33
 70
     1
102
RTVSPost2010Prop34
280
     0
102
RTVSPost2010PropOp34
 70
     1
102
RTVSPost2010Prop35
280
     0
102
RTVSPost2010PropOp35
 70
     1
102
RTVSPost2010Prop36
280
     0
102
RTVSPost2010PropOp36
 70
     1
102
RTVSPost2010Prop37
 90
       50
102
RTVSPost2010PropOp37
 70
     1
102
RTVSPost2010Prop38
140
0.0
102
RTVSPost2010PropOp38
 70
     1
102
RTVSPost2010Prop39
140
1.0
102
RTVSPost2010PropOp39
 70
     1
102
RTVSPost2010Prop40
 90
        0
102
RTVSPost2010PropOp40
 70
     1
102
RTVSPost2010Prop41ColorIndex
 90
       18
102
RTVSPost2010Prop41ColorRGB
 90
        0
102
RTVSPost2010PropOp41
 70
     1
102
RTVSPost2010Prop42
 90
       50
102
RTVSPost2010PropOp42
 70
     1
102
RTVSPost2010Prop43
 90
        3
102
RTVSPost2010PropOp43
 70
     1
102
RTVSPost2010Prop44ColorIndex
 90
        5
102
RTVSPost2010Prop44ColorRGB
 90
      255
102
RTVSPost2010PropOp44
 70
     1
102
RTVSPost2010Prop45
280
     0
102
RTVSPost2010PropOp45
 70
     1
102
RTVSPost2010Prop46
 90
       50
102
RTVSPost2010PropOp46
 70
     1
102
RTVSPost2010Prop47
 90
       50
102
RTVSPost2010PropOp47
 70
     1
102
RTVSPost2010Prop48
 90
       50
102
RTVSPost2010PropOp48
 70
     1
102
RTVSPost2010Prop49
280
     0
102
RTVSPost2010PropOp49
 70
     1
102
RTVSPost2010Prop50
 90
       50
102
RTVSPost2010PropOp50
 70
     1
102
RTVSPost2010Prop51ColorIndex
 90
      256
102
RTVSPost2010Prop51ColorRGB
 90
-16777216
102
RTVSPost2010PropOp51
 70
     0
102
RTVSPost2010Prop52
140
1.0
102
RTVSPost2010PropOp52
 70
     0
102
RTVSPost2010Prop53
 90
        2
102
RTVSPost2010PropOp53
 70
     1
102
RTVSPost2010Prop54
  1
strokes_ogs.tif
102
RTVSPost2010PropOp54
 70
     1
102
RTVSPost2010Prop55
280
     0
102
RTVSPost2010PropOp55
 70
     1
102
RTVSPost2010Prop56
140
1.0
102
RTVSPost2010PropOp56
 70
     1
102
RTVSPost2010Prop57
140
1.0
102
RTVSPost2010PropOp57
 70
     1
  0
XRECORD
  5
15D
102
{ACAD_REACTORS
330
15C
102
}
330
15C
100
AcDbXrecord
280
     1
102
RTVSPropertyOp0
 70
     1
102
RTVSPropertyOp1
 70
     1
102
RTVSPropertyOp2
 70
     1
102
RTVSPropertyOp3
 70
     1
102
RTVSPropertyOp4
 70
     1
102
RTVSPropertyOp5
 70
     1
102
RTVSPropertyOp6
 70
     1
102
RTVSPropertyOp7
 70
     1
102
RTVSPropertyOp8
 70
     1
102
RTVSPropertyOp9
 70
     1
102
RTVSPropertyOp10
 70
     1
102
RTVSPropertyOp11
 70
     1
102
RTVSPropertyOp12
 70
     1
102
RTVSPropertyOp13
 70
     1
102
RTVSPropertyOp14
 70
     1
102
RTVSPropertyOp15
 70
     1
102
RTVSPropertyOp16
 70
     1
102
RTVSPropertyOp17
 70
     1
102
RTVSPropertyOp18
 70
     1
102
RTVSPropertyOp19
 70
     1
102
RTVSPropertyOp20
 70
     1
102
RTVSPropertyOp21
 70
     1
102
RTVSPropertyOp22
 70
     1
102
RTVSPropertyOp23
 70
     1
102
RTVSPropertyOp24
 70
     1
102
RTVSPropertyOp25
 70
     1
102
RTVSPropertyOp26
 70
     1
102
RTVSPropertyOp27
 70
     1
102
RTVSPropertyOp28
 70
     1
102
RTVSPropertyOp29
 70
     1
102
RTVSPropertyOp30
 70
     1
102
RTVSPropertyOp31
 70
     1
102
RTVSPropertyOp32
 70
     1
102
RTVSPropertyOp33
 70
     1
102
RTVSPropertyOp34
 70
     1
102
RTVSPropertyOp35
 70
     1
102
RTVSPropertyOp36
 70
     1
102
RTVSPropertyOp37
 70
     1
102
RTVSPropertyOp38
 70
     1
102
RTVSPropertyOp39
 70
     1
102
RTVSPropertyOp40
 70
     1
102
RTVSPropertyOp41
 70
     1
102
RTVSPropertyOp42
 70
     1
102
RTVSPropertyOp43
 70
     1
102
RTVSPropertyOp44
 70
     1
102
RTVSPropertyOp45
 70
     1
102
RTVSPropertyOp46
 70
     1
102
RTVSPropertyOp47
 70
     1
102
RTVSPropertyOp48
 70
     1
102
RTVSPropertyOp49
 70
     1
102
RTVSPropertyOp50
 70
     1
102
RTVSPropertyOp51
 70
     0
102
RTVSPropertyOp52
 70
     0
102
RTVSPropertyOp53
 70
     1
102
RTVSPropertyOp54
 70
     1
102
RTVSPropertyOp55
 70
     1
102
RTVSPropertyOp56
 70
     1
102
RTVSPropertyOp57
 70
     1
102
RTVSPost2010Prop28
280
     0
102
RTVSPost2010PropOp28
 70
     1
102
RTVSPost2010Prop29
280
     1
102
RTVSPost2010PropOp29
 70
     1
102
RTVSPost2010Prop30
280
     1
102
RTVSPost2010PropOp30
 70
     1
102
RTVSPost2010Prop31
280
     0
102
RTVSPost2010PropOp31
 70
     1
102
RTVSPost2010Prop32
280
     0
102
RTVSPost2010PropOp32
 70
     1
102
RTVSPost2010Prop33
280
     0
102
RTVSPost2010PropOp33
 70
     1
102
RTVSPost2010Prop34
280
     0
102
RTVSPost2010PropOp34
 70
     1
102
RTVSPost2010Prop35
280
     0
102
RTVSPost2010PropOp35
 70
     1
102
RTVSPost2010Prop36
280
     0
102
RTVSPost2010PropOp36
 70
     1
102
RTVSPost2010Prop37
 90
       50
102
RTVSPost2010PropOp37
 70
     1
102
RTVSPost2010Prop38
140
0.0
102
RTVSPost2010PropOp38
 70
     1
102
RTVSPost2010Prop39
140
1.0
102
RTVSPost2010PropOp39
 70
     1
102
RTVSPost2010Prop40
 90
        0
102
RTVSPost2010PropOp40
 70
     1
102
RTVSPost2010Prop41ColorIndex
 90
       18
102
RTVSPost2010Prop41ColorRGB
 90
        0
102
RTVSPost2010PropOp41
 70
     1
102
RTVSPost2010Prop42
 90
       50
102
RTVSPost2010PropOp42
 70
     1
102
RTVSPost2010Prop43
 90
        3
102
RTVSPost2010PropOp43
 70
     1
102
RTVSPost2010Prop44ColorIndex
 90
        5
102
RTVSPost2010Prop44ColorRGB
 90
      255
102
RTVSPost2010PropOp44
 70
     1
102
RTVSPost2010Prop45
280
     0
102
RTVSPost2010PropOp45
 70
     1
102
RTVSPost2010Prop46
 90
       50
102
RTVSPost2010PropOp46
 70
     1
102
RTVSPost2010Prop47
 90
       50
102
RTVSPost2010PropOp47
 70
     1
102
RTVSPost2010Prop48
 90
       50
102
RTVSPost2010PropOp48
 70
     1
102
RTVSPost2010Prop49
280
     0
102
RTVSPost2010PropOp49
 70
     1
102
RTVSPost2010Prop50
 90
       50
102
RTVSPost2010PropOp50
 70
     1
102
RTVSPost2010Prop51ColorIndex
 90
      256
102
RTVSPost2010Prop51ColorRGB
 90
-16777216
102
RTVSPost2010PropOp51
 70
     0
102
RTVSPost2010Prop52
140
1.0
102
RTVSPost2010PropOp52
 70
     0
102
RTVSPost2010Prop53
 90
        2
102
RTVSPost2010PropOp53
 70
     1
102
RTVSPost2010Prop54
  1
strokes_ogs.tif
102
RTVSPost2010PropOp54
 70
     1
102
RTVSPost2010Prop55
280
     0
102
RTVSPost2010PropOp55
 70
     1
102
RTVSPost2010Prop56
140
1.0
102
RTVSPost2010PropOp56
 70
     1
102
RTVSPost2010Prop57
140
1.0
102
RTVSPost2010PropOp57
 70
     1
  0
XRECORD
  5
171
102
{ACAD_REACTORS
330
170
102
}
330
170
100
AcDbXrecord
280
     1
102
RTVSPropertyOp0
 70
     0
102
RTVSPropertyOp1
 70
     0
102
RTVSPropertyOp2
 70
     0
102
RTVSPropertyOp3
 70
     0
102
RTVSPropertyOp4
 70
     0
102
RTVSPropertyOp5
 70
     0
102
RTVSPropertyOp6
 70
     0
102
RTVSPropertyOp7
 70
     0
102
RTVSPropertyOp8
 70
     0
102
RTVSPropertyOp9
 70
     0
102
RTVSPropertyOp10
 70
     0
102
RTVSPropertyOp11
 70
     0
102
RTVSPropertyOp12
 70
     0
102
RTVSPropertyOp13
 70
     0
102
RTVSPropertyOp14
 70
     2
102
RTVSPropertyOp15
 70
     0
102
RTVSPropertyOp16
 70
     0
102
RTVSPropertyOp17
 70
     0
102
RTVSPropertyOp18
 70
     0
102
RTVSPropertyOp19
 70
     0
102
RTVSPropertyOp20
 70
     0
102
RTVSPropertyOp21
 70
     0
102
RTVSPropertyOp22
 70
     0
102
RTVSPropertyOp23
 70
     0
102
RTVSPropertyOp24
 70
     0
102
RTVSPropertyOp25
 70
     0
102
RTVSPropertyOp26
 70
     0
102
RTVSPropertyOp27
 70
     0
102
RTVSPropertyOp28
 70
     0
102
RTVSPropertyOp29
 70
     0
102
RTVSPropertyOp30
 70
     0
102
RTVSPropertyOp31
 70
     0
102
RTVSPropertyOp32
 70
     0
102
RTVSPropertyOp33
 70
     0
102
RTVSPropertyOp34
 70
     0
102
RTVSPropertyOp35
 70
     0
102
RTVSPropertyOp36
 70
     0
102
RTVSPropertyOp37
 70
     0
102
RTVSPropertyOp38
 70
     0
102
RTVSPropertyOp39
 70
     0
102
RTVSPropertyOp40
 70
     0
102
RTVSPropertyOp41
 70
     0
102
RTVSPropertyOp42
 70
     0
102
RTVSPropertyOp43
 70
     0
102
RTVSPropertyOp44
 70
     0
102
RTVSPropertyOp45
 70
     0
102
RTVSPropertyOp46
 70
     0
102
RTVSPropertyOp47
 70
     0
102
RTVSPropertyOp48
 70
     0
102
RTVSPropertyOp49
 70
     0
102
RTVSPropertyOp50
 70
     0
102
RTVSPropertyOp51
 70
     0
102
RTVSPropertyOp52
 70
     0
102
RTVSPropertyOp53
 70
     0
102
RTVSPropertyOp54
 70
     0
102
RTVSPropertyOp55
 70
     0
102
RTVSPropertyOp56
 70
     0
102
RTVSPropertyOp57
 70
     0
102
RTVSPost2010Prop28
280
     0
102
RTVSPost2010PropOp28
 70
     0
102
RTVSPost2010Prop29
280
     1
102
RTVSPost2010PropOp29
 70
     0
102
RTVSPost2010Prop30
280
     1
102
RTVSPost2010PropOp30
 70
     0
102
RTVSPost2010Prop31
280
     0
102
RTVSPost2010PropOp31
 70
     0
102
RTVSPost2010Prop32
280
     0
102
RTVSPost2010PropOp32
 70
     0
102
RTVSPost2010Prop33
280
     0
102
RTVSPost2010PropOp33
 70
     0
102
RTVSPost2010Prop34
280
     0
102
RTVSPost2010PropOp34
 70
     0
102
RTVSPost2010Prop35
280
     0
102
RTVSPost2010PropOp35
 70
     0
102
RTVSPost2010Prop36
280
     0
102
RTVSPost2010PropOp36
 70
     0
102
RTVSPost2010Prop37
 90
       50
102
RTVSPost2010PropOp37
 70
     0
102
RTVSPost2010Prop38
140
0.0
102
RTVSPost2010PropOp38
 70
     0
102
RTVSPost2010Prop39
140
1.0
102
RTVSPost2010PropOp39
 70
     0
102
RTVSPost2010Prop40
 90
        0
102
RTVSPost2010PropOp40
 70
     0
102
RTVSPost2010Prop41ColorIndex
 90
       18
102
RTVSPost2010Prop41ColorRGB
 90
        0
102
RTVSPost2010PropOp41
 70
     0
102
RTVSPost2010Prop42
 90
       50
102
RTVSPost2010PropOp42
 70
     0
102
RTVSPost2010Prop43
 90
        3
102
RTVSPost2010PropOp43
 70
     0
102
RTVSPost2010Prop44ColorIndex
 90
        5
102
RTVSPost2010Prop44ColorRGB
 90
      255
102
RTVSPost2010PropOp44
 70
     0
102
RTVSPost2010Prop45
280
     0
102
RTVSPost2010PropOp45
 70
     0
102
RTVSPost2010Prop46
 90
       50
102
RTVSPost2010PropOp46
 70
     0
102
RTVSPost2010Prop47
 90
       50
102
RTVSPost2010PropOp47
 70
     0
102
RTVSPost2010Prop48
 90
       50
102
RTVSPost2010PropOp48
 70
     0
102
RTVSPost2010Prop49
280
     0
102
RTVSPost2010PropOp49
 70
     0
102
RTVSPost2010Prop50
 90
       50
102
RTVSPost2010PropOp50
 70
     0
102
RTVSPost2010Prop51ColorIndex
 90
      256
102
RTVSPost2010Prop51ColorRGB
 90
-16777216
102
RTVSPost2010PropOp51
 70
     0
102
RTVSPost2010Prop52
140
1.0
102
RTVSPost2010PropOp52
 70
     0
102
RTVSPost2010Prop53
 90
        2
102
RTVSPost2010PropOp53
 70
     0
102
RTVSPost2010Prop54
  1
strokes_ogs.tif
102
RTVSPost2010PropOp54
 70
     0
102
RTVSPost2010Prop55
280
     0
102
RTVSPost2010PropOp55
 70
     0
102
RTVSPost2010Prop56
140
1.0
102
RTVSPost2010PropOp56
 70
     0
102
RTVSPost2010Prop57
140
1.0
102
RTVSPost2010PropOp57
 70
     0
  0
XRECORD
  5
16B
102
{ACAD_REACTORS
330
16A
102
}
330
16A
100
AcDbXrecord
280
     1
102
RTVSPropertyOp0
 70
     1
102
RTVSPropertyOp1
 70
     1
102
RTVSPropertyOp2
 70
     1
102
RTVSPropertyOp3
 70
     1
102
RTVSPropertyOp4
 70
     1
102
RTVSPropertyOp5
 70
     1
102
RTVSPropertyOp6
 70
     1
102
RTVSPropertyOp7
 70
     1
102
RTVSPropertyOp8
 70
     1
102
RTVSPropertyOp9
 70
     1
102
RTVSPropertyOp10
 70
     1
102
RTVSPropertyOp11
 70
     1
102
RTVSPropertyOp12
 70
     1
102
RTVSPropertyOp13
 70
     1
102
RTVSPropertyOp14
 70
     1
102
RTVSPropertyOp15
 70
     1
102
RTVSPropertyOp16
 70
     1
102
RTVSPropertyOp17
 70
     1
102
RTVSPropertyOp18
 70
     1
102
RTVSPropertyOp19
 70
     1
102
RTVSPropertyOp20
 70
     1
102
RTVSPropertyOp21
 70
     1
102
RTVSPropertyOp22
 70
     1
102
RTVSPropertyOp23
 70
     1
102
RTVSPropertyOp24
 70
     1
102
RTVSPropertyOp25
 70
     1
102
RTVSPropertyOp26
 70
     1
102
RTVSPropertyOp27
 70
     1
102
RTVSPropertyOp28
 70
     1
102
RTVSPropertyOp29
 70
     1
102
RTVSPropertyOp30
 70
     1
102
RTVSPropertyOp31
 70
     1
102
RTVSPropertyOp32
 70
     1
102
RTVSPropertyOp33
 70
     1
102
RTVSPropertyOp34
 70
     1
102
RTVSPropertyOp35
 70
     1
102
RTVSPropertyOp36
 70
     1
102
RTVSPropertyOp37
 70
     1
102
RTVSPropertyOp38
 70
     1
102
RTVSPropertyOp39
 70
     1
102
RTVSPropertyOp40
 70
     1
102
RTVSPropertyOp41
 70
     1
102
RTVSPropertyOp42
 70
     1
102
RTVSPropertyOp43
 70
     1
102
RTVSPropertyOp44
 70
     1
102
RTVSPropertyOp45
 70
     1
102
RTVSPropertyOp46
 70
     1
102
RTVSPropertyOp47
 70
     1
102
RTVSPropertyOp48
 70
     1
102
RTVSPropertyOp49
 70
     1
102
RTVSPropertyOp50
 70
     1
102
RTVSPropertyOp51
 70
     0
102
RTVSPropertyOp52
 70
     0
102
RTVSPropertyOp53
 70
     1
102
RTVSPropertyOp54
 70
     1
102
RTVSPropertyOp55
 70
     1
102
RTVSPropertyOp56
 70
     1
102
RTVSPropertyOp57
 70
     1
102
RTVSPost2010Prop28
280
     0
102
RTVSPost2010PropOp28
 70
     1
102
RTVSPost2010Prop29
280
     1
102
RTVSPost2010PropOp29
 70
     1
102
RTVSPost2010Prop30
280
     1
102
RTVSPost2010PropOp30
 70
     1
102
RTVSPost2010Prop31
280
     0
102
RTVSPost2010PropOp31
 70
     1
102
RTVSPost2010Prop32
280
     0
102
RTVSPost2010PropOp32
 70
     1
102
RTVSPost2010Prop33
280
     0
102
RTVSPost2010PropOp33
 70
     1
102
RTVSPost2010Prop34
280
     0
102
RTVSPost2010PropOp34
 70
     1
102
RTVSPost2010Prop35
280
     0
102
RTVSPost2010PropOp35
 70
     1
102
RTVSPost2010Prop36
280
     0
102
RTVSPost2010PropOp36
 70
     1
102
RTVSPost2010Prop37
 90
       50
102
RTVSPost2010PropOp37
 70
     1
102
RTVSPost2010Prop38
140
0.0
102
RTVSPost2010PropOp38
 70
     1
102
RTVSPost2010Prop39
140
1.0
102
RTVSPost2010PropOp39
 70
     1
102
RTVSPost2010Prop40
 90
        0
102
RTVSPost2010PropOp40
 70
     1
102
RTVSPost2010Prop41ColorIndex
 90
       18
102
RTVSPost2010Prop41ColorRGB
 90
        0
102
RTVSPost2010PropOp41
 70
     1
102
RTVSPost2010Prop42
 90
       50
102
RTVSPost2010PropOp42
 70
     1
102
RTVSPost2010Prop43
 90
        3
102
RTVSPost2010PropOp43
 70
     1
102
RTVSPost2010Prop44ColorIndex
 90
        5
102
RTVSPost2010Prop44ColorRGB
 90
      255
102
RTVSPost2010PropOp44
 70
     1
102
RTVSPost2010Prop45
280
     0
102
RTVSPost2010PropOp45
 70
     1
102
RTVSPost2010Prop46
 90
       50
102
RTVSPost2010PropOp46
 70
     1
102
RTVSPost2010Prop47
 90
       50
102
RTVSPost2010PropOp47
 70
     1
102
RTVSPost2010Prop48
 90
       50
102
RTVSPost2010PropOp48
 70
     1
102
RTVSPost2010Prop49
280
     0
102
RTVSPost2010PropOp49
 70
     1
102
RTVSPost2010Prop50
 90
       50
102
RTVSPost2010PropOp50
 70
     1
102
RTVSPost2010Prop51ColorIndex
 90
      256
102
RTVSPost2010Prop51ColorRGB
 90
-16777216
102
RTVSPost2010PropOp51
 70
     0
102
RTVSPost2010Prop52
140
1.0
102
RTVSPost2010PropOp52
 70
     0
102
RTVSPost2010Prop53
 90
        2
102
RTVSPost2010PropOp53
 70
     1
102
RTVSPost2010Prop54
  1
strokes_ogs.tif
102
RTVSPost2010PropOp54
 70
     1
102
RTVSPost2010Prop55
280
     0
102
RTVSPost2010PropOp55
 70
     1
102
RTVSPost2010Prop56
140
1.0
102
RTVSPost2010PropOp56
 70
     1
102
RTVSPost2010Prop57
140
1.0
102
RTVSPost2010PropOp57
 70
     1
  0
XRECORD
  5
173
102
{ACAD_REACTORS
330
172
102
}
330
172
100
AcDbXrecord
280
     1
102
RTVSPropertyOp0
 70
     0
102
RTVSPropertyOp1
 70
     0
102
RTVSPropertyOp2
 70
     0
102
RTVSPropertyOp3
 70
     0
102
RTVSPropertyOp4
 70
     0
102
RTVSPropertyOp5
 70
     0
102
RTVSPropertyOp6
 70
     0
102
RTVSPropertyOp7
 70
     0
102
RTVSPropertyOp8
 70
     0
102
RTVSPropertyOp9
 70
     0
102
RTVSPropertyOp10
 70
     0
102
RTVSPropertyOp11
 70
     0
102
RTVSPropertyOp12
 70
     0
102
RTVSPropertyOp13
 70
     0
102
RTVSPropertyOp14
 70
     2
102
RTVSPropertyOp15
 70
     0
102
RTVSPropertyOp16
 70
     0
102
RTVSPropertyOp17
 70
     0
102
RTVSPropertyOp18
 70
     0
102
RTVSPropertyOp19
 70
     0
102
RTVSPropertyOp20
 70
     0
102
RTVSPropertyOp21
 70
     0
102
RTVSPropertyOp22
 70
     0
102
RTVSPropertyOp23
 70
     0
102
RTVSPropertyOp24
 70
     0
102
RTVSPropertyOp25
 70
     0
102
RTVSPropertyOp26
 70
     0
102
RTVSPropertyOp27
 70
     0
102
RTVSPropertyOp28
 70
     0
102
RTVSPropertyOp29
 70
     0
102
RTVSPropertyOp30
 70
     0
102
RTVSPropertyOp31
 70
     0
102
RTVSPropertyOp32
 70
     0
102
RTVSPropertyOp33
 70
     0
102
RTVSPropertyOp34
 70
     0
102
RTVSPropertyOp35
 70
     0
102
RTVSPropertyOp36
 70
     0
102
RTVSPropertyOp37
 70
     0
102
RTVSPropertyOp38
 70
     0
102
RTVSPropertyOp39
 70
     0
102
RTVSPropertyOp40
 70
     0
102
RTVSPropertyOp41
 70
     0
102
RTVSPropertyOp42
 70
     0
102
RTVSPropertyOp43
 70
     0
102
RTVSPropertyOp44
 70
     0
102
RTVSPropertyOp45
 70
     0
102
RTVSPropertyOp46
 70
     0
102
RTVSPropertyOp47
 70
     0
102
RTVSPropertyOp48
 70
     0
102
RTVSPropertyOp49
 70
     0
102
RTVSPropertyOp50
 70
     0
102
RTVSPropertyOp51
 70
     0
102
RTVSPropertyOp52
 70
     0
102
RTVSPropertyOp53
 70
     0
102
RTVSPropertyOp54
 70
     0
102
RTVSPropertyOp55
 70
     0
102
RTVSPropertyOp56
 70
     0
102
RTVSPropertyOp57
 70
     0
102
RTVSPost2010Prop28
280
     0
102
RTVSPost2010PropOp28
 70
     0
102
RTVSPost2010Prop29
280
     1
102
RTVSPost2010PropOp29
 70
     0
102
RTVSPost2010Prop30
280
     1
102
RTVSPost2010PropOp30
 70
     0
102
RTVSPost2010Prop31
280
     0
102
RTVSPost2010PropOp31
 70
     0
102
RTVSPost2010Prop32
280
     0
102
RTVSPost2010PropOp32
 70
     0
102
RTVSPost2010Prop33
280
     0
102
RTVSPost2010PropOp33
 70
     0
102
RTVSPost2010Prop34
280
     0
102
RTVSPost2010PropOp34
 70
     0
102
RTVSPost2010Prop35
280
     0
102
RTVSPost2010PropOp35
 70
     0
102
RTVSPost2010Prop36
280
     0
102
RTVSPost2010PropOp36
 70
     0
102
RTVSPost2010Prop37
 90
       50
102
RTVSPost2010PropOp37
 70
     0
102
RTVSPost2010Prop38
140
0.0
102
RTVSPost2010PropOp38
 70
     0
102
RTVSPost2010Prop39
140
1.0
102
RTVSPost2010PropOp39
 70
     0
102
RTVSPost2010Prop40
 90
        0
102
RTVSPost2010PropOp40
 70
     0
102
RTVSPost2010Prop41ColorIndex
 90
       18
102
RTVSPost2010Prop41ColorRGB
 90
        0
102
RTVSPost2010PropOp41
 70
     0
102
RTVSPost2010Prop42
 90
       50
102
RTVSPost2010PropOp42
 70
     0
102
RTVSPost2010Prop43
 90
        3
102
RTVSPost2010PropOp43
 70
     0
102
RTVSPost2010Prop44ColorIndex
 90
        5
102
RTVSPost2010Prop44ColorRGB
 90
      255
102
RTVSPost2010PropOp44
 70
     0
102
RTVSPost2010Prop45
280
     0
102
RTVSPost2010PropOp45
 70
     0
102
RTVSPost2010Prop46
 90
       50
102
RTVSPost2010PropOp46
 70
     0
102
RTVSPost2010Prop47
 90
       50
102
RTVSPost2010PropOp47
 70
     0
102
RTVSPost2010Prop48
 90
       50
102
RTVSPost2010PropOp48
 70
     0
102
RTVSPost2010Prop49
280
     0
102
RTVSPost2010PropOp49
 70
     0
102
RTVSPost2010Prop50
 90
       50
102
RTVSPost2010PropOp50
 70
     0
102
RTVSPost2010Prop51ColorIndex
 90
      256
102
RTVSPost2010Prop51ColorRGB
 90
-16777216
102
RTVSPost2010PropOp51
 70
     0
102
RTVSPost2010Prop52
140
1.0
102
RTVSPost2010PropOp52
 70
     0
102
RTVSPost2010Prop53
 90
        2
102
RTVSPost2010PropOp53
 70
     0
102
RTVSPost2010Prop54
  1
strokes_ogs.tif
102
RTVSPost2010PropOp54
 70
     0
102
RTVSPost2010Prop55
280
     0
102
RTVSPost2010PropOp55
 70
     0
102
RTVSPost2010Prop56
140
1.0
102
RTVSPost2010PropOp56
 70
     0
102
RTVSPost2010Prop57
140
1.0
102
RTVSPost2010PropOp57
 70
     0
  0
XRECORD
  5
161
102
{ACAD_REACTORS
330
160
102
}
330
160
100
AcDbXrecord
280
     1
102
RTVSPropertyOp0
 70
     1
102
RTVSPropertyOp1
 70
     1
102
RTVSPropertyOp2
 70
     1
102
RTVSPropertyOp3
 70
     1
102
RTVSPropertyOp4
 70
     1
102
RTVSPropertyOp5
 70
     1
102
RTVSPropertyOp6
 70
     1
102
RTVSPropertyOp7
 70
     1
102
RTVSPropertyOp8
 70
     1
102
RTVSPropertyOp9
 70
     1
102
RTVSPropertyOp10
 70
     1
102
RTVSPropertyOp11
 70
     1
102
RTVSPropertyOp12
 70
     1
102
RTVSPropertyOp13
 70
     1
102
RTVSPropertyOp14
 70
     1
102
RTVSPropertyOp15
 70
     1
102
RTVSPropertyOp16
 70
     1
102
RTVSPropertyOp17
 70
     1
102
RTVSPropertyOp18
 70
     1
102
RTVSPropertyOp19
 70
     1
102
RTVSPropertyOp20
 70
     1
102
RTVSPropertyOp21
 70
     1
102
RTVSPropertyOp22
 70
     1
102
RTVSPropertyOp23
 70
     1
102
RTVSPropertyOp24
 70
     1
102
RTVSPropertyOp25
 70
     1
102
RTVSPropertyOp26
 70
     1
102
RTVSPropertyOp27
 70
     1
102
RTVSPropertyOp28
 70
     1
102
RTVSPropertyOp29
 70
     1
102
RTVSPropertyOp30
 70
     1
102
RTVSPropertyOp31
 70
     1
102
RTVSPropertyOp32
 70
     1
102
RTVSPropertyOp33
 70
     1
102
RTVSPropertyOp34
 70
     1
102
RTVSPropertyOp35
 70
     1
102
RTVSPropertyOp36
 70
     1
102
RTVSPropertyOp37
 70
     1
102
RTVSPropertyOp38
 70
     1
102
RTVSPropertyOp39
 70
     1
102
RTVSPropertyOp40
 70
     1
102
RTVSPropertyOp41
 70
     1
102
RTVSPropertyOp42
 70
     1
102
RTVSPropertyOp43
 70
     1
102
RTVSPropertyOp44
 70
     1
102
RTVSPropertyOp45
 70
     1
102
RTVSPropertyOp46
 70
     1
102
RTVSPropertyOp47
 70
     1
102
RTVSPropertyOp48
 70
     1
102
RTVSPropertyOp49
 70
     1
102
RTVSPropertyOp50
 70
     1
102
RTVSPropertyOp51
 70
     0
102
RTVSPropertyOp52
 70
     0
102
RTVSPropertyOp53
 70
     1
102
RTVSPropertyOp54
 70
     1
102
RTVSPropertyOp55
 70
     1
102
RTVSPropertyOp56
 70
     1
102
RTVSPropertyOp57
 70
     1
102
RTVSPost2010Prop28
280
     0
102
RTVSPost2010PropOp28
 70
     1
102
RTVSPost2010Prop29
280
     1
102
RTVSPost2010PropOp29
 70
     1
102
RTVSPost2010Prop30
280
     1
102
RTVSPost2010PropOp30
 70
     1
102
RTVSPost2010Prop31
280
     0
102
RTVSPost2010PropOp31
 70
     1
102
RTVSPost2010Prop32
280
     0
102
RTVSPost2010PropOp32
 70
     1
102
RTVSPost2010Prop33
280
     0
102
RTVSPost2010PropOp33
 70
     1
102
RTVSPost2010Prop34
280
     0
102
RTVSPost2010PropOp34
 70
     1
102
RTVSPost2010Prop35
280
     0
102
RTVSPost2010PropOp35
 70
     1
102
RTVSPost2010Prop36
280
     0
102
RTVSPost2010PropOp36
 70
     1
102
RTVSPost2010Prop37
 90
       50
102
RTVSPost2010PropOp37
 70
     1
102
RTVSPost2010Prop38
140
0.0
102
RTVSPost2010PropOp38
 70
     1
102
RTVSPost2010Prop39
140
1.0
102
RTVSPost2010PropOp39
 70
     1
102
RTVSPost2010Prop40
 90
        0
102
RTVSPost2010PropOp40
 70
     1
102
RTVSPost2010Prop41ColorIndex
 90
       18
102
RTVSPost2010Prop41ColorRGB
 90
        0
102
RTVSPost2010PropOp41
 70
     1
102
RTVSPost2010Prop42
 90
       50
102
RTVSPost2010PropOp42
 70
     1
102
RTVSPost2010Prop43
 90
        3
102
RTVSPost2010PropOp43
 70
     1
102
RTVSPost2010Prop44ColorIndex
 90
        5
102
RTVSPost2010Prop44ColorRGB
 90
      255
102
RTVSPost2010PropOp44
 70
     1
102
RTVSPost2010Prop45
280
     0
102
RTVSPost2010PropOp45
 70
     1
102
RTVSPost2010Prop46
 90
       50
102
RTVSPost2010PropOp46
 70
     1
102
RTVSPost2010Prop47
 90
       50
102
RTVSPost2010PropOp47
 70
     1
102
RTVSPost2010Prop48
 90
       50
102
RTVSPost2010PropOp48
 70
     1
102
RTVSPost2010Prop49
280
     0
102
RTVSPost2010PropOp49
 70
     1
102
RTVSPost2010Prop50
 90
       50
102
RTVSPost2010PropOp50
 70
     1
102
RTVSPost2010Prop51ColorIndex
 90
      256
102
RTVSPost2010Prop51ColorRGB
 90
-16777216
102
RTVSPost2010PropOp51
 70
     0
102
RTVSPost2010Prop52
140
1.0
102
RTVSPost2010PropOp52
 70
     0
102
RTVSPost2010Prop53
 90
        2
102
RTVSPost2010PropOp53
 70
     1
102
RTVSPost2010Prop54
  1
strokes_ogs.tif
102
RTVSPost2010PropOp54
 70
     1
102
RTVSPost2010Prop55
280
     0
102
RTVSPost2010PropOp55
 70
     1
102
RTVSPost2010Prop56
140
1.0
102
RTVSPost2010PropOp56
 70
     1
102
RTVSPost2010Prop57
140
1.0
102
RTVSPost2010PropOp57
 70
     1
  0
XRECORD
  5
17F
102
{ACAD_REACTORS
330
17E
102
}
330
17E
100
AcDbXrecord
280
     1
102
RTVSPropertyOp0
 70
     1
102
RTVSPropertyOp1
 70
     1
102
RTVSPropertyOp2
 70
     1
102
RTVSPropertyOp3
 70
     1
102
RTVSPropertyOp4
 70
     1
102
RTVSPropertyOp5
 70
     1
102
RTVSPropertyOp6
 70
     1
102
RTVSPropertyOp7
 70
     1
102
RTVSPropertyOp8
 70
     1
102
RTVSPropertyOp9
 70
     1
102
RTVSPropertyOp10
 70
     1
102
RTVSPropertyOp11
 70
     1
102
RTVSPropertyOp12
 70
     1
102
RTVSPropertyOp13
 70
     1
102
RTVSPropertyOp14
 70
     1
102
RTVSPropertyOp15
 70
     1
102
RTVSPropertyOp16
 70
     1
102
RTVSPropertyOp17
 70
     1
102
RTVSPropertyOp18
 70
     1
102
RTVSPropertyOp19
 70
     1
102
RTVSPropertyOp20
 70
     1
102
RTVSPropertyOp21
 70
     1
102
RTVSPropertyOp22
 70
     1
102
RTVSPropertyOp23
 70
     1
102
RTVSPropertyOp24
 70
     1
102
RTVSPropertyOp25
 70
     1
102
RTVSPropertyOp26
 70
     1
102
RTVSPropertyOp27
 70
     1
102
RTVSPropertyOp28
 70
     1
102
RTVSPropertyOp29
 70
     1
102
RTVSPropertyOp30
 70
     1
102
RTVSPropertyOp31
 70
     1
102
RTVSPropertyOp32
 70
     1
102
RTVSPropertyOp33
 70
     1
102
RTVSPropertyOp34
 70
     1
102
RTVSPropertyOp35
 70
     1
102
RTVSPropertyOp36
 70
     1
102
RTVSPropertyOp37
 70
     1
102
RTVSPropertyOp38
 70
     1
102
RTVSPropertyOp39
 70
     1
102
RTVSPropertyOp40
 70
     1
102
RTVSPropertyOp41
 70
     1
102
RTVSPropertyOp42
 70
     1
102
RTVSPropertyOp43
 70
     1
102
RTVSPropertyOp44
 70
     1
102
RTVSPropertyOp45
 70
     1
102
RTVSPropertyOp46
 70
     1
102
RTVSPropertyOp47
 70
     1
102
RTVSPropertyOp48
 70
     1
102
RTVSPropertyOp49
 70
     1
102
RTVSPropertyOp50
 70
     1
102
RTVSPropertyOp51
 70
     0
102
RTVSPropertyOp52
 70
     0
102
RTVSPropertyOp53
 70
     1
102
RTVSPropertyOp54
 70
     1
102
RTVSPropertyOp55
 70
     1
102
RTVSPropertyOp56
 70
     1
102
RTVSPropertyOp57
 70
     1
102
RTVSPost2010Prop28
280
     0
102
RTVSPost2010PropOp28
 70
     1
102
RTVSPost2010Prop29
280
     1
102
RTVSPost2010PropOp29
 70
     1
102
RTVSPost2010Prop30
280
     1
102
RTVSPost2010PropOp30
 70
     1
102
RTVSPost2010Prop31
280
     0
102
RTVSPost2010PropOp31
 70
     1
102
RTVSPost2010Prop32
280
     0
102
RTVSPost2010PropOp32
 70
     1
102
RTVSPost2010Prop33
280
     0
102
RTVSPost2010PropOp33
 70
     1
102
RTVSPost2010Prop34
280
     0
102
RTVSPost2010PropOp34
 70
     1
102
RTVSPost2010Prop35
280
     0
102
RTVSPost2010PropOp35
 70
     1
102
RTVSPost2010Prop36
280
     0
102
RTVSPost2010PropOp36
 70
     1
102
RTVSPost2010Prop37
 90
       50
102
RTVSPost2010PropOp37
 70
     1
102
RTVSPost2010Prop38
140
0.0
102
RTVSPost2010PropOp38
 70
     1
102
RTVSPost2010Prop39
140
1.0
102
RTVSPost2010PropOp39
 70
     1
102
RTVSPost2010Prop40
 90
        0
102
RTVSPost2010PropOp40
 70
     1
102
RTVSPost2010Prop41ColorIndex
 90
       18
102
RTVSPost2010Prop41ColorRGB
 90
        0
102
RTVSPost2010PropOp41
 70
     1
102
RTVSPost2010Prop42
 90
       50
102
RTVSPost2010PropOp42
 70
     1
102
RTVSPost2010Prop43
 90
        3
102
RTVSPost2010PropOp43
 70
     1
102
RTVSPost2010Prop44ColorIndex
 90
        5
102
RTVSPost2010Prop44ColorRGB
 90
      255
102
RTVSPost2010PropOp44
 70
     1
102
RTVSPost2010Prop45
280
     0
102
RTVSPost2010PropOp45
 70
     1
102
RTVSPost2010Prop46
 90
       50
102
RTVSPost2010PropOp46
 70
     1
102
RTVSPost2010Prop47
 90
       50
102
RTVSPost2010PropOp47
 70
     1
102
RTVSPost2010Prop48
 90
       50
102
RTVSPost2010PropOp48
 70
     1
102
RTVSPost2010Prop49
280
     0
102
RTVSPost2010PropOp49
 70
     1
102
RTVSPost2010Prop50
 90
       50
102
RTVSPost2010PropOp50
 70
     1
102
RTVSPost2010Prop51ColorIndex
 90
      256
102
RTVSPost2010Prop51ColorRGB
 90
-16777216
102
RTVSPost2010PropOp51
 70
     0
102
RTVSPost2010Prop52
140
1.0
102
RTVSPost2010PropOp52
 70
     0
102
RTVSPost2010Prop53
 90
        2
102
RTVSPost2010PropOp53
 70
     1
102
RTVSPost2010Prop54
  1
strokes_ogs.tif
102
RTVSPost2010PropOp54
 70
     1
102
RTVSPost2010Prop55
280
     0
102
RTVSPost2010PropOp55
 70
     1
102
RTVSPost2010Prop56
140
1.0
102
RTVSPost2010PropOp56
 70
     1
102
RTVSPost2010Prop57
140
1.0
102
RTVSPost2010PropOp57
 70
     1
  0
XRECORD
  5
17D
102
{ACAD_REACTORS
330
17C
102
}
330
17C
100
AcDbXrecord
280
     1
102
RTVSPropertyOp0
 70
     1
102
RTVSPropertyOp1
 70
     1
102
RTVSPropertyOp2
 70
     1
102
RTVSPropertyOp3
 70
     1
102
RTVSPropertyOp4
 70
     1
102
RTVSPropertyOp5
 70
     1
102
RTVSPropertyOp6
 70
     1
102
RTVSPropertyOp7
 70
     1
102
RTVSPropertyOp8
 70
     1
102
RTVSPropertyOp9
 70
     1
102
RTVSPropertyOp10
 70
     1
102
RTVSPropertyOp11
 70
     1
102
RTVSPropertyOp12
 70
     1
102
RTVSPropertyOp13
 70
     1
102
RTVSPropertyOp14
 70
     1
102
RTVSPropertyOp15
 70
     1
102
RTVSPropertyOp16
 70
     1
102
RTVSPropertyOp17
 70
     1
102
RTVSPropertyOp18
 70
     1
102
RTVSPropertyOp19
 70
     1
102
RTVSPropertyOp20
 70
     1
102
RTVSPropertyOp21
 70
     1
102
RTVSPropertyOp22
 70
     1
102
RTVSPropertyOp23
 70
     1
102
RTVSPropertyOp24
 70
     1
102
RTVSPropertyOp25
 70
     1
102
RTVSPropertyOp26
 70
     1
102
RTVSPropertyOp27
 70
     1
102
RTVSPropertyOp28
 70
     1
102
RTVSPropertyOp29
 70
     1
102
RTVSPropertyOp30
 70
     1
102
RTVSPropertyOp31
 70
     1
102
RTVSPropertyOp32
 70
     1
102
RTVSPropertyOp33
 70
     1
102
RTVSPropertyOp34
 70
     1
102
RTVSPropertyOp35
 70
     1
102
RTVSPropertyOp36
 70
     1
102
RTVSPropertyOp37
 70
     1
102
RTVSPropertyOp38
 70
     1
102
RTVSPropertyOp39
 70
     1
102
RTVSPropertyOp40
 70
     1
102
RTVSPropertyOp41
 70
     1
102
RTVSPropertyOp42
 70
     1
102
RTVSPropertyOp43
 70
     1
102
RTVSPropertyOp44
 70
     1
102
RTVSPropertyOp45
 70
     1
102
RTVSPropertyOp46
 70
     1
102
RTVSPropertyOp47
 70
     1
102
RTVSPropertyOp48
 70
     1
102
RTVSPropertyOp49
 70
     1
102
RTVSPropertyOp50
 70
     1
102
RTVSPropertyOp51
 70
     0
102
RTVSPropertyOp52
 70
     0
102
RTVSPropertyOp53
 70
     1
102
RTVSPropertyOp54
 70
     1
102
RTVSPropertyOp55
 70
     1
102
RTVSPropertyOp56
 70
     1
102
RTVSPropertyOp57
 70
     1
102
RTVSPost2010Prop28
280
     0
102
RTVSPost2010PropOp28
 70
     1
102
RTVSPost2010Prop29
280
     1
102
RTVSPost2010PropOp29
 70
     1
102
RTVSPost2010Prop30
280
     1
102
RTVSPost2010PropOp30
 70
     1
102
RTVSPost2010Prop31
280
     0
102
RTVSPost2010PropOp31
 70
     1
102
RTVSPost2010Prop32
280
     0
102
RTVSPost2010PropOp32
 70
     1
102
RTVSPost2010Prop33
280
     0
102
RTVSPost2010PropOp33
 70
     1
102
RTVSPost2010Prop34
280
     0
102
RTVSPost2010PropOp34
 70
     1
102
RTVSPost2010Prop35
280
     0
102
RTVSPost2010PropOp35
 70
     1
102
RTVSPost2010Prop36
280
     0
102
RTVSPost2010PropOp36
 70
     1
102
RTVSPost2010Prop37
 90
       50
102
RTVSPost2010PropOp37
 70
     1
102
RTVSPost2010Prop38
140
0.0
102
RTVSPost2010PropOp38
 70
     1
102
RTVSPost2010Prop39
140
1.0
102
RTVSPost2010PropOp39
 70
     1
102
RTVSPost2010Prop40
 90
        0
102
RTVSPost2010PropOp40
 70
     1
102
RTVSPost2010Prop41ColorIndex
 90
       18
102
RTVSPost2010Prop41ColorRGB
 90
        0
102
RTVSPost2010PropOp41
 70
     1
102
RTVSPost2010Prop42
 90
       50
102
RTVSPost2010PropOp42
 70
     1
102
RTVSPost2010Prop43
 90
        3
102
RTVSPost2010PropOp43
 70
     1
102
RTVSPost2010Prop44ColorIndex
 90
        5
102
RTVSPost2010Prop44ColorRGB
 90
      255
102
RTVSPost2010PropOp44
 70
     1
102
RTVSPost2010Prop45
280
     0
102
RTVSPost2010PropOp45
 70
     1
102
RTVSPost2010Prop46
 90
       50
102
RTVSPost2010PropOp46
 70
     1
102
RTVSPost2010Prop47
 90
       50
102
RTVSPost2010PropOp47
 70
     1
102
RTVSPost2010Prop48
 90
       50
102
RTVSPost2010PropOp48
 70
     1
102
RTVSPost2010Prop49
280
     0
102
RTVSPost2010PropOp49
 70
     1
102
RTVSPost2010Prop50
 90
       50
102
RTVSPost2010PropOp50
 70
     1
102
RTVSPost2010Prop51ColorIndex
 90
      256
102
RTVSPost2010Prop51ColorRGB
 90
-16777216
102
RTVSPost2010PropOp51
 70
     0
102
RTVSPost2010Prop52
140
1.0
102
RTVSPost2010PropOp52
 70
     0
102
RTVSPost2010Prop53
 90
        2
102
RTVSPost2010PropOp53
 70
     1
102
RTVSPost2010Prop54
  1
strokes_ogs.tif
102
RTVSPost2010PropOp54
 70
     1
102
RTVSPost2010Prop55
280
     0
102
RTVSPost2010PropOp55
 70
     1
102
RTVSPost2010Prop56
140
1.0
102
RTVSPost2010PropOp56
 70
     1
102
RTVSPost2010Prop57
140
1.0
102
RTVSPost2010PropOp57
 70
     1
  0
XRECORD
  5
177
102
{ACAD_REACTORS
330
176
102
}
330
176
100
AcDbXrecord
280
     1
102
RTVSPropertyOp0
 70
     1
102
RTVSPropertyOp1
 70
     1
102
RTVSPropertyOp2
 70
     1
102
RTVSPropertyOp3
 70
     1
102
RTVSPropertyOp4
 70
     1
102
RTVSPropertyOp5
 70
     1
102
RTVSPropertyOp6
 70
     1
102
RTVSPropertyOp7
 70
     1
102
RTVSPropertyOp8
 70
     1
102
RTVSPropertyOp9
 70
     1
102
RTVSPropertyOp10
 70
     1
102
RTVSPropertyOp11
 70
     1
102
RTVSPropertyOp12
 70
     1
102
RTVSPropertyOp13
 70
     1
102
RTVSPropertyOp14
 70
     1
102
RTVSPropertyOp15
 70
     1
102
RTVSPropertyOp16
 70
     1
102
RTVSPropertyOp17
 70
     1
102
RTVSPropertyOp18
 70
     1
102
RTVSPropertyOp19
 70
     1
102
RTVSPropertyOp20
 70
     1
102
RTVSPropertyOp21
 70
     1
102
RTVSPropertyOp22
 70
     1
102
RTVSPropertyOp23
 70
     1
102
RTVSPropertyOp24
 70
     1
102
RTVSPropertyOp25
 70
     1
102
RTVSPropertyOp26
 70
     1
102
RTVSPropertyOp27
 70
     1
102
RTVSPropertyOp28
 70
     1
102
RTVSPropertyOp29
 70
     1
102
RTVSPropertyOp30
 70
     1
102
RTVSPropertyOp31
 70
     1
102
RTVSPropertyOp32
 70
     1
102
RTVSPropertyOp33
 70
     1
102
RTVSPropertyOp34
 70
     1
102
RTVSPropertyOp35
 70
     1
102
RTVSPropertyOp36
 70
     1
102
RTVSPropertyOp37
 70
     1
102
RTVSPropertyOp38
 70
     1
102
RTVSPropertyOp39
 70
     1
102
RTVSPropertyOp40
 70
     1
102
RTVSPropertyOp41
 70
     1
102
RTVSPropertyOp42
 70
     1
102
RTVSPropertyOp43
 70
     1
102
RTVSPropertyOp44
 70
     1
102
RTVSPropertyOp45
 70
     1
102
RTVSPropertyOp46
 70
     1
102
RTVSPropertyOp47
 70
     1
102
RTVSPropertyOp48
 70
     1
102
RTVSPropertyOp49
 70
     1
102
RTVSPropertyOp50
 70
     1
102
RTVSPropertyOp51
 70
     0
102
RTVSPropertyOp52
 70
     0
102
RTVSPropertyOp53
 70
     1
102
RTVSPropertyOp54
 70
     1
102
RTVSPropertyOp55
 70
     1
102
RTVSPropertyOp56
 70
     1
102
RTVSPropertyOp57
 70
     1
102
RTVSPost2010Prop28
280
     0
102
RTVSPost2010PropOp28
 70
     1
102
RTVSPost2010Prop29
280
     1
102
RTVSPost2010PropOp29
 70
     1
102
RTVSPost2010Prop30
280
     1
102
RTVSPost2010PropOp30
 70
     1
102
RTVSPost2010Prop31
280
     0
102
RTVSPost2010PropOp31
 70
     1
102
RTVSPost2010Prop32
280
     0
102
RTVSPost2010PropOp32
 70
     1
102
RTVSPost2010Prop33
280
     0
102
RTVSPost2010PropOp33
 70
     1
102
RTVSPost2010Prop34
280
     0
102
RTVSPost2010PropOp34
 70
     1
102
RTVSPost2010Prop35
280
     0
102
RTVSPost2010PropOp35
 70
     1
102
RTVSPost2010Prop36
280
     0
102
RTVSPost2010PropOp36
 70
     1
102
RTVSPost2010Prop37
 90
       50
102
RTVSPost2010PropOp37
 70
     1
102
RTVSPost2010Prop38
140
0.0
102
RTVSPost2010PropOp38
 70
     1
102
RTVSPost2010Prop39
140
1.0
102
RTVSPost2010PropOp39
 70
     1
102
RTVSPost2010Prop40
 90
        0
102
RTVSPost2010PropOp40
 70
     1
102
RTVSPost2010Prop41ColorIndex
 90
       18
102
RTVSPost2010Prop41ColorRGB
 90
        0
102
RTVSPost2010PropOp41
 70
     1
102
RTVSPost2010Prop42
 90
       50
102
RTVSPost2010PropOp42
 70
     1
102
RTVSPost2010Prop43
 90
        3
102
RTVSPost2010PropOp43
 70
     1
102
RTVSPost2010Prop44ColorIndex
 90
        5
102
RTVSPost2010Prop44ColorRGB
 90
      255
102
RTVSPost2010PropOp44
 70
     1
102
RTVSPost2010Prop45
280
     0
102
RTVSPost2010PropOp45
 70
     1
102
RTVSPost2010Prop46
 90
       50
102
RTVSPost2010PropOp46
 70
     1
102
RTVSPost2010Prop47
 90
       50
102
RTVSPost2010PropOp47
 70
     1
102
RTVSPost2010Prop48
 90
       50
102
RTVSPost2010PropOp48
 70
     1
102
RTVSPost2010Prop49
280
     0
102
RTVSPost2010PropOp49
 70
     1
102
RTVSPost2010Prop50
 90
       50
102
RTVSPost2010PropOp50
 70
     1
102
RTVSPost2010Prop51ColorIndex
 90
      256
102
RTVSPost2010Prop51ColorRGB
 90
-16777216
102
RTVSPost2010PropOp51
 70
     0
102
RTVSPost2010Prop52
140
1.0
102
RTVSPost2010PropOp52
 70
     0
102
RTVSPost2010Prop53
 90
        2
102
RTVSPost2010PropOp53
 70
     1
102
RTVSPost2010Prop54
  1
strokes_ogs.tif
102
RTVSPost2010PropOp54
 70
     1
102
RTVSPost2010Prop55
280
     0
102
RTVSPost2010PropOp55
 70
     1
102
RTVSPost2010Prop56
140
1.0
102
RTVSPost2010PropOp56
 70
     1
102
RTVSPost2010Prop57
140
1.0
102
RTVSPost2010PropOp57
 70
     1
  0
XRECORD
  5
179
102
{ACAD_REACTORS
330
178
102
}
330
178
100
AcDbXrecord
280
     1
102
RTVSPropertyOp0
 70
     1
102
RTVSPropertyOp1
 70
     1
102
RTVSPropertyOp2
 70
     1
102
RTVSPropertyOp3
 70
     1
102
RTVSPropertyOp4
 70
     1
102
RTVSPropertyOp5
 70
     1
102
RTVSPropertyOp6
 70
     1
102
RTVSPropertyOp7
 70
     1
102
RTVSPropertyOp8
 70
     1
102
RTVSPropertyOp9
 70
     1
102
RTVSPropertyOp10
 70
     1
102
RTVSPropertyOp11
 70
     1
102
RTVSPropertyOp12
 70
     1
102
RTVSPropertyOp13
 70
     1
102
RTVSPropertyOp14
 70
     1
102
RTVSPropertyOp15
 70
     1
102
RTVSPropertyOp16
 70
     1
102
RTVSPropertyOp17
 70
     1
102
RTVSPropertyOp18
 70
     1
102
RTVSPropertyOp19
 70
     1
102
RTVSPropertyOp20
 70
     1
102
RTVSPropertyOp21
 70
     1
102
RTVSPropertyOp22
 70
     1
102
RTVSPropertyOp23
 70
     1
102
RTVSPropertyOp24
 70
     1
102
RTVSPropertyOp25
 70
     1
102
RTVSPropertyOp26
 70
     1
102
RTVSPropertyOp27
 70
     1
102
RTVSPropertyOp28
 70
     1
102
RTVSPropertyOp29
 70
     1
102
RTVSPropertyOp30
 70
     1
102
RTVSPropertyOp31
 70
     1
102
RTVSPropertyOp32
 70
     1
102
RTVSPropertyOp33
 70
     1
102
RTVSPropertyOp34
 70
     1
102
RTVSPropertyOp35
 70
     1
102
RTVSPropertyOp36
 70
     1
102
RTVSPropertyOp37
 70
     1
102
RTVSPropertyOp38
 70
     1
102
RTVSPropertyOp39
 70
     1
102
RTVSPropertyOp40
 70
     1
102
RTVSPropertyOp41
 70
     1
102
RTVSPropertyOp42
 70
     1
102
RTVSPropertyOp43
 70
     1
102
RTVSPropertyOp44
 70
     1
102
RTVSPropertyOp45
 70
     1
102
RTVSPropertyOp46
 70
     1
102
RTVSPropertyOp47
 70
     1
102
RTVSPropertyOp48
 70
     1
102
RTVSPropertyOp49
 70
     1
102
RTVSPropertyOp50
 70
     1
102
RTVSPropertyOp51
 70
     0
102
RTVSPropertyOp52
 70
     0
102
RTVSPropertyOp53
 70
     1
102
RTVSPropertyOp54
 70
     1
102
RTVSPropertyOp55
 70
     1
102
RTVSPropertyOp56
 70
     1
102
RTVSPropertyOp57
 70
     1
102
RTVSPost2010Prop28
280
     0
102
RTVSPost2010PropOp28
 70
     1
102
RTVSPost2010Prop29
280
     1
102
RTVSPost2010PropOp29
 70
     1
102
RTVSPost2010Prop30
280
     1
102
RTVSPost2010PropOp30
 70
     1
102
RTVSPost2010Prop31
280
     0
102
RTVSPost2010PropOp31
 70
     1
102
RTVSPost2010Prop32
280
     0
102
RTVSPost2010PropOp32
 70
     1
102
RTVSPost2010Prop33
280
     0
102
RTVSPost2010PropOp33
 70
     1
102
RTVSPost2010Prop34
280
     0
102
RTVSPost2010PropOp34
 70
     1
102
RTVSPost2010Prop35
280
     0
102
RTVSPost2010PropOp35
 70
     1
102
RTVSPost2010Prop36
280
     0
102
RTVSPost2010PropOp36
 70
     1
102
RTVSPost2010Prop37
 90
       50
102
RTVSPost2010PropOp37
 70
     1
102
RTVSPost2010Prop38
140
0.0
102
RTVSPost2010PropOp38
 70
     1
102
RTVSPost2010Prop39
140
1.0
102
RTVSPost2010PropOp39
 70
     1
102
RTVSPost2010Prop40
 90
        0
102
RTVSPost2010PropOp40
 70
     1
102
RTVSPost2010Prop41ColorIndex
 90
       18
102
RTVSPost2010Prop41ColorRGB
 90
        0
102
RTVSPost2010PropOp41
 70
     1
102
RTVSPost2010Prop42
 90
       50
102
RTVSPost2010PropOp42
 70
     1
102
RTVSPost2010Prop43
 90
        3
102
RTVSPost2010PropOp43
 70
     1
102
RTVSPost2010Prop44ColorIndex
 90
        5
102
RTVSPost2010Prop44ColorRGB
 90
      255
102
RTVSPost2010PropOp44
 70
     1
102
RTVSPost2010Prop45
280
     0
102
RTVSPost2010PropOp45
 70
     1
102
RTVSPost2010Prop46
 90
       50
102
RTVSPost2010PropOp46
 70
     1
102
RTVSPost2010Prop47
 90
       50
102
RTVSPost2010PropOp47
 70
     1
102
RTVSPost2010Prop48
 90
       50
102
RTVSPost2010PropOp48
 70
     1
102
RTVSPost2010Prop49
280
     0
102
RTVSPost2010PropOp49
 70
     1
102
RTVSPost2010Prop50
 90
       50
102
RTVSPost2010PropOp50
 70
     1
102
RTVSPost2010Prop51ColorIndex
 90
      256
102
RTVSPost2010Prop51ColorRGB
 90
-16777216
102
RTVSPost2010PropOp51
 70
     0
102
RTVSPost2010Prop52
140
1.0
102
RTVSPost2010PropOp52
 70
     0
102
RTVSPost2010Prop53
 90
        2
102
RTVSPost2010PropOp53
 70
     1
102
RTVSPost2010Prop54
  1
strokes_ogs.tif
102
RTVSPost2010PropOp54
 70
     1
102
RTVSPost2010Prop55
280
     0
102
RTVSPost2010PropOp55
 70
     1
102
RTVSPost2010Prop56
140
1.0
102
RTVSPost2010PropOp56
 70
     1
102
RTVSPost2010Prop57
140
1.0
102
RTVSPost2010PropOp57
 70
     1
  0
XRECORD
  5
169
102
{ACAD_REACTORS
330
168
102
}
330
168
100
AcDbXrecord
280
     1
102
RTVSPropertyOp0
 70
     1
102
RTVSPropertyOp1
 70
     1
102
RTVSPropertyOp2
 70
     1
102
RTVSPropertyOp3
 70
     1
102
RTVSPropertyOp4
 70
     1
102
RTVSPropertyOp5
 70
     1
102
RTVSPropertyOp6
 70
     1
102
RTVSPropertyOp7
 70
     1
102
RTVSPropertyOp8
 70
     1
102
RTVSPropertyOp9
 70
     1
102
RTVSPropertyOp10
 70
     1
102
RTVSPropertyOp11
 70
     1
102
RTVSPropertyOp12
 70
     1
102
RTVSPropertyOp13
 70
     1
102
RTVSPropertyOp14
 70
     1
102
RTVSPropertyOp15
 70
     1
102
RTVSPropertyOp16
 70
     1
102
RTVSPropertyOp17
 70
     1
102
RTVSPropertyOp18
 70
     1
102
RTVSPropertyOp19
 70
     1
102
RTVSPropertyOp20
 70
     1
102
RTVSPropertyOp21
 70
     1
102
RTVSPropertyOp22
 70
     1
102
RTVSPropertyOp23
 70
     1
102
RTVSPropertyOp24
 70
     1
102
RTVSPropertyOp25
 70
     1
102
RTVSPropertyOp26
 70
     1
102
RTVSPropertyOp27
 70
     1
102
RTVSPropertyOp28
 70
     1
102
RTVSPropertyOp29
 70
     1
102
RTVSPropertyOp30
 70
     1
102
RTVSPropertyOp31
 70
     1
102
RTVSPropertyOp32
 70
     1
102
RTVSPropertyOp33
 70
     1
102
RTVSPropertyOp34
 70
     1
102
RTVSPropertyOp35
 70
     1
102
RTVSPropertyOp36
 70
     1
102
RTVSPropertyOp37
 70
     1
102
RTVSPropertyOp38
 70
     1
102
RTVSPropertyOp39
 70
     1
102
RTVSPropertyOp40
 70
     1
102
RTVSPropertyOp41
 70
     1
102
RTVSPropertyOp42
 70
     1
102
RTVSPropertyOp43
 70
     1
102
RTVSPropertyOp44
 70
     1
102
RTVSPropertyOp45
 70
     1
102
RTVSPropertyOp46
 70
     1
102
RTVSPropertyOp47
 70
     1
102
RTVSPropertyOp48
 70
     1
102
RTVSPropertyOp49
 70
     1
102
RTVSPropertyOp50
 70
     1
102
RTVSPropertyOp51
 70
     0
102
RTVSPropertyOp52
 70
     0
102
RTVSPropertyOp53
 70
     1
102
RTVSPropertyOp54
 70
     1
102
RTVSPropertyOp55
 70
     1
102
RTVSPropertyOp56
 70
     1
102
RTVSPropertyOp57
 70
     1
102
RTVSPost2010Prop28
280
     0
102
RTVSPost2010PropOp28
 70
     1
102
RTVSPost2010Prop29
280
     1
102
RTVSPost2010PropOp29
 70
     1
102
RTVSPost2010Prop30
280
     1
102
RTVSPost2010PropOp30
 70
     1
102
RTVSPost2010Prop31
280
     0
102
RTVSPost2010PropOp31
 70
     1
102
RTVSPost2010Prop32
280
     0
102
RTVSPost2010PropOp32
 70
     1
102
RTVSPost2010Prop33
280
     0
102
RTVSPost2010PropOp33
 70
     1
102
RTVSPost2010Prop34
280
     0
102
RTVSPost2010PropOp34
 70
     1
102
RTVSPost2010Prop35
280
     0
102
RTVSPost2010PropOp35
 70
     1
102
RTVSPost2010Prop36
280
     0
102
RTVSPost2010PropOp36
 70
     1
102
RTVSPost2010Prop37
 90
       50
102
RTVSPost2010PropOp37
 70
     1
102
RTVSPost2010Prop38
140
0.0
102
RTVSPost2010PropOp38
 70
     1
102
RTVSPost2010Prop39
140
1.0
102
RTVSPost2010PropOp39
 70
     1
102
RTVSPost2010Prop40
 90
        0
102
RTVSPost2010PropOp40
 70
     1
102
RTVSPost2010Prop41ColorIndex
 90
       18
102
RTVSPost2010Prop41ColorRGB
 90
        0
102
RTVSPost2010PropOp41
 70
     1
102
RTVSPost2010Prop42
 90
       50
102
RTVSPost2010PropOp42
 70
     1
102
RTVSPost2010Prop43
 90
        3
102
RTVSPost2010PropOp43
 70
     1
102
RTVSPost2010Prop44ColorIndex
 90
        5
102
RTVSPost2010Prop44ColorRGB
 90
      255
102
RTVSPost2010PropOp44
 70
     1
102
RTVSPost2010Prop45
280
     0
102
RTVSPost2010PropOp45
 70
     1
102
RTVSPost2010Prop46
 90
       50
102
RTVSPost2010PropOp46
 70
     1
102
RTVSPost2010Prop47
 90
       50
102
RTVSPost2010PropOp47
 70
     1
102
RTVSPost2010Prop48
 90
       50
102
RTVSPost2010PropOp48
 70
     1
102
RTVSPost2010Prop49
280
     0
102
RTVSPost2010PropOp49
 70
     1
102
RTVSPost2010Prop50
 90
       50
102
RTVSPost2010PropOp50
 70
     1
102
RTVSPost2010Prop51ColorIndex
 90
      256
102
RTVSPost2010Prop51ColorRGB
 90
-16777216
102
RTVSPost2010PropOp51
 70
     0
102
RTVSPost2010Prop52
140
1.0
102
RTVSPost2010PropOp52
 70
     0
102
RTVSPost2010Prop53
 90
        2
102
RTVSPost2010PropOp53
 70
     1
102
RTVSPost2010Prop54
  1
strokes_ogs.tif
102
RTVSPost2010PropOp54
 70
     1
102
RTVSPost2010Prop55
280
     0
102
RTVSPost2010PropOp55
 70
     1
102
RTVSPost2010Prop56
140
1.0
102
RTVSPost2010PropOp56
 70
     1
102
RTVSPost2010Prop57
140
1.0
102
RTVSPost2010PropOp57
 70
     1
  0
XRECORD
  5
15B
102
{ACAD_REACTORS
330
15A
102
}
330
15A
100
AcDbXrecord
280
     1
102
RTVSPropertyOp0
 70
     1
102
RTVSPropertyOp1
 70
     1
102
RTVSPropertyOp2
 70
     1
102
RTVSPropertyOp3
 70
     1
102
RTVSPropertyOp4
 70
     1
102
RTVSPropertyOp5
 70
     1
102
RTVSPropertyOp6
 70
     1
102
RTVSPropertyOp7
 70
     1
102
RTVSPropertyOp8
 70
     1
102
RTVSPropertyOp9
 70
     1
102
RTVSPropertyOp10
 70
     1
102
RTVSPropertyOp11
 70
     1
102
RTVSPropertyOp12
 70
     1
102
RTVSPropertyOp13
 70
     1
102
RTVSPropertyOp14
 70
     1
102
RTVSPropertyOp15
 70
     1
102
RTVSPropertyOp16
 70
     1
102
RTVSPropertyOp17
 70
     1
102
RTVSPropertyOp18
 70
     1
102
RTVSPropertyOp19
 70
     1
102
RTVSPropertyOp20
 70
     1
102
RTVSPropertyOp21
 70
     1
102
RTVSPropertyOp22
 70
     1
102
RTVSPropertyOp23
 70
     1
102
RTVSPropertyOp24
 70
     1
102
RTVSPropertyOp25
 70
     1
102
RTVSPropertyOp26
 70
     1
102
RTVSPropertyOp27
 70
     1
102
RTVSPropertyOp28
 70
     1
102
RTVSPropertyOp29
 70
     1
102
RTVSPropertyOp30
 70
     1
102
RTVSPropertyOp31
 70
     1
102
RTVSPropertyOp32
 70
     1
102
RTVSPropertyOp33
 70
     1
102
RTVSPropertyOp34
 70
     1
102
RTVSPropertyOp35
 70
     1
102
RTVSPropertyOp36
 70
     1
102
RTVSPropertyOp37
 70
     1
102
RTVSPropertyOp38
 70
     1
102
RTVSPropertyOp39
 70
     1
102
RTVSPropertyOp40
 70
     1
102
RTVSPropertyOp41
 70
     1
102
RTVSPropertyOp42
 70
     1
102
RTVSPropertyOp43
 70
     1
102
RTVSPropertyOp44
 70
     1
102
RTVSPropertyOp45
 70
     1
102
RTVSPropertyOp46
 70
     1
102
RTVSPropertyOp47
 70
     1
102
RTVSPropertyOp48
 70
     1
102
RTVSPropertyOp49
 70
     1
102
RTVSPropertyOp50
 70
     1
102
RTVSPropertyOp51
 70
     0
102
RTVSPropertyOp52
 70
     0
102
RTVSPropertyOp53
 70
     1
102
RTVSPropertyOp54
 70
     1
102
RTVSPropertyOp55
 70
     1
102
RTVSPropertyOp56
 70
     1
102
RTVSPropertyOp57
 70
     1
102
RTVSPost2010Prop28
280
     0
102
RTVSPost2010PropOp28
 70
     1
102
RTVSPost2010Prop29
280
     1
102
RTVSPost2010PropOp29
 70
     1
102
RTVSPost2010Prop30
280
     1
102
RTVSPost2010PropOp30
 70
     1
102
RTVSPost2010Prop31
280
     0
102
RTVSPost2010PropOp31
 70
     1
102
RTVSPost2010Prop32
280
     0
102
RTVSPost2010PropOp32
 70
     1
102
RTVSPost2010Prop33
280
     0
102
RTVSPost2010PropOp33
 70
     1
102
RTVSPost2010Prop34
280
     0
102
RTVSPost2010PropOp34
 70
     1
102
RTVSPost2010Prop35
280
     0
102
RTVSPost2010PropOp35
 70
     1
102
RTVSPost2010Prop36
280
     0
102
RTVSPost2010PropOp36
 70
     1
102
RTVSPost2010Prop37
 90
       50
102
RTVSPost2010PropOp37
 70
     1
102
RTVSPost2010Prop38
140
0.0
102
RTVSPost2010PropOp38
 70
     1
102
RTVSPost2010Prop39
140
1.0
102
RTVSPost2010PropOp39
 70
     1
102
RTVSPost2010Prop40
 90
        0
102
RTVSPost2010PropOp40
 70
     1
102
RTVSPost2010Prop41ColorIndex
 90
       18
102
RTVSPost2010Prop41ColorRGB
 90
        0
102
RTVSPost2010PropOp41
 70
     1
102
RTVSPost2010Prop42
 90
       50
102
RTVSPost2010PropOp42
 70
     1
102
RTVSPost2010Prop43
 90
        3
102
RTVSPost2010PropOp43
 70
     1
102
RTVSPost2010Prop44ColorIndex
 90
        5
102
RTVSPost2010Prop44ColorRGB
 90
      255
102
RTVSPost2010PropOp44
 70
     1
102
RTVSPost2010Prop45
280
     0
102
RTVSPost2010PropOp45
 70
     1
102
RTVSPost2010Prop46
 90
       50
102
RTVSPost2010PropOp46
 70
     1
102
RTVSPost2010Prop47
 90
       50
102
RTVSPost2010PropOp47
 70
     1
102
RTVSPost2010Prop48
 90
       50
102
RTVSPost2010PropOp48
 70
     1
102
RTVSPost2010Prop49
280
     0
102
RTVSPost2010PropOp49
 70
     1
102
RTVSPost2010Prop50
 90
       50
102
RTVSPost2010PropOp50
 70
     1
102
RTVSPost2010Prop51ColorIndex
 90
      256
102
RTVSPost2010Prop51ColorRGB
 90
-16777216
102
RTVSPost2010PropOp51
 70
     0
102
RTVSPost2010Prop52
140
1.0
102
RTVSPost2010PropOp52
 70
     0
102
RTVSPost2010Prop53
 90
        2
102
RTVSPost2010PropOp53
 70
     1
102
RTVSPost2010Prop54
  1
strokes_ogs.tif
102
RTVSPost2010PropOp54
 70
     1
102
RTVSPost2010Prop55
280
     0
102
RTVSPost2010PropOp55
 70
     1
102
RTVSPost2010Prop56
140
1.0
102
RTVSPost2010PropOp56
 70
     1
102
RTVSPost2010Prop57
140
1.0
102
RTVSPost2010PropOp57
 70
     1
  0
XRECORD
  5
17B
102
{ACAD_REACTORS
330
17A
102
}
330
17A
100
AcDbXrecord
280
     1
102
RTVSPropertyOp0
 70
     1
102
RTVSPropertyOp1
 70
     1
102
RTVSPropertyOp2
 70
     1
102
RTVSPropertyOp3
 70
     1
102
RTVSPropertyOp4
 70
     1
102
RTVSPropertyOp5
 70
     1
102
RTVSPropertyOp6
 70
     1
102
RTVSPropertyOp7
 70
     1
102
RTVSPropertyOp8
 70
     1
102
RTVSPropertyOp9
 70
     1
102
RTVSPropertyOp10
 70
     1
102
RTVSPropertyOp11
 70
     1
102
RTVSPropertyOp12
 70
     1
102
RTVSPropertyOp13
 70
     1
102
RTVSPropertyOp14
 70
     1
102
RTVSPropertyOp15
 70
     1
102
RTVSPropertyOp16
 70
     1
102
RTVSPropertyOp17
 70
     1
102
RTVSPropertyOp18
 70
     1
102
RTVSPropertyOp19
 70
     1
102
RTVSPropertyOp20
 70
     1
102
RTVSPropertyOp21
 70
     1
102
RTVSPropertyOp22
 70
     1
102
RTVSPropertyOp23
 70
     1
102
RTVSPropertyOp24
 70
     1
102
RTVSPropertyOp25
 70
     1
102
RTVSPropertyOp26
 70
     1
102
RTVSPropertyOp27
 70
     1
102
RTVSPropertyOp28
 70
     1
102
RTVSPropertyOp29
 70
     1
102
RTVSPropertyOp30
 70
     1
102
RTVSPropertyOp31
 70
     1
102
RTVSPropertyOp32
 70
     1
102
RTVSPropertyOp33
 70
     1
102
RTVSPropertyOp34
 70
     1
102
RTVSPropertyOp35
 70
     1
102
RTVSPropertyOp36
 70
     1
102
RTVSPropertyOp37
 70
     1
102
RTVSPropertyOp38
 70
     1
102
RTVSPropertyOp39
 70
     1
102
RTVSPropertyOp40
 70
     1
102
RTVSPropertyOp41
 70
     1
102
RTVSPropertyOp42
 70
     1
102
RTVSPropertyOp43
 70
     1
102
RTVSPropertyOp44
 70
     1
102
RTVSPropertyOp45
 70
     1
102
RTVSPropertyOp46
 70
     1
102
RTVSPropertyOp47
 70
     1
102
RTVSPropertyOp48
 70
     1
102
RTVSPropertyOp49
 70
     1
102
RTVSPropertyOp50
 70
     1
102
RTVSPropertyOp51
 70
     0
102
RTVSPropertyOp52
 70
     0
102
RTVSPropertyOp53
 70
     1
102
RTVSPropertyOp54
 70
     1
102
RTVSPropertyOp55
 70
     1
102
RTVSPropertyOp56
 70
     1
102
RTVSPropertyOp57
 70
     1
102
RTVSPost2010Prop28
280
     0
102
RTVSPost2010PropOp28
 70
     1
102
RTVSPost2010Prop29
280
     1
102
RTVSPost2010PropOp29
 70
     1
102
RTVSPost2010Prop30
280
     1
102
RTVSPost2010PropOp30
 70
     1
102
RTVSPost2010Prop31
280
     0
102
RTVSPost2010PropOp31
 70
     1
102
RTVSPost2010Prop32
280
     0
102
RTVSPost2010PropOp32
 70
     1
102
RTVSPost2010Prop33
280
     0
102
RTVSPost2010PropOp33
 70
     1
102
RTVSPost2010Prop34
280
     0
102
RTVSPost2010PropOp34
 70
     1
102
RTVSPost2010Prop35
280
     0
102
RTVSPost2010PropOp35
 70
     1
102
RTVSPost2010Prop36
280
     0
102
RTVSPost2010PropOp36
 70
     1
102
RTVSPost2010Prop37
 90
       50
102
RTVSPost2010PropOp37
 70
     1
102
RTVSPost2010Prop38
140
0.0
102
RTVSPost2010PropOp38
 70
     1
102
RTVSPost2010Prop39
140
1.0
102
RTVSPost2010PropOp39
 70
     1
102
RTVSPost2010Prop40
 90
        0
102
RTVSPost2010PropOp40
 70
     1
102
RTVSPost2010Prop41ColorIndex
 90
       18
102
RTVSPost2010Prop41ColorRGB
 90
        0
102
RTVSPost2010PropOp41
 70
     1
102
RTVSPost2010Prop42
 90
       50
102
RTVSPost2010PropOp42
 70
     1
102
RTVSPost2010Prop43
 90
        3
102
RTVSPost2010PropOp43
 70
     1
102
RTVSPost2010Prop44ColorIndex
 90
        5
102
RTVSPost2010Prop44ColorRGB
 90
      255
102
RTVSPost2010PropOp44
 70
     1
102
RTVSPost2010Prop45
280
     0
102
RTVSPost2010PropOp45
 70
     1
102
RTVSPost2010Prop46
 90
       50
102
RTVSPost2010PropOp46
 70
     1
102
RTVSPost2010Prop47
 90
       50
102
RTVSPost2010PropOp47
 70
     1
102
RTVSPost2010Prop48
 90
       50
102
RTVSPost2010PropOp48
 70
     1
102
RTVSPost2010Prop49
280
     0
102
RTVSPost2010PropOp49
 70
     1
102
RTVSPost2010Prop50
 90
       50
102
RTVSPost2010PropOp50
 70
     1
102
RTVSPost2010Prop51ColorIndex
 90
      256
102
RTVSPost2010Prop51ColorRGB
 90
-16777216
102
RTVSPost2010PropOp51
 70
     0
102
RTVSPost2010Prop52
140
1.0
102
RTVSPost2010PropOp52
 70
     0
102
RTVSPost2010Prop53
 90
        2
102
RTVSPost2010PropOp53
 70
     1
102
RTVSPost2010Prop54
  1
strokes_ogs.tif
102
RTVSPost2010PropOp54
 70
     1
102
RTVSPost2010Prop55
280
     0
102
RTVSPost2010PropOp55
 70
     1
102
RTVSPost2010Prop56
140
1.0
102
RTVSPost2010PropOp56
 70
     1
102
RTVSPost2010Prop57
140
1.0
102
RTVSPost2010PropOp57
 70
     1
  0
ENDSEC
  0
EOF
